,Unnamed: 0,publish_date,content,recommendation,hours,player_level,owned_games,clean_content,category,sentiment
0,0,2026-02-28,还行，看里昂一路杀过来确实爽。,推荐,13.2,29,188,还行 看里昂一路杀过来确实爽,情怀,正面
1,1,2026-02-28,里昂男神重返浣熊市，支持支持还是tm的支持,推荐,10.9,7,166,里昂男神重返浣熊市 支持支持还是tm的支持,情怀,正面
2,2,2026-02-28,"作为重置系列全白金的小资历，发表一下个人对这一作的拙见，仅供参考
首先里昂格蕾丝双线剧情，来回切，跟RE3重置一样，没有多周目。两个主角玩法巨大的差异是本作的核心亮点，格蕾丝线的玩法非常像重置2，潜行，探索，解密，躲避可怕的大怪物追击。资源有限，要合理分配，运用策略破局通关；而里昂线基本上照抄重置4，多种武器可以选择，升级改装，从头到尾一直战斗爽，基本上没有解密，初见玩下来感觉敌人的数量多得甚至有些离谱，枪都开不过来的感觉。难崩的是两个主角的背包系统都不一样，格蕾丝是重置23的格子危机，里昂是重置4同款的手提箱。比较大的遗憾就是没有多周目，但是通关一次之后再开里昂线可以直接改装武器，这点还是考虑得很周到的。虽然说双线剧情很像RE3，但好在不像RE3那样走两步路就进一个过场动画，既没有生存恐怖，动作元素做得也不周到。RE9这样的设计虽然有一些割裂，这边格蕾丝还在狗狗祟祟潜行解密，镜头一切换里昂纯在蘸豆爽，但是两个主角的路线设计得都不错，格蕾丝线生存恐怖氛围很强，音乐场景烘托很到位，是很有沉浸感的；里昂的动作戏也确实拉满了，感觉战斗密度强度都不比RE4差。作为生化危机正作，剧本感觉写得确实一般，一如既往的有些牵强，俗套，动作戏太夸张，但是也能让人接受，起码我这个十来年的生化迷而言是可以给到及格以上，不至于差评。原价预购豪华版对我这种揭不开锅的人来说已经是大出血了，但是我通宵玩通关下来感觉确实值得，并且最高难度的路线打法思路等等是有待开发的，可玩性肯定不低，接触系列比较浅薄的新生化粉可以再观望观望，考虑考虑，如果是老粉，我认为基本上是值得拿下品鉴一下的，如果要等打折，不知道要多久之后了。",推荐,21.9,10,169,作为重置系列全白金的小资历 发表一下个人对这一作的拙见 仅供参考 首先里昂格蕾丝双线剧情 来回切 跟RE3重置一样 没有多周目 两个主角玩法巨大的差异是本作的核心亮点 格蕾丝线的玩法非常像重置2 潜行 探索 解密 躲避可怕的大怪物追击 资源有限 要合理分配 运用策略破局通关 而里昂线基本上照抄重置4 多种武器可以选择 升级改装 从头到尾一直战斗爽 基本上没有解密 初见玩下来感觉敌人的数量多得甚至有些离谱 枪都开不过来的感觉 难崩的是两个主角的背包系统都不一样 格蕾丝是重置23的格子危机 里昂是重置4同款的手提箱 比较大的遗憾就是没有多周目 但是通关一次之后再开里昂线可以直接改装武器 这点还是考虑得很周到的 虽然说双线剧情很像RE3 但好在不像RE3那样走两步路就进一个过场动画 既没有生存恐怖 动作元素做得也不周到 RE9这样的设计虽然有一些割裂 这边格蕾丝还在狗狗祟祟潜行解密 镜头一切换里昂纯在蘸豆爽 但是两个主角的路线设计得都不错 格蕾丝线生存恐怖氛围很强 音乐场景烘托很到位 是很有沉浸感的 里昂的动作戏也确实拉满了 感觉战斗密度强度都不比RE4差 作为生化危机正作 剧本感觉写得确实一般 一如既往的有些牵强 俗套 动作戏太夸张 但是也能让人接受 起码我这个十来年的生化迷而言是可以给到及格以上 不至于差评 原价预购豪华版对我这种揭不开锅的人来说已经是大出血了 但是我通宵玩通关下来感觉确实值得 并且最高难度的路线打法思路等等是有待开发的 可玩性肯定不低 接触系列比较浅薄的新生化粉可以再观望观望 考虑考虑 如果是老粉 我认为基本上是值得拿下品鉴一下的 如果要等打折 不知道要多久之后了,玩法,正面
3,3,2026-02-28,十个小时丢档三次，OK，我真的只能差评，重新打三次幸好中途有一点退出的地方，不然我玩毛线,不推荐,15.0,21,180,十个小时丢档三次 OK 我真的只能差评 重新打三次幸好中途有一点退出的地方 不然我玩毛线,优化,负面
4,4,2026-02-28,不如影之刃·············零,推荐,2.7,12,71,不如影之刃 零,其他,正面
5,5,2026-02-28,梦回浣熊，一切犹如昨天。。。,推荐,15.0,39,148,梦回浣熊 一切犹如昨天,情怀,正面
6,6,2026-02-28,双主角玩法惊艳，恐怖与动作平衡绝佳，画面沉浸感拉满，剧情紧凑扣人心弦，系列巅峰之作不容错过。,推荐,10.4,33,192,双主角玩法惊艳 恐怖与动作平衡绝佳 画面沉浸感拉满 剧情紧凑扣人心弦 系列巅峰之作不容错过,玩法,正面
7,7,2026-02-28,集合了所有生化危机系列优点，制作用心。优化爆炸无敌好，超级赞,推荐,12.4,14,23,集合了所有生化危机系列优点 制作用心 优化爆炸无敌好 超级赞,优化,正面
8,8,2026-02-28,作为系列粉丝，生化危机9完全可以说是集大成之作，很多设计让人会心一笑，格蕾丝的塑造也不错，剧情上毛病不大，看的出卡表决心要开辟新RE世界观了。玩法上结合战斗和求生相结合，在格蕾丝篇可以体验到远超生化7的恐怖，但其中还穿插着些许里昂的篇章以至于不那么恐怖。很多场景战斗很巧妙，设计的很好即时策略性比生化危机4强得多，唯一吐槽的点就是boss设计一般，吃老本严重了。,推荐,15.0,23,132,作为系列粉丝 生化危机9完全可以说是集大成之作 很多设计让人会心一笑 格蕾丝的塑造也不错 剧情上毛病不大 看的出卡表决心要开辟新RE世界观了 玩法上结合战斗和求生相结合 在格蕾丝篇可以体验到远超生化7的恐怖 但其中还穿插着些许里昂的篇章以至于不那么恐怖 很多场景战斗很巧妙 设计的很好即时策略性比生化危机4强得多 唯一吐槽的点就是boss设计一般 吃老本严重了,剧情,正面
9,9,2026-02-28,除了流程短都很不错，标准模式下8小时35分钟通关，优化也很好，期待下一部作品。,推荐,13.4,27,136,除了流程短都很不错 标准模式下8小时35分钟通关 优化也很好 期待下一部作品,剧情,正面
10,10,2026-02-28,巧克力味的屎,不推荐,17.0,15,24,巧克力味的屎,其他,负面
11,11,2026-02-28,好游戏，绝对是佳作。在剧情长度上给人一种量大的感觉，一连好几个大小地图给人的诚意实在很足，两个章节的风格也让人能享受到所有生化危机的快乐，不管是grace章节的恐怖还是leon章节的暴杀都很舒爽，给人的感觉是把re4和7代的优点都带来了。问题也有，比如说我就很难理解为什么非要很多房间做成一本道，例如疗养院有张餐桌，明明可以把餐桌左边打开作为溜鬼的场地，结果只开放一边，导致被怪堵路就只能选择退回很远的地方，这种设计在地下尤为明显，有些地方根本无法作为溜鬼的场地，基本上吸引到仇恨就是死。如果说grace章节这样是为了增加压迫感，但是leon章节同样会有这种问题，战斗时候能拉扯的地方太小了，很容易就被围殴，但是箱庭设计又是真的很棒，这个地图真是好处和屎初都不少。但还是那句话，瑕不掩瑜，卡普空是真的知道怎么做游戏，也是真的知道生化危机玩家喜欢什么，不管是恐怖还是战斗爽，这一代全都给你呈现出来，不管是第一人称还是第三人称，想玩就自己选好了，卡普空神了。,推荐,10.9,27,136,好游戏 绝对是佳作 在剧情长度上给人一种量大的感觉 一连好几个大小地图给人的诚意实在很足 两个章节的风格也让人能享受到所有生化危机的快乐 不管是grace章节的恐怖还是leon章节的暴杀都很舒爽 给人的感觉是把re4和7代的优点都带来了 问题也有 比如说我就很难理解为什么非要很多房间做成一本道 例如疗养院有张餐桌 明明可以把餐桌左边打开作为溜鬼的场地 结果只开放一边 导致被怪堵路就只能选择退回很远的地方 这种设计在地下尤为明显 有些地方根本无法作为溜鬼的场地 基本上吸引到仇恨就是死 如果说grace章节这样是为了增加压迫感 但是leon章节同样会有这种问题 战斗时候能拉扯的地方太小了 很容易就被围殴 但是箱庭设计又是真的很棒 这个地图真是好处和屎初都不少 但还是那句话 瑕不掩瑜 卡普空是真的知道怎么做游戏 也是真的知道生化危机玩家喜欢什么 不管是恐怖还是战斗爽 这一代全都给你呈现出来 不管是第一人称还是第三人称 想玩就自己选好了 卡普空神了,玩法,正面
12,12,2026-02-28,发售的一天内打通一周目了，我的评价是卡普空的集大成之作，在这里能看到很多往代生化的影子，像是启示录2的双线叙事，可惜的是grace的线对leon的线不会有太大影响。疗养院的内容真的感觉回到了二代，甚至更加恐怖，但后续一张的浣熊市废墟设计就比较怪了，虽然演出还是很精彩的。建议以第三人称游玩leon，第一人称游玩grace。（王阿姨在dlc还有机会回归吗，求求了卡婊）,推荐,11.2,47,156,发售的一天内打通一周目了 我的评价是卡普空的集大成之作 在这里能看到很多往代生化的影子 像是启示录2的双线叙事 可惜的是grace的线对leon的线不会有太大影响 疗养院的内容真的感觉回到了二代 甚至更加恐怖 但后续一张的浣熊市废墟设计就比较怪了 虽然演出还是很精彩的 建议以第三人称游玩leon 第一人称游玩grace 王阿姨在dlc还有机会回归吗 求求了卡婊,剧情,正面
13,13,2026-02-28,非常棒的双线叙事，里昂战斗爽，格蕾丝生存恐怖，解谜还是老传统,推荐,4.7,7,116,非常棒的双线叙事 里昂战斗爽 格蕾丝生存恐怖 解谜还是老传统,剧情,正面
14,14,2026-02-28,好玩，虽然罐头，但是质量依然优秀，剧情内容虽少，但是瑕不掩瑜。,推荐,14.3,48,207,好玩 虽然罐头 但是质量依然优秀 剧情内容虽少 但是瑕不掩瑜,玩法,正面
15,15,2026-02-28,旧时代的终结，新时代的开始,推荐,9.5,33,142,旧时代的终结 新时代的开始,情怀,正面
16,16,2026-02-28,好玩爱玩,推荐,12.1,29,88,好玩爱玩,玩法,正面
17,17,2026-02-28,好玩，爽爽爽,推荐,14.2,20,29,好玩 爽爽爽,玩法,正面
18,18,2026-02-28,HAOWAN,推荐,11.5,19,178,HAOWAN,玩法,正面
19,19,2026-02-28,解密精巧，打击感好，喜欢格蕾丝！,推荐,6.7,46,155,解密精巧 打击感好 喜欢格蕾丝,玩法,正面
20,20,2026-02-28,疗养院整体很有意思，里昂战斗爽，总体流程稍短，希望后续新作或者冷饭还能见到里昂,推荐,14.2,15,124,疗养院整体很有意思 里昂战斗爽 总体流程稍短 希望后续新作或者冷饭还能见到里昂,情怀,正面
21,21,2026-02-28,好玩！集大成之作，剧情没完全通不评价，但游戏很好玩！雪莉很好看！里昂很帅！格蕾丝让我心动（指害怕到心扑通扑通跳）！,推荐,6.1,4,63,好玩 集大成之作 剧情没完全通不评价 但游戏很好玩 雪莉很好看 里昂很帅 格蕾丝让我心动 指害怕到心扑通扑通跳,玩法,正面
22,22,2026-02-28,把我的伊森还给我😭,推荐,6.7,23,132,把我的伊森还给我,情怀,正面
23,23,2026-02-28,神中神 好玩就完事了 普通难度格蕾丝篇很恐怖但也能偷摸杀个七七八八 里昂篇就是纯粹的爽,推荐,8.6,47,106,神中神 好玩就完事了 普通难度格蕾丝篇很恐怖但也能偷摸杀个七七八八 里昂篇就是纯粹的爽,玩法,正面
24,24,2026-02-28,要是跟六代一样群星作就好了,推荐,14.9,45,54,要是跟六代一样群星作就好了,情怀,正面
25,25,2026-02-28,我宣布我喜欢格蕾丝,推荐,15.3,10,19,我宣布我喜欢格蕾丝,其他,正面
26,26,2026-02-28,"作为玩了生化234重制，678原版，启示录12及一两个附赠的游戏的生化老粉，我可以给九打到9分的程度

恐怖的话就刚开始恐怖一点，后面打顺手了之后就是纯粹的博弈战斗了
两条线的切换做的挺不错的，属于是玩累了战斗和探索中的其中一个都能够适当切换的程度
剧情有点不合逻辑，但是个人还是能接受的，毕竟要给自己当时写死威斯克擦屁股（[spoiler]就是最后艾米莉能复活我是真没绷住[/spoiler]）
动作部分里昂线是真的爽，一点都不害怕的程度，老男人太帅了
解谜部分的话，就是只要玩过两部生化以上，就能够在看到相关物品的第一时间，想到自己要干什么的程度，很经典，我还挺吃这套的

总的来说，一口气打下来很爽没有尿点，做的很平衡，里昂线有很多二的彩蛋看到会很开心，整体也有借鉴3和4地方，甚至有最后生还者的感觉，但是融的不错，好玩的",推荐,13.5,28,37,作为玩了生化234重制 678原版 启示录12及一两个附赠的游戏的生化老粉 我可以给九打到9分的程度 恐怖的话就刚开始恐怖一点 后面打顺手了之后就是纯粹的博弈战斗了 两条线的切换做的挺不错的 属于是玩累了战斗和探索中的其中一个都能够适当切换的程度 剧情有点不合逻辑 但是个人还是能接受的 毕竟要给自己当时写死威斯克擦屁股 spoiler 就是最后艾米莉能复活我是真没绷住 spoiler 动作部分里昂线是真的爽 一点都不害怕的程度 老男人太帅了 解谜部分的话 就是只要玩过两部生化以上 就能够在看到相关物品的第一时间 想到自己要干什么的程度 很经典 我还挺吃这套的 总的来说 一口气打下来很爽没有尿点 做的很平衡 里昂线有很多二的彩蛋看到会很开心 整体也有借鉴3和4地方 甚至有最后生还者的感觉 但是融的不错 好玩的,剧情,正面
27,27,2026-02-28,好玩！,推荐,0.6,44,203,好玩,玩法,正面
28,28,2026-02-28,2026年度最佳预定,推荐,10.9,12,21,2026年度最佳预定,情怀,正面
29,29,2026-02-28,他，不愧是可以当我老公的男人。,推荐,14.6,35,94,他 不愧是可以当我老公的男人,情怀,正面
30,30,2026-02-28,好玩爱玩,推荐,5.0,22,31,好玩爱玩,玩法,正面
31,31,2026-02-28,刚通关，请问这是鬼泣六吗,推荐,11.8,46,55,刚通关 请问这是鬼泣六吗,玩法,正面
32,32,2026-02-28,"nb
",推荐,10.2,4,63,nb,其他,正面
33,33,2026-02-28,"经测试，pc版游戏完全没有对DualSense手柄特性的支持，没有触觉反馈也没有自适应扳机，甚至没有对于手柄本身的适配，商店页面说的支持DualSense手柄是骗人的，请更新支持DualSense手柄特性！

After testing, I found that the PC version of the game has no support for DualSense controller features at all—no haptic feedback, no adaptive triggers, and not even basic controller compatibility. The store page claiming DualSense support is misleading. Please update the game to include DualSense controller features!

テストしたところ、PC版のゲームはDualSenseコントローラーの機能にまったく対応していないことがわかりました。触覚フィードバックもアダプティブトリガーもなく、コントローラー自体の基本的な互換性すらありません。ストアページでDualSense対応と記載されているのは誤解を招くものです。ぜひDualSenseコントローラーの機能に対応したアップデートをお願いします！",不推荐,0.5,21,130,经测试 pc版游戏完全没有对DualSense手柄特性的支持 没有触觉反馈也没有自适应扳机 甚至没有对于手柄本身的适配 商店页面说的支持DualSense手柄是骗人的 请更新支持DualSense手柄特性 After testing I found that the PC version of the game has no support for DualSense controller features at all no haptic feedback no adaptive triggers and not even basic controller compatibility The store page claiming DualSense support is misleading Please update the game to include DualSense controller features テストしたところ PC版のゲームはDualSenseコントローラーの機能にまったく対応していないことがわかりました 触覚フィードバックもアダプティブトリガーもなく コントローラー自体の基本的な互換性すらありません ストアページでDualSense対応と記載されているのは誤解を招くものです ぜひDualSenseコントローラーの機能に対応したアップデートをお願いします,优化,负面
34,34,2026-02-28,一定要买豪华版，葛蕾斯DLC服装的香肩配上细汗，才能让生化危机变成真正的射击游戏！,推荐,7.1,27,186,一定要买豪华版 葛蕾斯DLC服装的香肩配上细汗 才能让生化危机变成真正的射击游戏,情怀,正面
35,35,2026-02-28,依旧,推荐,14.8,13,172,依旧,情怀,正面
36,36,2026-02-28,生化系列对我来说从来不是选择题，每一部都是首发预购豪华版从来不犹豫，从初代一直玩到现在，见证了太多角色的故事和落幕，早就有了感情，不知道有生之年能不能看到巴瑞杰克比利再次登场,推荐,14.4,5,64,生化系列对我来说从来不是选择题 每一部都是首发预购豪华版从来不犹豫 从初代一直玩到现在 见证了太多角色的故事和落幕 早就有了感情 不知道有生之年能不能看到巴瑞杰克比利再次登场,情怀,正面
37,37,2026-02-28,好玩，里昂依旧帅气逼人,推荐,6.1,32,41,好玩 里昂依旧帅气逼人,情怀,正面
38,38,2026-02-28,发售当天一直玩，三天未眠，量大管饱，顶级画质，极致演出,推荐,21.6,8,117,发售当天一直玩 三天未眠 量大管饱 顶级画质 极致演出,画面,正面
39,39,2026-02-28,无情抽血机,推荐,13.2,6,165,无情抽血机,价格,正面
40,40,2026-02-28,好玩的,推荐,4.1,45,154,好玩的,玩法,正面
41,41,2026-02-28,"赶紧出佣兵，
",不推荐,12.0,47,106,赶紧出佣兵,情怀,负面
42,42,2026-02-28,后半段剧情确实有点快而且有点迷惑，但整体还是很不错的，怪的设计和气氛压迫感设计都挺到位的，还是很推荐的,推荐,12.4,47,56,后半段剧情确实有点快而且有点迷惑 但整体还是很不错的 怪的设计和气氛压迫感设计都挺到位的 还是很推荐的,剧情,正面
43,43,2026-02-28,steamdeck打开就闪退，试了很多办法都没法正常玩，最后只能用gforce now……,推荐,3.6,27,136,steamdeck打开就闪退 试了很多办法都没法正常玩 最后只能用gforce now,优化,正面
44,44,2026-02-28,好玩！！！！,推荐,4.6,28,137,好玩,玩法,正面
45,45,2026-02-28,世界上最好的丧尸类游戏，很难再有人能配得上“之一”了，这一作在恐怖和爽快的体验上都有非常巧妙的设计，虽然在前期体验上会觉得比较压抑，并且解密流程稍微有一点长，但是爽起来是真的爽。解密也算是系列原汁原味的设计了，好多地方既视感都很重，喜欢的应该会特别喜欢，绝对好评,推荐,7.3,43,152,世界上最好的丧尸类游戏 很难再有人能配得上 之一 了 这一作在恐怖和爽快的体验上都有非常巧妙的设计 虽然在前期体验上会觉得比较压抑 并且解密流程稍微有一点长 但是爽起来是真的爽 解密也算是系列原汁原味的设计了 好多地方既视感都很重 喜欢的应该会特别喜欢 绝对好评,玩法,正面
46,46,2026-02-28,又有2代的恐怖又有4代的爽感,推荐,14.2,14,73,又有2代的恐怖又有4代的爽感,玩法,正面
47,47,2026-02-28,好玩，格蕾丝的人物塑造也是蛮好的，里昂还是特别帅，平稳落地,推荐,13.5,15,174,好玩 格蕾丝的人物塑造也是蛮好的 里昂还是特别帅 平稳落地,情怀,正面
48,48,2026-02-28,好玩，爽玩，带劲儿玩。目前体验来说很稳... ... 可以在系列最佳那一档。但是剧情很平，格蕾丝戏份比里昂大。目前我可以打9/10分。,推荐,8.2,17,176,好玩 爽玩 带劲儿玩 目前体验来说很稳 可以在系列最佳那一档 但是剧情很平 格蕾丝戏份比里昂大 目前我可以打9 10分,玩法,正面
49,49,2026-02-28,"MLGB往浣熊市塞蜘蛛不知道加蜘蛛恐惧症选项是吧
隔壁怪猎都知道加你生化不加
卡表你无敌了",不推荐,8.8,11,20,MLGB往浣熊市塞蜘蛛不知道加蜘蛛恐惧症选项是吧 隔壁怪猎都知道加你生化不加 卡表你无敌了,其他,负面
50,50,2026-02-28,"Grace and Leon represent the two extremes of this game, yet they blend together perfectly. I think this model should become the mainstream for future horror games.",推荐,10.5,18,177,Grace and Leon represent the two extremes of this game yet they blend together perfectly I think this model should become the mainstream for future horror games,剧情,正面
51,51,2026-02-28,"角色吐槽太好笑了，包括但不限于：
格蕾丝：
[spoiler] “这里的人都这么开门的吗” [/spoiler]
里昂：
[spoiler]“你是有多久没刷牙了”[/spoiler]
[spoiler]“怎么还有比我更暴的人”[/spoiler]
[spoiler]“叫你不带头盔”[/spoiler]",推荐,12.3,48,207,角色吐槽太好笑了 包括但不限于 格蕾丝 spoiler 这里的人都这么开门的吗 spoiler 里昂 spoiler 你是有多久没刷牙了 spoiler spoiler 怎么还有比我更暴的人 spoiler spoiler 叫你不带头盔 spoiler,剧情,正面
52,52,2026-02-28,老李勇闯浣熊市,推荐,4.1,21,80,老李勇闯浣熊市,情怀,正面
53,53,2026-02-28,最巅峰的一部,推荐,24.6,17,176,最巅峰的一部,情怀,正面
54,54,2026-02-28,牛逼,推荐,9.9,9,18,牛逼,其他,正面
55,55,2026-02-28,"（剧透警告）
虽然可能很多人会说这是炒冷饭，也可能有很多人会说就是生2和生4的大缝合。的确的确，疗养院完全洋馆or博物馆翻版，经典屁股后面打不死的怪物，找保险丝找三个宝物开门，然后是生4湖泊寻宝primer plus，上蹿下跳再找三个装置开门，上公路这次把生4矿车换成摩托车。但是这就是很好啊，全是以前最好最棒的点，在新时代的技术和新的思路下，重新包装一遍再端上来。就像一桌子家宴，虽然菜式已经吃过千百遍，但一直都是好吃的。
推开警察局门的时候，眼前飘过好多好多东西。生2的固定视角，生4的wasd移动上下左右转向，到生6的全球爆发，再到re2拿着无限小刀夜闯警察局，再到re4第一次开始喜欢碍事梨。最开始坐在电脑前一遍遍看死亡动画，上网寻找学习版的初中小屁孩现在也有了自己的工资，第一时间买了新作开始游玩，不经意间瞟一眼，却又看到了多少年前的自己。
以上。",推荐,10.1,23,182,剧透警告 虽然可能很多人会说这是炒冷饭 也可能有很多人会说就是生2和生4的大缝合 的确的确 疗养院完全洋馆or博物馆翻版 经典屁股后面打不死的怪物 找保险丝找三个宝物开门 然后是生4湖泊寻宝primer plus 上蹿下跳再找三个装置开门 上公路这次把生4矿车换成摩托车 但是这就是很好啊 全是以前最好最棒的点 在新时代的技术和新的思路下 重新包装一遍再端上来 就像一桌子家宴 虽然菜式已经吃过千百遍 但一直都是好吃的 推开警察局门的时候 眼前飘过好多好多东西 生2的固定视角 生4的wasd移动上下左右转向 到生6的全球爆发 再到re2拿着无限小刀夜闯警察局 再到re4第一次开始喜欢碍事梨 最开始坐在电脑前一遍遍看死亡动画 上网寻找学习版的初中小屁孩现在也有了自己的工资 第一时间买了新作开始游玩 不经意间瞟一眼 却又看到了多少年前的自己 以上,情怀,正面
56,56,2026-02-28,Nice,推荐,2.2,21,180,Nice,其他,正面
57,57,2026-02-28,商店写明了支持PS手柄，结果根本没适配，禁用STEAM输入后，连手柄都检测不到。卡表就是表。,不推荐,14.2,9,168,商店写明了支持PS手柄 结果根本没适配 禁用STEAM输入后 连手柄都检测不到 卡表就是表,优化,负面
58,58,2026-02-28,re4也预购了 本作质量确实不输re4 卡普空一如既往的给玩家满分答卷 本作两种系列风格都可以体验 可玩性相当之高 为系列集大成之作 毫不夸张的说 re9是我在法环通关后玩过的最好玩的游戏 拯救了我的电子ed,推荐,11.9,44,103,re4也预购了 本作质量确实不输re4 卡普空一如既往的给玩家满分答卷 本作两种系列风格都可以体验 可玩性相当之高 为系列集大成之作 毫不夸张的说 re9是我在法环通关后玩过的最好玩的游戏 拯救了我的电子ed,玩法,正面
59,59,2026-02-28,好玩！不愧是生化危机 可惜手柄适配还差很多,推荐,1.7,32,141,好玩 不愧是生化危机 可惜手柄适配还差很多,优化,正面
60,60,2026-02-28,疗养院部分2re以来最好，浣熊市+方舟直接变成走廊射击，做出后半段流程卡婊应该觉得羞耻,不推荐,13.3,16,75,疗养院部分2re以来最好 浣熊市 方舟直接变成走廊射击 做出后半段流程卡婊应该觉得羞耻,剧情,负面
61,61,2026-02-28,"目前普通难度我通关是9个小时，差不多路上的东西全拿了就是这个时间。
游戏体验很不错，但有两个我个人感觉不太舒服的地方。
一个是剧情女主前期人设不太讨喜，第二是第一章节和第二章节过渡有些突兀，以及里昂本来应该是战斗爽的地方设计的有些不太流畅（你敢省资源用斧头手枪能给你用的难受的要死，能用霰弹就用霰弹，体验爽十倍。）",推荐,13.9,19,178,目前普通难度我通关是9个小时 差不多路上的东西全拿了就是这个时间 游戏体验很不错 但有两个我个人感觉不太舒服的地方 一个是剧情女主前期人设不太讨喜 第二是第一章节和第二章节过渡有些突兀 以及里昂本来应该是战斗爽的地方设计的有些不太流畅 你敢省资源用斧头手枪能给你用的难受的要死 能用霰弹就用霰弹 体验爽十倍,剧情,正面
62,62,2026-02-28,神作毋庸置疑，主线没有王阿姨扣1分,推荐,15.0,4,163,神作毋庸置疑 主线没有王阿姨扣1分,剧情,正面
63,63,2026-02-28,好玩，不过比经典还是差一些在某些玩法上,推荐,5.2,20,179,好玩 不过比经典还是差一些在某些玩法上,玩法,正面
64,64,2026-02-28,"格蕾丝篇就是生7生8那一套，不特别吓人但也不安稳，倒也不至于全程紧绷神经
里昂篇很明显的想复刻生4re的成功，通篇流程不说很像也八九不离十，卡婊不想走出自己擅长的舒适区
两个主角也确实做出了区别，对应两种玩法
反派塑造不足，机械降神不说，结局又草草收尾，欠缺打磨
作为系列30周年这一关键节点推出的作品，我更想看到的是改变而不是缝合，完全可以做出更进一步的大胆尝试

总结：喜欢生化危机系列的老玩家可以入，算是一封情书？游戏不够惊艳，但也保住了下限。不建议萌新作为自己的入坑作，剧情需要对前作有一定了解，而且游戏性上也还有更有深度的作品可以选择，老游戏会被重制不是没有原因的",推荐,14.6,6,115,格蕾丝篇就是生7生8那一套 不特别吓人但也不安稳 倒也不至于全程紧绷神经 里昂篇很明显的想复刻生4re的成功 通篇流程不说很像也八九不离十 卡婊不想走出自己擅长的舒适区 两个主角也确实做出了区别 对应两种玩法 反派塑造不足 机械降神不说 结局又草草收尾 欠缺打磨 作为系列30周年这一关键节点推出的作品 我更想看到的是改变而不是缝合 完全可以做出更进一步的大胆尝试 总结 喜欢生化危机系列的老玩家可以入 算是一封情书 游戏不够惊艳 但也保住了下限 不建议萌新作为自己的入坑作 剧情需要对前作有一定了解 而且游戏性上也还有更有深度的作品可以选择 老游戏会被重制不是没有原因的,剧情,正面
65,65,2026-02-28,无敌的优化，帅气的中年里昂，还有什么好说的？,推荐,10.6,41,200,无敌的优化 帅气的中年里昂 还有什么好说的,情怀,正面
66,66,2026-02-28,虽然好玩但是不如机8,推荐,12.1,26,85,虽然好玩但是不如机8,玩法,正面
67,67,2026-02-28,全是老素材，新怪都没几个，这质量能卖400啊？格蕾丝你好歹是个调查员，动不动就大吵大叫跟个智障一样，cg和小女孩的对话都看的我力竭了，我就是说不行你让克莱尔来呗？,不推荐,15.8,39,98,全是老素材 新怪都没几个 这质量能卖400啊 格蕾丝你好歹是个调查员 动不动就大吵大叫跟个智障一样 cg和小女孩的对话都看的我力竭了 我就是说不行你让克莱尔来呗,价格,负面
68,68,2026-02-28,一番,推荐,8.5,27,136,一番,其他,正面
69,69,2026-02-28,好玩爱玩爽玩,推荐,12.6,37,46,好玩爱玩爽玩,玩法,正面
70,70,2026-02-28,"好玩，里昂战斗爽，格蕾丝解密加资源管理，两种玩法在一作游戏都能玩到还是很爽的，就像之前宣传的每当对当前游玩风格感觉到一点腻的时候伴随着角色切换游戏节奏截然不同给人带来新意。
唯一的缺点是剧情，给人感觉虎头蛇尾，无论是宣传片还是开头都感觉有一系列可能性，而且既然涉及浣熊市那相关老角色的相关消息也太少了，知道制作组怕生6那种，但是其他角色就算不出场多少多给点文件或者其他媒介方式来客串本作，否则浣熊市这个噱头有点浪费了。
希望DLC在剧情上有所补充弥补",推荐,14.9,26,185,好玩 里昂战斗爽 格蕾丝解密加资源管理 两种玩法在一作游戏都能玩到还是很爽的 就像之前宣传的每当对当前游玩风格感觉到一点腻的时候伴随着角色切换游戏节奏截然不同给人带来新意 唯一的缺点是剧情 给人感觉虎头蛇尾 无论是宣传片还是开头都感觉有一系列可能性 而且既然涉及浣熊市那相关老角色的相关消息也太少了 知道制作组怕生6那种 但是其他角色就算不出场多少多给点文件或者其他媒介方式来客串本作 否则浣熊市这个噱头有点浪费了 希望DLC在剧情上有所补充弥补,玩法,正面
71,71,2026-02-28,hao wan,推荐,6.1,22,81,hao wan,玩法,正面
72,72,2026-02-28,缺乏创新 怪物的种类也不怎么多 主要还是卖情怀作品 反派我感觉是跟0代马库斯齐头迷惑的 物品规划做的还挺有意思  解密也不难 女主线感觉就是re2只不过更多是避战 里昂篇纯爽游来的,推荐,12.6,46,55,缺乏创新 怪物的种类也不怎么多 主要还是卖情怀作品 反派我感觉是跟0代马库斯齐头迷惑的 物品规划做的还挺有意思 解密也不难 女主线感觉就是re2只不过更多是避战 里昂篇纯爽游来的,情怀,正面
73,73,2026-02-28,耗网 挨晚,推荐,8.1,46,105,耗网 挨晚,其他,正面
74,74,2026-02-28,还可以！但是我更喜欢生化危机4重置！！！！！！！！！！！！！！！！！！！！！！！！！！！！！！！！！,推荐,6.0,26,135,还可以 但是我更喜欢生化危机4重置,情怀,正面
75,75,2026-02-28,游戏流程比较长但是我觉得格蕾丝的部分指引不是很清晰而且恐怖程度介于7代和8代直接，里昂部分直接就是“战斗爽”而且游戏机制就是让你多消灭敌人赚积分升级武器，里昂的体术比起四代会更加丰富可玩性更高整体剧情算是把浣熊市事件给画上了一个句号，厄尔庇斯也让生化危机的世界可以重新洗牌新角色替换老角色,推荐,11.8,28,187,游戏流程比较长但是我觉得格蕾丝的部分指引不是很清晰而且恐怖程度介于7代和8代直接 里昂部分直接就是 战斗爽 而且游戏机制就是让你多消灭敌人赚积分升级武器 里昂的体术比起四代会更加丰富可玩性更高整体剧情算是把浣熊市事件给画上了一个句号 厄尔庇斯也让生化危机的世界可以重新洗牌新角色替换老角色,玩法,正面
76,76,2026-02-28,质量很稳定,推荐,6.6,27,86,质量很稳定,其他,正面
77,77,2026-02-28,咋那么好玩呢,推荐,13.9,30,189,咋那么好玩呢,玩法,正面
78,78,2026-02-28,好玩到睾丸爆炸，就是太恐怖了,推荐,12.9,3,62,好玩到睾丸爆炸 就是太恐怖了,玩法,正面
79,79,2026-02-28,好玩,推荐,14.4,5,164,好玩,玩法,正面
80,80,2026-02-28,平均3分钟左右卡顿一次，这玩个毛？各种方法都用了，还是这样子！,不推荐,5.4,38,47,平均3分钟左右卡顿一次 这玩个毛 各种方法都用了 还是这样子,优化,负面
81,81,2026-02-28,啊啊啊啊啊啊啊啊啊啊啊啊啊啊啊啊啊,推荐,12.2,46,105,啊啊啊啊啊啊啊啊啊啊啊啊啊啊啊啊啊,其他,正面
82,82,2026-02-28,舒服了，就是感觉有点短,推荐,19.8,5,64,舒服了 就是感觉有点短,剧情,正面
83,83,2026-02-28,稳定发挥，中年分头真的很帅。期待CV重制版,推荐,15.4,40,49,稳定发挥 中年分头真的很帅 期待CV重制版,情怀,正面
84,84,2026-02-28,非常帅里昂！老婆真是风韵犹存啊啊啊啊！！,推荐,15.2,1,10,非常帅里昂 老婆真是风韵犹存啊啊啊啊,情怀,正面
85,85,2026-02-28,好玩无需多言，7以后最佳,推荐,7.2,7,166,好玩无需多言 7以后最佳,玩法,正面
86,86,2026-02-28,"好玩
",推荐,7.0,50,59,好玩,玩法,正面
87,87,2026-02-28,垃圾优化,不推荐,1.4,26,135,垃圾优化,优化,负面
88,88,2026-02-28,满分给老李头,推荐,13.6,16,125,满分给老李头,情怀,正面
89,89,2026-02-28,"太好玩了
",推荐,6.8,40,199,太好玩了,玩法,正面
90,90,2026-02-28,好玩,推荐,11.7,37,46,好玩,玩法,正面
91,91,2026-02-28,酣畅淋漓,推荐,15.5,41,200,酣畅淋漓,玩法,正面
92,92,2026-02-28,好玩,推荐,3.2,44,103,好玩,玩法,正面
93,93,2026-02-28,好玩，原汁原味,推荐,4.5,9,18,好玩 原汁原味,情怀,正面
94,94,2026-02-28,"[h1] 这是一封写给生化玩家的情书  我收到了而且非常感动[/h1] 

生化九在我眼中是吸收了生化二和生化三的集大成之作  同时也保留了新版生化的优秀爽感  它不负众望完成了“新与旧”的平衡  那些在别人眼中老掉牙的修保险丝  找宝石  解保险箱的环节在我这里仅有对老生化的怀念  战斗更是爽！听不懂和我的斧头说去吧！吃我飞斧！ 

引导也一直是生化团队的强项  而在生化九他们也依然稳定发挥了这一点  几乎不会让玩家卡关  时刻都有目标

结局好爽呐  哎呀我不想剧透但是我要说真的好爽呐

老卡我爱你  下次还预购

[spoiler]我最大的遗憾就是我的艾达姐姐没有出现
我不会放弃等艾达王dlc的！！！[/spoiler]",推荐,14.3,2,11,h1 这是一封写给生化玩家的情书 我收到了而且非常感动 h1 生化九在我眼中是吸收了生化二和生化三的集大成之作 同时也保留了新版生化的优秀爽感 它不负众望完成了 新与旧 的平衡 那些在别人眼中老掉牙的修保险丝 找宝石 解保险箱的环节在我这里仅有对老生化的怀念 战斗更是爽 听不懂和我的斧头说去吧 吃我飞斧 引导也一直是生化团队的强项 而在生化九他们也依然稳定发挥了这一点 几乎不会让玩家卡关 时刻都有目标 结局好爽呐 哎呀我不想剧透但是我要说真的好爽呐 老卡我爱你 下次还预购 spoiler 我最大的遗憾就是我的艾达姐姐没有出现 我不会放弃等艾达王dlc的 spoiler,情怀,正面
95,95,2026-02-28,"收束了剧情也延展了剧情 
很不错",推荐,17.6,11,170,收束了剧情也延展了剧情 很不错,剧情,正面
96,96,2026-02-28,里昂没得喷,推荐,4.2,34,143,里昂没得喷,情怀,正面
97,97,2026-02-28,先玩的ps5版，steam版没怎么打，这绝对是我玩过的4代原版之后最好玩的生化正统续作。,推荐,3.2,21,130,先玩的ps5版 steam版没怎么打 这绝对是我玩过的4代原版之后最好玩的生化正统续作,情怀,正面
98,98,2026-02-28,"妈的，真的无敌了这游戏。
我能说什么呢，9.5/10
肯尼迪警员向您报道。",推荐,15.4,16,125,妈的 真的无敌了这游戏 我能说什么呢 9 5 10 肯尼迪警员向您报道,情怀,正面
99,99,2026-02-28,你一个卖300多还是30周年纪念作都不舍把制作成本抬高一点。真的太抽象了，总体虎头蛇尾，前面做的可以后面明显偷工。感觉像是前面吧预算用完了后面没钱做了。,不推荐,13.9,11,70,你一个卖300多还是30周年纪念作都不舍把制作成本抬高一点 真的太抽象了 总体虎头蛇尾 前面做的可以后面明显偷工 感觉像是前面吧预算用完了后面没钱做了,价格,负面
100,100,2026-02-28,"神，系列 30 周年集大成之作。
格蕾丝线偏生2，李三光依旧战斗爽。
谁懂玩格蕾丝把地图怪辛辛苦苦全清完后，里昂线没怪打的无力感。
",推荐,10.6,12,171,神 系列 30 周年集大成之作 格蕾丝线偏生2 李三光依旧战斗爽 谁懂玩格蕾丝把地图怪辛辛苦苦全清完后 里昂线没怪打的无力感,情怀,正面
101,101,2026-02-28,推荐玩完RE2里昂线再玩RE9，回到浣熊市警察局后会更伤感,推荐,13.6,25,84,推荐玩完RE2里昂线再玩RE9 回到浣熊市警察局后会更伤感,情怀,正面
102,102,2026-02-28,/；没饭吃g'no'l'p'gnolp',推荐,5.3,45,204,没饭吃g no l p gnolp,其他,正面
103,103,2026-02-28,我觉得不值这个价，缝合品，剧情也一塌糊涂，唯一亮点就是里昂战斗是真的爽。,不推荐,11.7,16,25,我觉得不值这个价 缝合品 剧情也一塌糊涂 唯一亮点就是里昂战斗是真的爽,价格,负面
104,104,2026-02-28,格蕾丝上半部分的恐怖氛围做得非常好 李昂战斗系统更是爽到不行！卡表的牛逼优化加上这部的路径追踪画质真绝了。里昂帅到没边了！夯爆了！期待dlc！,推荐,16.4,11,170,格蕾丝上半部分的恐怖氛围做得非常好 李昂战斗系统更是爽到不行 卡表的牛逼优化加上这部的路径追踪画质真绝了 里昂帅到没边了 夯爆了 期待dlc,画面,正面
105,105,2026-02-28,还行吧 从生化1一直玩到 9   每部作品都玩了！,推荐,3.6,8,17,还行吧 从生化1一直玩到 9 每部作品都玩了,情怀,正面
106,106,2026-02-28,豪,推荐,7.1,21,180,豪,其他,正面
107,107,2026-02-28,nb,推荐,14.8,34,193,nb,其他,正面
108,108,2026-02-28,"格蕾丝疗养院流程超越2代警局。
缺点：里昂的性能太强了，让体验变得无聊，全程不需要资源管理不需要探索，就往前杀就行了。就应该让格蕾丝成为主要角色，里昂结尾爽一下就行了。",推荐,5.0,13,22,格蕾丝疗养院流程超越2代警局 缺点 里昂的性能太强了 让体验变得无聊 全程不需要资源管理不需要探索 就往前杀就行了 就应该让格蕾丝成为主要角色 里昂结尾爽一下就行了,玩法,正面
109,109,2026-02-28,好玩！,推荐,10.3,1,110,好玩,玩法,正面
110,110,2026-02-28,好玩,推荐,7.9,39,198,好玩,玩法,正面
111,111,2026-02-28,比生7更恐怖,推荐,17.5,38,97,比生7更恐怖,玩法,正面
112,112,2026-02-28,卡婊尼玛死了 进去玩一会就闪退玩一会就闪退,不推荐,2.9,31,190,卡婊尼玛死了 进去玩一会就闪退玩一会就闪退,优化,负面
113,113,2026-02-28,神作，无需多言，恐怖+战斗爽交替并存，如果玩过生2生3这作会玩得更爽。,推荐,18.0,40,99,神作 无需多言 恐怖 战斗爽交替并存 如果玩过生2生3这作会玩得更爽,情怀,正面
114,114,2026-02-28,"为什么会有大蜘蛛呀，所有预告里面都没说，吓得我飞起来打，好在就一点点，要不然我一定差评。
",推荐,10.3,43,52,为什么会有大蜘蛛呀 所有预告里面都没说 吓得我飞起来打 好在就一点点 要不然我一定差评,玩法,正面
115,115,2026-02-28,好玩儿,推荐,4.8,5,64,好玩儿,玩法,正面
116,116,2026-02-28,本作只有截止到疗养院部分保持了生化系列的一贯水准，其余全是问题，简陋到仿佛同人mod或者独立游戏级别的UI和建模的浣熊市和方舟研究所是认真的吗？就浣熊市那个布景水平我只能说远不如辐射4还。都说仁王3地狱瞎眼，但玩了生化9你才知道什么是真瞎眼，大量充斥着各种在伸手不见五指的建筑里打个手电兜兜转转剧情段落玩起来真的很累。人物塑造更是空洞，格蕾丝全程脑残鬼哭狼嚎满地打滚，雪莉路边一条戏份塑造远不如4的接线员哈尼根，威斯克cos你甚至不知道他存在意义是什么走时不带走一丝云彩，至于洗白救赎斯宾瑟就更是离谱，最终结论本作可称得上生化全系列最垃圾之作，甚至不具备云的价值，建议任何一个生化老粉都不要原价购买。,不推荐,17.2,42,151,本作只有截止到疗养院部分保持了生化系列的一贯水准 其余全是问题 简陋到仿佛同人mod或者独立游戏级别的UI和建模的浣熊市和方舟研究所是认真的吗 就浣熊市那个布景水平我只能说远不如辐射4还 都说仁王3地狱瞎眼 但玩了生化9你才知道什么是真瞎眼 大量充斥着各种在伸手不见五指的建筑里打个手电兜兜转转剧情段落玩起来真的很累 人物塑造更是空洞 格蕾丝全程脑残鬼哭狼嚎满地打滚 雪莉路边一条戏份塑造远不如4的接线员哈尼根 威斯克cos你甚至不知道他存在意义是什么走时不带走一丝云彩 至于洗白救赎斯宾瑟就更是离谱 最终结论本作可称得上生化全系列最垃圾之作 甚至不具备云的价值 建议任何一个生化老粉都不要原价购买,剧情,负面
117,117,2026-02-28,太爽了！！！！！！！！！！,推荐,16.4,17,76,太爽了,其他,正面
118,118,2026-02-28,广发华福,推荐,12.8,6,65,广发华福,其他,正面
119,119,2026-02-28,比前两部难,推荐,3.5,16,25,比前两部难,玩法,正面
120,120,2026-02-28,太牛逼了，无论是画面还是气氛营造，非常有恐怖氛围，解谜也适当有趣。卡普空生化危机30周年集大成之作。,推荐,4.1,26,135,太牛逼了 无论是画面还是气氛营造 非常有恐怖氛围 解谜也适当有趣 卡普空生化危机30周年集大成之作,画面,正面
121,121,2026-02-28,喜欢😍,推荐,13.5,10,169,喜欢,其他,正面
122,122,2026-02-28,如果在生化系列中选一部比生化4好的作品 只有这部安魂曲可以,推荐,15.1,48,107,如果在生化系列中选一部比生化4好的作品 只有这部安魂曲可以,情怀,正面
123,123,2026-02-28,岁月在他脸上留下痕迹，却没带走当年的勇气，从Re2的青涩菜鸟，到Re9的沧桑硬汉，里昂老了，我们也长大了。,推荐,16.8,29,188,岁月在他脸上留下痕迹 却没带走当年的勇气 从Re2的青涩菜鸟 到Re9的沧桑硬汉 里昂老了 我们也长大了,情怀,正面
124,124,2026-02-28,好玩，就是打暴君的时候卡bug了，车无限翻滚然后帧数直线下降，给我整笑了。,推荐,0.9,14,123,好玩 就是打暴君的时候卡bug了 车无限翻滚然后帧数直线下降 给我整笑了,优化,正面
125,125,2026-02-28,好玩！狂肝8小时通关,推荐,11.3,6,15,好玩 狂肝8小时通关,玩法,正面
126,126,2026-02-28,带劲,推荐,7.0,25,84,带劲,其他,正面
127,127,2026-02-28,格蕾丝恐怖刺激，李昂战斗爽，非常有情怀有诚意的一部,推荐,15.0,16,175,格蕾丝恐怖刺激 李昂战斗爽 非常有情怀有诚意的一部,情怀,正面
128,128,2026-02-28,再次回到了早已物是人非的浣熊市,推荐,9.4,28,137,再次回到了早已物是人非的浣熊市,情怀,正面
129,129,2026-02-28,"好玩，玩着玩着一口气打通关了，强烈建议游戏滤镜换成末日风格！！！安魂前期弹药能省则省，中后期打大怪有奇效。
      神秘电锯男，初见他瘦瘦的身形，穿着破碎的盔甲，看似弱不禁风，直到他硬抗我三发安魂没死，那一刻他赢了。你捡到电锯可以和神秘电锯男拼电锯，有特写。
      疗养院这一段，是全游戏最长的部分了，生化危机的精髓也在里面，你细品，一品一个不吱声。
",推荐,16.5,39,148,好玩 玩着玩着一口气打通关了 强烈建议游戏滤镜换成末日风格 安魂前期弹药能省则省 中后期打大怪有奇效 神秘电锯男 初见他瘦瘦的身形 穿着破碎的盔甲 看似弱不禁风 直到他硬抗我三发安魂没死 那一刻他赢了 你捡到电锯可以和神秘电锯男拼电锯 有特写 疗养院这一段 是全游戏最长的部分了 生化危机的精髓也在里面 你细品 一品一个不吱声,玩法,正面
130,130,2026-02-28,15分钟必崩溃,不推荐,2.0,3,112,15分钟必崩溃,优化,负面
131,131,2026-02-28,好玩！,推荐,10.0,7,116,好玩,玩法,正面
132,132,2026-02-28,下一部会是65岁的克里斯吗,推荐,10.8,35,44,下一部会是65岁的克里斯吗,情怀,正面
133,133,2026-02-28,频繁的出现系统崩溃，我也是无语了,推荐,12.7,22,181,频繁的出现系统崩溃 我也是无语了,优化,正面
134,134,2026-02-28,神中神 26年goat,推荐,9.3,32,91,神中神 26年goat,情怀,正面
135,135,2026-02-28,很喜欢,推荐,8.7,40,99,很喜欢,其他,正面
136,136,2026-02-28,靠了为什么没有ds适配，写了适配tmd根本没有原生ds,不推荐,1.5,27,36,靠了为什么没有ds适配 写了适配tmd根本没有原生ds,优化,负面
137,137,2026-02-28,太棒了，刚解禁一口气8个半小时通关了，前期疗养院格蕾丝的潜行和里昂的战斗真的很舒服，格蕾丝关让我又体验到初玩re2的感觉，虽然后期差点意思，但给足了情怀，总得来说很不错😋,推荐,12.8,35,94,太棒了 刚解禁一口气8个半小时通关了 前期疗养院格蕾丝的潜行和里昂的战斗真的很舒服 格蕾丝关让我又体验到初玩re2的感觉 虽然后期差点意思 但给足了情怀 总得来说很不错,情怀,正面
138,138,2026-02-28,很有意思的一个系列，双线动作与恐怖兼具，双结局很有意思,推荐,14.2,34,93,很有意思的一个系列 双线动作与恐怖兼具 双结局很有意思,剧情,正面
139,139,2026-02-28,里昂帅的没边,推荐,11.5,25,184,里昂帅的没边,情怀,正面
140,140,2026-02-28,挺好玩的就是格蕾丝的部分有些流程不提示，自己找了太久都找晕了，整体还有点偏黑再亮点就更好了,推荐,4.1,21,180,挺好玩的就是格蕾丝的部分有些流程不提示 自己找了太久都找晕了 整体还有点偏黑再亮点就更好了,画面,正面
141,141,2026-02-28,非常好玩,推荐,4.0,29,88,非常好玩,玩法,正面
142,142,2026-02-28,"好玩,爱玩,",推荐,4.8,27,86,好玩 爱玩,玩法,正面
143,143,2026-02-28,还是熟悉得配方，疗养院和二代重置版的警察局大差不差，依旧是熟悉的大厅，依旧是分东西两侧，一二三楼，依旧是门从另一侧锁住了，依旧是找几个宝石开门......不过还是很好玩,推荐,4.5,13,22,还是熟悉得配方 疗养院和二代重置版的警察局大差不差 依旧是熟悉的大厅 依旧是分东西两侧 一二三楼 依旧是门从另一侧锁住了 依旧是找几个宝石开门 不过还是很好玩,情怀,正面
144,144,2026-02-28,"1、游戏本身很好，没什么可说的，大家都夸这个游戏了，游戏目前接近尾声还没通关，吐槽一下这次的游戏引擎问题。如果后续能优化好会改回好评。
2、本次可能是首发原因吧，游戏无法操作DLSS和帧生成的选项，只要一变动这两个选项游戏就闪退（D3D FATAL ERROR)
3、9950X3D+5090没办法开多帧生成根本没办法开最高画质，已经升级最新款显卡驱动，没有用。多次重装也没有用，游戏不开DLSS勉强能玩，但是画质和帧数没办法最高，很难受。5090只能顶着普通画质玩",不推荐,11.5,16,125,1 游戏本身很好 没什么可说的 大家都夸这个游戏了 游戏目前接近尾声还没通关 吐槽一下这次的游戏引擎问题 如果后续能优化好会改回好评 2 本次可能是首发原因吧 游戏无法操作DLSS和帧生成的选项 只要一变动这两个选项游戏就闪退 D3D FATAL ERROR 3 9950X3D 5090没办法开多帧生成根本没办法开最高画质 已经升级最新款显卡驱动 没有用 多次重装也没有用 游戏不开DLSS勉强能玩 但是画质和帧数没办法最高 很难受 5090只能顶着普通画质玩,优化,负面
145,145,2026-02-28,还是好玩的，虽然不是想象中的颠覆以往的创新作，但是玩上去真的是无比熟悉亲切，像是一部游戏把re2 4 7都玩到了，可谓是融合集大成作了，虽说是前作要素很浓，但是把所有要素融合在一起，这种体验还是完全第一次，目前还是爽到了,推荐,8.6,39,48,还是好玩的 虽然不是想象中的颠覆以往的创新作 但是玩上去真的是无比熟悉亲切 像是一部游戏把re2 4 7都玩到了 可谓是融合集大成作了 虽说是前作要素很浓 但是把所有要素融合在一起 这种体验还是完全第一次 目前还是爽到了,情怀,正面
146,146,2026-02-28,诶呦我太好玩了我说实话，玩里昂像在无双，格雷丝线气氛渲染也很不错，就是到后面缺感染者血,推荐,11.3,5,164,诶呦我太好玩了我说实话 玩里昂像在无双 格雷丝线气氛渲染也很不错 就是到后面缺感染者血,玩法,正面
147,147,2026-02-28,一直东躲西藏的没劲，还是生化4突突突好玩,不推荐,6.8,4,63,一直东躲西藏的没劲 还是生化4突突突好玩,玩法,负面
148,148,2026-02-28,好玩,推荐,9.0,49,108,好玩,玩法,正面
149,149,2026-02-28,"RESIDENT EVIL requiem - Crash
An unhandled exception occurred.
re9.exe!0x140000000 + 0x9e7eabe
re9,exe!0x140000000 + 0x9e7e2fd

(RTX4080 + i9-13900k)

先不管游戏时常，帧率，画质。。。进不去哦！半小时都玩不到崩溃几十次！太失望了，为啥受伤的总是我",不推荐,1.9,38,47,RESIDENT EVIL requiem Crash An unhandled exception occurred re9 exe 0x140000000 0x9e7eabe re9 exe 0x140000000 0x9e7e2fd RTX4080 i9 13900k 先不管游戏时常 帧率 画质 进不去哦 半小时都玩不到崩溃几十次 太失望了 为啥受伤的总是我,优化,负面
150,150,2026-02-28,重制5和6搞快端上来,推荐,5.3,11,70,重制5和6搞快端上来,情怀,正面
151,151,2026-02-28,一直着色器崩溃，dlss一动就死机，想关都关不了，何意味,不推荐,7.3,26,135,一直着色器崩溃 dlss一动就死机 想关都关不了 何意味,优化,负面
152,152,2026-02-28,卡表的生化危机没让人失望过。,推荐,5.5,34,93,卡表的生化危机没让人失望过,情怀,正面
153,153,2026-02-28,这该死的男人这么老了还是让我如此的着迷！,推荐,12.0,18,177,这该死的男人这么老了还是让我如此的着迷,情怀,正面
154,154,2026-02-28,开启游戏到着色器那一步崩溃报错，网络上那些解决方式没有一个有用的。,推荐,0.4,36,195,开启游戏到着色器那一步崩溃报错 网络上那些解决方式没有一个有用的,优化,正面
155,155,2026-02-28,系列巅峰,推荐,10.7,36,145,系列巅峰,情怀,正面
156,156,2026-02-28,很好玩，不错。,推荐,17.0,33,142,很好玩 不错,玩法,正面
157,157,2026-02-28,目前给8分，前面格蕾丝的流程先疗养院接着就是地下，黑暗场景又多又长，体验实在不太好。然后就是PS5手柄赶紧做适配！！！！！！！,推荐,3.9,15,24,目前给8分 前面格蕾丝的流程先疗养院接着就是地下 黑暗场景又多又长 体验实在不太好 然后就是PS5手柄赶紧做适配,玩法,正面
158,158,2026-02-28,吓人是真吓人,推荐,4.1,21,130,吓人是真吓人,音效,正面
159,159,2026-02-28,格蕾丝线0+2，里昂线4，比3 7 8都好玩,推荐,5.6,34,193,格蕾丝线0 2 里昂线4 比3 7 8都好玩,玩法,正面
160,160,2026-02-28,好玩,推荐,12.2,44,203,好玩,玩法,正面
161,161,2026-02-28,好玩。但是不如4代,推荐,16.1,2,111,好玩 但是不如4代,情怀,正面
162,162,2026-02-28,好玩，恐怖和刺激的节奏恰到好处。,推荐,16.2,39,98,好玩 恐怖和刺激的节奏恰到好处,玩法,正面
163,163,2026-02-28,好,推荐,7.3,24,83,好,其他,正面
164,164,2026-02-28,good,推荐,3.1,17,126,good,其他,正面
165,165,2026-02-28,没什么好说的，非常满意,推荐,5.8,33,42,没什么好说的 非常满意,其他,正面
166,166,2026-02-28,代也许是生化系列最吓人的一作，感觉恐怖程度远超格七代前期旧屋和八代人偶师的家，蕾丝序章和疗养院第一部分非常压抑，上次游玩生化危机系列有这种窒息的压抑感还是七代切到米娅视角时零补给状况下，鼓励你躲避前进的同时只给予少量的战斗用物资，后面突变胞头丧尸的设定很赞，你击杀过的敌人会在某一刻原地复活，等待你故地重游。格蕾丝第一章最后的绞肉战很掉价，明显不如七代跟岳父激情喜锯人那一段玩得释放。说到电锯里昂前期多人病房电锯杀尸狂部分很解压，说到岳父其实岳父长得真的很和蔼，想你了岳父（,推荐,5.6,25,184,代也许是生化系列最吓人的一作 感觉恐怖程度远超格七代前期旧屋和八代人偶师的家 蕾丝序章和疗养院第一部分非常压抑 上次游玩生化危机系列有这种窒息的压抑感还是七代切到米娅视角时零补给状况下 鼓励你躲避前进的同时只给予少量的战斗用物资 后面突变胞头丧尸的设定很赞 你击杀过的敌人会在某一刻原地复活 等待你故地重游 格蕾丝第一章最后的绞肉战很掉价 明显不如七代跟岳父激情喜锯人那一段玩得释放 说到电锯里昂前期多人病房电锯杀尸狂部分很解压 说到岳父其实岳父长得真的很和蔼 想你了岳父,剧情,正面
167,167,2026-02-28,格雷斯线纯恶心人吗,不推荐,0.5,18,27,格雷斯线纯恶心人吗,剧情,负面
168,168,2026-02-28,挺好玩的，就是感觉有点短有点意犹未尽，坐等dlc，希望卡婊快端上来,推荐,12.8,7,66,挺好玩的 就是感觉有点短有点意犹未尽 坐等dlc 希望卡婊快端上来,玩法,正面
169,169,2026-02-28,新型丧尸也太酷乐，但是为啥会有良子？,推荐,7.4,1,160,新型丧尸也太酷乐 但是为啥会有良子,剧情,正面
170,170,2026-02-28,生化玩家必吃榜前三,推荐,10.2,30,189,生化玩家必吃榜前三,情怀,正面
171,171,2026-02-28,"[b][i]
赞赞赞赞赞赞赞赞赞赞赞赞赞赞赞赞赞赞赞赞赞赞
赞赞赞赞赞赞赞赞　　　赞赞赞赞赞赞赞赞赞赞赞
赞赞赞赞赞赞赞　　　　赞赞赞赞赞赞赞赞赞赞赞
赞赞赞赞赞赞赞　　　　赞赞赞赞赞赞赞赞赞赞赞
赞赞赞赞赞赞赞　　　　　赞赞赞赞赞赞赞赞赞赞
赞赞赞赞赞赞赞赞　　　　赞赞赞赞赞赞赞赞赞赞
赞赞赞赞赞赞赞赞　　　　　赞赞赞赞赞赞赞赞赞
赞赞　　　　　　　　　　　　赞赞赞赞赞赞赞赞
赞　　　　　　　　　　　　　　赞赞赞赞赞赞赞
赞　　　　　　　　　　　　　　　赞赞赞赞赞赞
赞赞赞赞赞赞　　　　　　　　　　　赞赞赞赞赞
赞赞　　　　　　　　　　　　　　　　赞赞赞赞
赞赞　　　　　　　　　　　　　　　　赞　赞赞
赞赞赞赞赞赞赞　　　　　　　　　　　赞　　赞
赞赞赞　　　　　　　　　　　　　　赞　　　赞
赞赞赞　　　　　　　　　　　　　　赞　　赞赞
赞赞赞赞赞赞赞　　　　　　　　　赞　　　赞赞
赞赞赞赞　　　　　　　　　　　　赞　　赞赞赞
赞赞赞赞赞　　　　　　　　　　赞　　　赞赞赞
赞赞赞赞赞赞赞赞赞赞赞赞赞赞赞赞赞　赞赞赞赞
赞赞赞赞赞赞赞赞赞赞赞赞赞赞赞赞赞赞赞赞赞赞
[/i][/b]",推荐,21.1,42,201,b i 赞赞赞赞赞赞赞赞赞赞赞赞赞赞赞赞赞赞赞赞赞赞 赞赞赞赞赞赞赞赞 赞赞赞赞赞赞赞赞赞赞赞 赞赞赞赞赞赞赞 赞赞赞赞赞赞赞赞赞赞赞 赞赞赞赞赞赞赞 赞赞赞赞赞赞赞赞赞赞赞 赞赞赞赞赞赞赞 赞赞赞赞赞赞赞赞赞赞 赞赞赞赞赞赞赞赞 赞赞赞赞赞赞赞赞赞赞 赞赞赞赞赞赞赞赞 赞赞赞赞赞赞赞赞赞 赞赞 赞赞赞赞赞赞赞赞 赞 赞赞赞赞赞赞赞 赞 赞赞赞赞赞赞 赞赞赞赞赞赞 赞赞赞赞赞 赞赞 赞赞赞赞 赞赞 赞 赞赞 赞赞赞赞赞赞赞 赞 赞 赞赞赞 赞 赞 赞赞赞 赞 赞赞 赞赞赞赞赞赞赞 赞 赞赞 赞赞赞赞 赞 赞赞赞 赞赞赞赞赞 赞 赞赞赞 赞赞赞赞赞赞赞赞赞赞赞赞赞赞赞赞赞 赞赞赞赞 赞赞赞赞赞赞赞赞赞赞赞赞赞赞赞赞赞赞赞赞赞赞 i b,其他,正面
172,172,2026-02-28,"好玩，超好玩，通宵一整晚快要通关。个人觉得一周目，大概要有10个小时，11个小时的样子。游戏优化在线，我4060小破电笔全高基本稳120。
  本作人物设计全为俊男靓女超级养眼，没有似吗的“正确”设计真是太无敌了。偏中性美女格蕾丝，短发雪梨，玩了你就懂了，可惜没看到王姐。里昂的帅自然没话说，第二个反派齐诺登场的时候也是给我帅到了，大门缓缓打开，齐诺白西装披上一件灰大衣，梳着背头戴着墨镜，侧着身子手里还拿一根烟，缓缓吸上一口，然后开口“格蕾丝，我等待你很久了。”我靠，不玩不懂啊。
  叔蒙尘已久的内心，已经很有没有因为游戏剧情而心潮澎湃过了。玩小格妹妹的时候，真是把我紧张死了，尤其是快出疗养院的时候，电梯里面女孩抓小格妹妹腿那段，电梯掉下来的时候还给个特写，给我魂吓出来了，后来发现没事的时候真是舒了一口气。
  本作的节奏分配特别好，疗养院篇里昂线纯是用来解压的，里昂走小格妹妹走过的路线基本是片甲不留，玩的时候会有一种报仇的爽快感，这小僵尸你跟谁俩呢？还嚣张不？吃我大飞脚！懂你里昂叔含金量吗？里昂是有点幽默在身上的，在阁楼打爆大胖子僵尸之后说了一句“很可惜，我不是你的菜。”给我笑喷了。
  我愿意称生化危机9安魂曲为re2和re4的集大成者，取两者精髓为一体，我比较爱玩re2，re4则不太感冒，第一个想出两种模式并行的人绝对是个天才。疗养院的地图设计太对味了，双层不完全对称，梦回警察局，回到浣熊市最大的遗憾就是没有故地重游了。
  总结就是买了绝对不会后悔，好玩好玩超级好玩。",推荐,10.7,27,86,好玩 超好玩 通宵一整晚快要通关 个人觉得一周目 大概要有10个小时 11个小时的样子 游戏优化在线 我4060小破电笔全高基本稳120 本作人物设计全为俊男靓女超级养眼 没有似吗的 正确 设计真是太无敌了 偏中性美女格蕾丝 短发雪梨 玩了你就懂了 可惜没看到王姐 里昂的帅自然没话说 第二个反派齐诺登场的时候也是给我帅到了 大门缓缓打开 齐诺白西装披上一件灰大衣 梳着背头戴着墨镜 侧着身子手里还拿一根烟 缓缓吸上一口 然后开口 格蕾丝 我等待你很久了 我靠 不玩不懂啊 叔蒙尘已久的内心 已经很有没有因为游戏剧情而心潮澎湃过了 玩小格妹妹的时候 真是把我紧张死了 尤其是快出疗养院的时候 电梯里面女孩抓小格妹妹腿那段 电梯掉下来的时候还给个特写 给我魂吓出来了 后来发现没事的时候真是舒了一口气 本作的节奏分配特别好 疗养院篇里昂线纯是用来解压的 里昂走小格妹妹走过的路线基本是片甲不留 玩的时候会有一种报仇的爽快感 这小僵尸你跟谁俩呢 还嚣张不 吃我大飞脚 懂你里昂叔含金量吗 里昂是有点幽默在身上的 在阁楼打爆大胖子僵尸之后说了一句 很可惜 我不是你的菜 给我笑喷了 我愿意称生化危机9安魂曲为re2和re4的集大成者 取两者精髓为一体 我比较爱玩re2 re4则不太感冒 第一个想出两种模式并行的人绝对是个天才 疗养院的地图设计太对味了 双层不完全对称 梦回警察局 回到浣熊市最大的遗憾就是没有故地重游了 总结就是买了绝对不会后悔 好玩好玩超级好玩,玩法,正面
173,173,2026-02-28,,推荐,16.0,34,143,,优化,正面
174,174,2026-02-28,爽玩,推荐,10.6,4,63,爽玩,其他,正面
175,175,2026-02-28,YYDS,推荐,5.3,10,19,YYDS,情怀,正面
176,176,2026-02-28,有趣,推荐,4.2,42,201,有趣,其他,正面
177,177,2026-02-28,我淦你娘卡普空，不支持PS5手柄写你奶奶的支持PlayStation啊,不推荐,1.6,46,105,我淦你娘卡普空 不支持PS5手柄写你奶奶的支持PlayStation啊,优化,负面
178,178,2026-02-28,别原地踏步了卡子，格蕾丝部分烂死了,不推荐,7.0,46,205,别原地踏步了卡子 格蕾丝部分烂死了,剧情,负面
179,179,2026-02-28,"游戏本身非常的顶级。
但是目前遇到了分辨率锁死在1080p以下的问题，这对我这个画质党来说算是比较影响体验的bug，毕竟1080p真的太糊了。
不过即使如此，我仍然愿意给这个优秀的游戏一个好评，生化危机系列是真的太好玩了。",推荐,8.1,5,64,游戏本身非常的顶级 但是目前遇到了分辨率锁死在1080p以下的问题 这对我这个画质党来说算是比较影响体验的bug 毕竟1080p真的太糊了 不过即使如此 我仍然愿意给这个优秀的游戏一个好评 生化危机系列是真的太好玩了,画面,正面
180,180,2026-02-28,好玩好玩好玩，但是确实创新性欠缺，玩到现在就发现格蕾丝线像2代，医院就像翻版警局，溶血注射器就是1代的汽油，古钱币照搬7代，体术小刀系统像4代,推荐,6.2,24,83,好玩好玩好玩 但是确实创新性欠缺 玩到现在就发现格蕾丝线像2代 医院就像翻版警局 溶血注射器就是1代的汽油 古钱币照搬7代 体术小刀系统像4代,玩法,正面
181,181,2026-02-28,豪丸,推荐,11.9,41,150,豪丸,其他,正面
182,182,2026-02-28,初见4小时：美女格蕾丝加帅气老登李三光，超一流的画面表现（路径光追）和老味道的传统解密，棒，太棒了，就看后续剧情发展了。,推荐,4.6,4,163,初见4小时 美女格蕾丝加帅气老登李三光 超一流的画面表现 路径光追 和老味道的传统解密 棒 太棒了 就看后续剧情发展了,画面,正面
183,183,2026-02-28,"格蕾丝线好像在玩RE2
里昂线就纯纯上但丁大号在玩RE4 PLUS PRO MAX
1998年的那个被暴君追的满警局跑的菜鸟警察会梦见28年后的自己会拿这斧头卸超级暴君力吗
一周目流程取决于技术水平大概在7-9小时，对于首发348的定价来说性价比有点低
远远不及23年298的却10+小时的re4
当然游戏性还是无可挑剔，只是性价比问题
最关键的一点，何时开放灵敏度和fov修改，我感觉我的射击游戏神力消失了",推荐,13.0,34,143,格蕾丝线好像在玩RE2 里昂线就纯纯上但丁大号在玩RE4 PLUS PRO MAX 1998年的那个被暴君追的满警局跑的菜鸟警察会梦见28年后的自己会拿这斧头卸超级暴君力吗 一周目流程取决于技术水平大概在7 9小时 对于首发348的定价来说性价比有点低 远远不及23年298的却10 小时的re4 当然游戏性还是无可挑剔 只是性价比问题 最关键的一点 何时开放灵敏度和fov修改 我感觉我的射击游戏神力消失了,价格,正面
184,184,2026-02-28,情怀拉满,推荐,4.7,31,190,情怀拉满,情怀,正面
185,185,2026-02-28,上一次玩生化危机这么爽还是XBOX的6代，一晃眼已经十多年了，要是PS5的手柄能跟主机平台一样完全适配并把性能优化再做做好就是最完美的一款生化危机了，看看后续更新能不能有佣兵模式或者扩展DLC了。,推荐,15.0,8,167,上一次玩生化危机这么爽还是XBOX的6代 一晃眼已经十多年了 要是PS5的手柄能跟主机平台一样完全适配并把性能优化再做做好就是最完美的一款生化危机了 看看后续更新能不能有佣兵模式或者扩展DLC了,情怀,正面
186,186,2026-02-28,女主章节=生化7+生化2，里昂章节=生化4，说实话这个好评是给里昂的，女主的章节做的非常垃圾，如果不是因为里昂肯定给差评了，女主线解谜设计的毫无逻辑、节奏拖沓，我玩的是生化危机不是密室逃脱，作为老玩家谁在乎新主角有什么，我只管里昂射击爽就完了，女主章节占这么大一部分比重的意义何在？,推荐,5.8,24,133,女主章节 生化7 生化2 里昂章节 生化4 说实话这个好评是给里昂的 女主的章节做的非常垃圾 如果不是因为里昂肯定给差评了 女主线解谜设计的毫无逻辑 节奏拖沓 我玩的是生化危机不是密室逃脱 作为老玩家谁在乎新主角有什么 我只管里昂射击爽就完了 女主章节占这么大一部分比重的意义何在,剧情,正面
187,187,2026-02-28,啥时候把ds手柄适配加上我啥时候给好评哈,不推荐,12.1,45,54,啥时候把ds手柄适配加上我啥时候给好评哈,其他,负面
188,188,2026-02-28,好玩,推荐,7.3,16,25,好玩,玩法,正面
189,189,2026-02-28,好玩捏,推荐,3.8,34,93,好玩捏,玩法,正面
190,190,2026-02-28,"[h2]人类到底还要忍受多少次首发[/h2]
[list]
	[*][b][i]不适配ps5手柄。[/i][/b]
[/list]
其实我对ds手柄的依赖性并不高，毕竟我是xbox键位入门的。但我觉得玩家有权追求最完美的体验，就比如前段时间还在一边送DS2的400LLL一边写白金指南的我，就很期待re9里可以用上ds手柄。有没有自适应扳机对于一个战斗以射击为主的游戏来说，体验影响还是蛮大的。
（已经在隔壁买盘换光驱ps5了，pc这个看心情通关吧。[spoiler]还好有我的家庭成员帮我玩，不然首发豪华版不玩血亏！小南弦我喜欢你[/spoiler]）
[list]
	[*][b][i]崩溃报错[/i][/b]
[/list]
这个问题我看是随机出现的，和配置关系不大。但我遇到了所以我[b]不爽[/b]。
[list]
	[*][b][i]中规中矩的关卡设计。[/i][/b]
[/list]
又是我们的保险丝老朋友出镜——看到的那一刻就知道我要去翘个保险丝而我首先需要一个开锁器或者螺丝刀。对于系列粉丝来说是情书，对我这种半瓶水就是“来点新意”。
[hr][/hr]
[h2]我对恐怖游戏的期待是“恐怖”[/h2]
流程推进了三分之一之后发现自己完全没有被吓到。
无论是最烂俗但行之有效的jump scare还是氛围心理恐惧，我都没有太多实感。最大的恐惧来源于前期的“火力不足”——这一份恐惧很快就在我和小怪秦王绕柱之后变成了愤怒。
拿到子弹的时候：[b][i]“我有本事！”、“我有本事！”[/i][/b]
子弹打空：[b][i]“我没本事”、“我有急事”、“我先走了”[/i][/b]
在资源匮乏的前期，不断给小怪展示嘴脸的我自己貌似比隔壁春晚小品还好笑一点。
第一个初具压迫感的boss被灯光晃了眼睛之后的惨叫声像被开水烫了的猪，在疑似想要创造紧张感的追逐战里硬生生让我哈哈大笑。它长得甚至有点像从深海里被打捞出来的水滴鱼，身上带了点“其实我只想在天花板爬来爬去吃点僵尸但卡普空安排我当女主的鬼屋npc还拿灯光烫我最后安排里昂爆我的头”的命苦班味。
它只是一个不想上班的咸鱼它有什么错。
[hr][/hr]
[h2]经典的性别刻板印象[/h2]
Grace的美貌和战斗力前期成反比。总是在追逐战的奔跑时跌倒、在无事发生的时候惊叫喘息，她吓一跳的时候我经常环顾四周发现周围甚至没有苍蝇飞过因此感到无语。
她和隔壁老李的“硬汉”形成了鲜明的对比。
当我意识到自己打Grace线非常痛苦以至于疯狂想要切到里昂线的时候，我知道是时候对策划发起进攻了。
镜头本身就是一种情绪化的引导语言，如果你从镜头里厌恶主角，别怀疑，设计者心知肚明你会因为这个镜头感受到什么情绪。
我有点不喜欢女主，但我不喜欢女主并不是因为我主观厌女，这一点让我更是无法忍受“你为什么要这么设计女主？”


以上内容带有相当丰富的主观因素，在我月初到现在享受过100+h连段和boss拼刀、武技妖反琢技混沌和偷屁股忍者的“战斗爽”之后，我对“战斗”的阈值被抬升地很高。因此我也心知肚明我re9的战斗不爽是无想剑的问题，我只是一个恰好打完仁仁仁的小女孩我能有什么错？",不推荐,3.6,4,163,h2 人类到底还要忍受多少次首发 h2 list b i 不适配ps5手柄 i b list 其实我对ds手柄的依赖性并不高 毕竟我是xbox键位入门的 但我觉得玩家有权追求最完美的体验 就比如前段时间还在一边送DS2的400LLL一边写白金指南的我 就很期待re9里可以用上ds手柄 有没有自适应扳机对于一个战斗以射击为主的游戏来说 体验影响还是蛮大的 已经在隔壁买盘换光驱ps5了 pc这个看心情通关吧 spoiler 还好有我的家庭成员帮我玩 不然首发豪华版不玩血亏 小南弦我喜欢你 spoiler list b i 崩溃报错 i b list 这个问题我看是随机出现的 和配置关系不大 但我遇到了所以我 b 不爽 b list b i 中规中矩的关卡设计 i b list 又是我们的保险丝老朋友出镜 看到的那一刻就知道我要去翘个保险丝而我首先需要一个开锁器或者螺丝刀 对于系列粉丝来说是情书 对我这种半瓶水就是 来点新意 hr hr h2 我对恐怖游戏的期待是 恐怖 h2 流程推进了三分之一之后发现自己完全没有被吓到 无论是最烂俗但行之有效的jump scare还是氛围心理恐惧 我都没有太多实感 最大的恐惧来源于前期的 火力不足 这一份恐惧很快就在我和小怪秦王绕柱之后变成了愤怒 拿到子弹的时候 b i 我有本事 我有本事 i b 子弹打空 b i 我没本事 我有急事 我先走了 i b 在资源匮乏的前期 不断给小怪展示嘴脸的我自己貌似比隔壁春晚小品还好笑一点 第一个初具压迫感的boss被灯光晃了眼睛之后的惨叫声像被开水烫了的猪 在疑似想要创造紧张感的追逐战里硬生生让我哈哈大笑 它长得甚至有点像从深海里被打捞出来的水滴鱼 身上带了点 其实我只想在天花板爬来爬去吃点僵尸但卡普空安排我当女主的鬼屋npc还拿灯光烫我最后安排里昂爆我的头 的命苦班味 它只是一个不想上班的咸鱼它有什么错 hr hr h2 经典的性别刻板印象 h2 Grace的美貌和战斗力前期成反比 总是在追逐战的奔跑时跌倒 在无事发生的时候惊叫喘息 她吓一跳的时候我经常环顾四周发现周围甚至没有苍蝇飞过因此感到无语 她和隔壁老李的 硬汉 形成了鲜明的对比 当我意识到自己打Grace线非常痛苦以至于疯狂想要切到里昂线的时候 我知道是时候对策划发起进攻了 镜头本身就是一种情绪化的引导语言 如果你从镜头里厌恶主角 别怀疑 设计者心知肚明你会因为这个镜头感受到什么情绪 我有点不喜欢女主 但我不喜欢女主并不是因为我主观厌女 这一点让我更是无法忍受 你为什么要这么设计女主 以上内容带有相当丰富的主观因素 在我月初到现在享受过100 h连段和boss拼刀 武技妖反琢技混沌和偷屁股忍者的 战斗爽 之后 我对 战斗 的阈值被抬升地很高 因此我也心知肚明我re9的战斗不爽是无想剑的问题 我只是一个恰好打完仁仁仁的小女孩我能有什么错,优化,负面
191,191,2026-02-28,回来了，都回来了，好玩爱玩,推荐,12.4,21,180,回来了 都回来了 好玩爱玩,情怀,正面
192,192,2026-02-28,第一次在生化危机里感受到堆怪,推荐,10.2,17,126,第一次在生化危机里感受到堆怪,玩法,正面
193,193,2026-02-28,卡婊你ds5完全支持到皮燕子里了吗,推荐,12.9,47,106,卡婊你ds5完全支持到皮燕子里了吗,其他,正面
194,194,2026-02-28,"没有达到预期，部分剧情恶心人，部分玩法难受（有剧透！！！！！）：





1.艾米莉都变成那个样子了，Grace还硬要说我在救她，你看都变成啥怪物样子了还拉着里昂不让开枪，好歹也是FBI的文员，不能什么时候都那么感性吧。而且就因为这事和里昂斗气跟维克托走了？是谁绑架你到疗养院？又是谁在怪物嘴底下救你一命又一命？谁好谁坏分不清楚吗？枪一扔跟着反派就走了，编剧是怎么想出这种没脑子没逻辑的剧情的，玩到这的时候本以为Grace有所成长，结果这段展现出的纯粹是没脑子又愚蠢的性格。

2.结局让选拿不拿厄尔庇斯，玩家在这时候纯粹是处于一种信息不对等的状态的，玩家所知道的信息是Grace她妈的和史斑瑟的谜语，谁知道谜语人说的实际是什么意思啊，只有模棱两可的暗示；Grace说自己有办法，又不说自己办法是啥，玩家还是要按照自己的想法去选择取出还是毁灭。我说在不知道厄尔庇斯是病毒还是解药的情况下毁灭厄尔庇斯有错吗？但选了毁灭厄尔庇斯就会看到吃屎一样的剧情，为什么非要设计选项区分好坏结局呢？好结局后面还有一个boss战几个CG，坏结局看完结尾动画就没了，说明坏结局也并非是制作组想要的结局，那为什么偏要设计这么个选项呢？除了恶心玩家没有任何作用。

3.浣熊市半开放世界那一章又臭又长，保险丝电池摇杆开关拿个没完，上楼下楼跳楼也没完，玩得让人厌烦。

4.不明白为什么要在中后段突然加入上世纪小女孩的回忆片段，感觉很断节奏，小女孩是纯粹的潜行玩法，感觉就是为了“动作”和“恐怖”风格转换而硬塞进去的一段，你放个CG写几个文件交代清楚历史就可以了，非要设计一段和主线剧情不太相关的玩法，玩家还非要一边听瘆人的笑声一边硬等，这不纯粹折磨恶心人吗？

5.Boss战很不出彩，生化危机4重置版有巨人、村长、右手、拉蒙、克劳撒和萨德勒，哪个Boss都有说法，这一作中的Boss战完全不会给人留下深刻印象，最后打维克托也是潦草结束。

6.你可以在这一部中发现所有之前生化作品的经典元素，但也说明这部作品就是缝合怪，而且缝得不伦不类。",不推荐,14.1,15,24,没有达到预期 部分剧情恶心人 部分玩法难受 有剧透 1 艾米莉都变成那个样子了 Grace还硬要说我在救她 你看都变成啥怪物样子了还拉着里昂不让开枪 好歹也是FBI的文员 不能什么时候都那么感性吧 而且就因为这事和里昂斗气跟维克托走了 是谁绑架你到疗养院 又是谁在怪物嘴底下救你一命又一命 谁好谁坏分不清楚吗 枪一扔跟着反派就走了 编剧是怎么想出这种没脑子没逻辑的剧情的 玩到这的时候本以为Grace有所成长 结果这段展现出的纯粹是没脑子又愚蠢的性格 2 结局让选拿不拿厄尔庇斯 玩家在这时候纯粹是处于一种信息不对等的状态的 玩家所知道的信息是Grace她妈的和史斑瑟的谜语 谁知道谜语人说的实际是什么意思啊 只有模棱两可的暗示 Grace说自己有办法 又不说自己办法是啥 玩家还是要按照自己的想法去选择取出还是毁灭 我说在不知道厄尔庇斯是病毒还是解药的情况下毁灭厄尔庇斯有错吗 但选了毁灭厄尔庇斯就会看到吃屎一样的剧情 为什么非要设计选项区分好坏结局呢 好结局后面还有一个boss战几个CG 坏结局看完结尾动画就没了 说明坏结局也并非是制作组想要的结局 那为什么偏要设计这么个选项呢 除了恶心玩家没有任何作用 3 浣熊市半开放世界那一章又臭又长 保险丝电池摇杆开关拿个没完 上楼下楼跳楼也没完 玩得让人厌烦 4 不明白为什么要在中后段突然加入上世纪小女孩的回忆片段 感觉很断节奏 小女孩是纯粹的潜行玩法 感觉就是为了 动作 和 恐怖 风格转换而硬塞进去的一段 你放个CG写几个文件交代清楚历史就可以了 非要设计一段和主线剧情不太相关的玩法 玩家还非要一边听瘆人的笑声一边硬等 这不纯粹折磨恶心人吗 5 Boss战很不出彩 生化危机4重置版有巨人 村长 右手 拉蒙 克劳撒和萨德勒 哪个Boss都有说法 这一作中的Boss战完全不会给人留下深刻印象 最后打维克托也是潦草结束 6 你可以在这一部中发现所有之前生化作品的经典元素 但也说明这部作品就是缝合怪 而且缝得不伦不类,剧情,负面
195,195,2026-02-28,好玩  整体优化也好,推荐,5.5,11,120,好玩 整体优化也好,优化,正面
196,196,2026-02-28,比最压抑的生化7还压抑，想战斗爽的慎入,推荐,7.6,39,48,比最压抑的生化7还压抑 想战斗爽的慎入,剧情,正面
197,197,2026-02-28,好玩,推荐,16.5,5,14,好玩,玩法,正面
198,198,2026-02-28,699178782778好玩,推荐,10.4,5,164,699178782778好玩,玩法,正面
199,199,2026-02-28,牛逼,推荐,10.0,24,33,牛逼,其他,正面
200,200,2026-02-28,我是高光追玩家，我对这游戏的画质十分满意，格蕾丝美的出水。可惜这该死的节后调休坏我好事！,推荐,1.9,29,38,我是高光追玩家 我对这游戏的画质十分满意 格蕾丝美的出水 可惜这该死的节后调休坏我好事,画面,正面
201,201,2026-02-28,优化非常好，ds5不适配的问题由于第一遍是键鼠玩的没感觉，警察局那段情怀拉爆了，还是好玩的,推荐,15.2,32,91,优化非常好 ds5不适配的问题由于第一遍是键鼠玩的没感觉 警察局那段情怀拉爆了 还是好玩的,情怀,正面
202,202,2026-02-28,轻度玩家打不过休闲难度，动态难度打一个变异丧尸用光我所有子弹哈哈,不推荐,11.5,43,202,轻度玩家打不过休闲难度 动态难度打一个变异丧尸用光我所有子弹哈哈,玩法,负面
203,203,2026-02-28,"       你要致敬可以，但你好歹是个新作，你疗养院东西侧两门中间三石头解密纯粹翻版警察局，解密是老一套的电缆啊，保险丝啊，钥匙啊；血液提取像是恶灵附身的脑白金，瓶子，燃烧瓶也是照抄的恶灵附身那一套，女孩像是贞子，厨师长像屠夫，武装bsaa像是武装丧失；武器系统不明所以没卵用；怪物设计，boss关毫无新意，出场角色稀少，剧情逻辑短小无力。
        没玩过23的可以玩9，玩过23的可以看到大量既视感，流程还短，就三个篇章，卖300多，这作真是烂完了",不推荐,16.6,8,117,你要致敬可以 但你好歹是个新作 你疗养院东西侧两门中间三石头解密纯粹翻版警察局 解密是老一套的电缆啊 保险丝啊 钥匙啊 血液提取像是恶灵附身的脑白金 瓶子 燃烧瓶也是照抄的恶灵附身那一套 女孩像是贞子 厨师长像屠夫 武装bsaa像是武装丧失 武器系统不明所以没卵用 怪物设计 boss关毫无新意 出场角色稀少 剧情逻辑短小无力 没玩过23的可以玩9 玩过23的可以看到大量既视感 流程还短 就三个篇章 卖300多 这作真是烂完了,玩法,负面
204,204,2026-02-28,游戏有彩蛋，情怀还不错，李昂篇有点最后生还者的感觉,推荐,14.7,35,44,游戏有彩蛋 情怀还不错 李昂篇有点最后生还者的感觉,情怀,正面
205,205,2026-02-28,总体来说是款佳作，恐怖和动作结合的很好，但是剧情有点保守，更趋向于先把过去埋的坑填完，没有什么激进的剧情创新，boos太弱没什么存在感就是一个终结过去8代剧情的一次性工具人，玩法，画面，细节，情怀，都很好。,推荐,14.1,37,196,总体来说是款佳作 恐怖和动作结合的很好 但是剧情有点保守 更趋向于先把过去埋的坑填完 没有什么激进的剧情创新 boos太弱没什么存在感就是一个终结过去8代剧情的一次性工具人 玩法 画面 细节 情怀 都很好,剧情,正面
206,206,2026-02-28,太好玩了,推荐,8.1,48,57,太好玩了,玩法,正面
207,207,2026-02-28,没什么好说的 绝对的物超所值 无脑入就行了,推荐,10.2,49,158,没什么好说的 绝对的物超所值 无脑入就行了,价格,正面
208,208,2026-02-28,ok,推荐,7.9,32,191,ok,其他,正面
209,209,2026-02-28,"RTX 5090D + i7 14700KF +32G DDR5

An unhandled exception occurred.

re9.exe!0x140000000 + 0x9e7eabe
re9.exe!0x140000000 + 0x9e7e2fd

fxxk you CAPCOM!",不推荐,0.8,24,33,RTX 5090D i7 14700KF 32G DDR5 An unhandled exception occurred re9 exe 0x140000000 0x9e7eabe re9 exe 0x140000000 0x9e7e2fd fxxk you CAPCOM,优化,负面
210,210,2026-02-28,主线九小时左右通关，体验下来很爽，能给到9分，槽点就是前期“女孩”怪物太阴了阴魂不散好几张图都是她后期暴君出场的时候真的让我会心一笑，老朋友又来了，从疗养院到浣熊市之后就是一个半开放地图，可以随意探索，加油站的电锯人初见杀，没想要要拿电锯对锯子弹几乎打不死，后面我看到他直接跑，另外在后台支援的雪莉也是风韵犹存很漂亮,推荐,13.9,45,154,主线九小时左右通关 体验下来很爽 能给到9分 槽点就是前期 女孩 怪物太阴了阴魂不散好几张图都是她后期暴君出场的时候真的让我会心一笑 老朋友又来了 从疗养院到浣熊市之后就是一个半开放地图 可以随意探索 加油站的电锯人初见杀 没想要要拿电锯对锯子弹几乎打不死 后面我看到他直接跑 另外在后台支援的雪莉也是风韵犹存很漂亮,剧情,正面
211,211,2026-02-28,太他妈好玩了，grace尿都要飚出来了,推荐,2.5,26,85,太他妈好玩了 grace尿都要飚出来了,玩法,正面
212,212,2026-02-28,卡表依旧是卡表，有能力做十分九分，但是就是要省钱，做个七八分的东西,推荐,0.3,27,36,卡表依旧是卡表 有能力做十分九分 但是就是要省钱 做个七八分的东西,优化,正面
213,213,2026-02-28,赞爆，说实话格蕾丝的部分更有意思点，个人觉得比生化7更刺激,推荐,13.0,23,82,赞爆 说实话格蕾丝的部分更有意思点 个人觉得比生化7更刺激,剧情,正面
214,214,2026-02-28,"流程较短但够了，画面表现力大幅度提升，战斗角色之间各具特色，憋屈的格蕾丝，爽快的里昂，丧尸更加有生命力，关卡找钥匙套捡垃圾和各种小解密，依然背包危机

画面表现
比历代都进步很多，感官好上很多，很舒服

战斗
格蕾丝，更注重潜行，资源稀缺，把敌人打倒只能推开，无法处决（没伤害可能），但有了打针后，可以潜行扎针一击必杀，但基本绕着敌人跑，开着第一人称整体沉浸感还是不错的。有了合成，吸取丧尸血液，自己合成道具
里昂，那直接乱杀，看到怪直接突突死，资源较多，把敌人打倒后可以处决，处决动作根据地形、怪物有不同的处决动作，每种怪物还有不同的处决部位，可以拿起电锯在丧尸里挥舞，一时不知在玩生化还是丧尸围城。这次从小刀换成小斧，更加暴力，同样可以拼刀（包括电锯）。格蕾丝的合成变成了战斗积分，更鼓励战斗，获得的积分可以换取道具和升级武器

关卡
大场景2个，不管大箱庭还是小箱庭，都是找三样物品来开门（最后找两个），实则多了体感有点厌烦
关卡结构上还是生化的特色，复杂的地方2处，其他基本为一本道，除此有着2代和78代的回忆",推荐,15.7,16,75,流程较短但够了 画面表现力大幅度提升 战斗角色之间各具特色 憋屈的格蕾丝 爽快的里昂 丧尸更加有生命力 关卡找钥匙套捡垃圾和各种小解密 依然背包危机 画面表现 比历代都进步很多 感官好上很多 很舒服 战斗 格蕾丝 更注重潜行 资源稀缺 把敌人打倒只能推开 无法处决 没伤害可能 但有了打针后 可以潜行扎针一击必杀 但基本绕着敌人跑 开着第一人称整体沉浸感还是不错的 有了合成 吸取丧尸血液 自己合成道具 里昂 那直接乱杀 看到怪直接突突死 资源较多 把敌人打倒后可以处决 处决动作根据地形 怪物有不同的处决动作 每种怪物还有不同的处决部位 可以拿起电锯在丧尸里挥舞 一时不知在玩生化还是丧尸围城 这次从小刀换成小斧 更加暴力 同样可以拼刀 包括电锯 格蕾丝的合成变成了战斗积分 更鼓励战斗 获得的积分可以换取道具和升级武器 关卡 大场景2个 不管大箱庭还是小箱庭 都是找三样物品来开门 最后找两个 实则多了体感有点厌烦 关卡结构上还是生化的特色 复杂的地方2处 其他基本为一本道 除此有着2代和78代的回忆,画面,正面
215,215,2026-02-28,玩过re2的 前期疗养院关卡应该不会出现资源紧张的现象 基本怪全清,推荐,7.8,8,17,玩过re2的 前期疗养院关卡应该不会出现资源紧张的现象 基本怪全清,玩法,正面
216,216,2026-02-28,玩两小时格蕾丝奖励你玩5分钟里昂,不推荐,0.4,9,168,玩两小时格蕾丝奖励你玩5分钟里昂,玩法,负面
217,217,2026-02-28,兄弟们，不要怕，没有修改器就没有修改器，丧尸也只是上班打卡，又不会从显示里伸出一双手来抓你，怕啥，你是就是里昂，干就对了,推荐,12.2,7,66,兄弟们 不要怕 没有修改器就没有修改器 丧尸也只是上班打卡 又不会从显示里伸出一双手来抓你 怕啥 你是就是里昂 干就对了,情怀,正面
218,218,2026-02-28,1,推荐,8.9,11,20,1,其他,正面
219,219,2026-02-28,里昂！！！！！！！！！,推荐,12.6,12,171,里昂,情怀,正面
220,220,2026-02-28,好玩，一下子玩了18小时,推荐,20.8,5,164,好玩 一下子玩了18小时,玩法,正面
221,221,2026-02-28,"花了7个小时通关完，说说我的感受。本作算是卡表第一次尝试将恐怖解密和动作冒险分别分给两个主角的成果。恐怖感渲染的很到位，特别是疗养院更加智能的丧尸；里昂篇动作打斗也很不错，不管是处决或武器打击感都爽到爆炸。但是！！游戏前期这种双主角体验体验很有割裂感，一会儿让里昂简单给你爽个几分钟又切回格蕾丝了，尿不尽感觉。但是后期大部分故事交给里昂操作也算是补回来了。这次的硬伤在于剧情，感觉最终反派铺垫不够，动机也没交待明白，后期就当个一日游怪给刷了，塑造的也不怎么恐怖和立体，里面有些对话还有莫名其妙的暧昧感；里昂和雪梨好像全局都没解释他们是为什么感染的，整个剧情就迷迷糊糊的，感觉卡表这次做游戏有点没放开，收着做的。PC现在感觉优化有点小问题，我5080+9800x3d，在里昂篇的时候low帧开始疯狂抖，不知道为啥。但必须要夸赞卡普空的点在于游戏里面不管是气氛还是阶段性boss做的真的蛮恐怖的，极具沉浸感，还是不错，游戏前期酷似Re7+Re2。我还是想给个特别好评，游戏整体还是挺不错的，推荐入手。但如果你不是生化系列死忠粉可以等个时间打折再入。希望后期dlc能圆一下剧情。
如果按次世代生化危机系列可玩性排名：生4re ，生2re，生9，生8，生3re",推荐,13.8,31,90,花了7个小时通关完 说说我的感受 本作算是卡表第一次尝试将恐怖解密和动作冒险分别分给两个主角的成果 恐怖感渲染的很到位 特别是疗养院更加智能的丧尸 里昂篇动作打斗也很不错 不管是处决或武器打击感都爽到爆炸 但是 游戏前期这种双主角体验体验很有割裂感 一会儿让里昂简单给你爽个几分钟又切回格蕾丝了 尿不尽感觉 但是后期大部分故事交给里昂操作也算是补回来了 这次的硬伤在于剧情 感觉最终反派铺垫不够 动机也没交待明白 后期就当个一日游怪给刷了 塑造的也不怎么恐怖和立体 里面有些对话还有莫名其妙的暧昧感 里昂和雪梨好像全局都没解释他们是为什么感染的 整个剧情就迷迷糊糊的 感觉卡表这次做游戏有点没放开 收着做的 PC现在感觉优化有点小问题 我5080 9800x3d 在里昂篇的时候low帧开始疯狂抖 不知道为啥 但必须要夸赞卡普空的点在于游戏里面不管是气氛还是阶段性boss做的真的蛮恐怖的 极具沉浸感 还是不错 游戏前期酷似Re7 Re2 我还是想给个特别好评 游戏整体还是挺不错的 推荐入手 但如果你不是生化系列死忠粉可以等个时间打折再入 希望后期dlc能圆一下剧情 如果按次世代生化危机系列可玩性排名 生4re 生2re 生9 生8 生3re,剧情,正面
222,222,2026-02-28,"恐怖感拉满
",推荐,16.4,7,16,恐怖感拉满,音效,正面
223,223,2026-02-28,非常好玩,推荐,5.3,2,161,非常好玩,玩法,正面
224,224,2026-02-28,"必须my eduard badaluta  len sctto kennedy dad ,come bakc. my favourite dad leon ，global heartthrob .",推荐,11.4,8,17,必须my eduard badaluta len sctto kennedy dad come bakc my favourite dad leon global heartthrob,情怀,正面
225,225,2026-02-28,可以玩到前几代的影子，女主第一人称恐怖氛围还是不错的，里昂还是一如既往的潇洒帅气,推荐,4.3,20,129,可以玩到前几代的影子 女主第一人称恐怖氛围还是不错的 里昂还是一如既往的潇洒帅气,情怀,正面
226,226,2026-02-28,没有DS手柄适配失望,不推荐,1.8,34,143,没有DS手柄适配失望,其他,负面
227,227,2026-02-28,大光头你也不行啊,不推荐,11.5,29,188,大光头你也不行啊,其他,负面
228,228,2026-02-28,还是经典的味道,推荐,13.1,8,67,还是经典的味道,情怀,正面
229,229,2026-02-28,没有全屏，也不能调灵敏度和视野，笔记本玩还有黑边，端着个半成品就出来了，卡表你m呢,不推荐,2.0,29,88,没有全屏 也不能调灵敏度和视野 笔记本玩还有黑边 端着个半成品就出来了 卡表你m呢,优化,负面
230,230,2026-02-28,里昂太帅,推荐,3.6,10,69,里昂太帅,情怀,正面
231,231,2026-02-28,中西晃屎 傻逼逃生玩多了？ 那么喜欢憋屈注水弱鸡主角部分？ 我的建议格蕾丝这部分全删除都不过分 全改李三光 喜欢玩格蕾丝的鉴定为生7入坑的傻逼！,不推荐,4.2,36,145,中西晃屎 傻逼逃生玩多了 那么喜欢憋屈注水弱鸡主角部分 我的建议格蕾丝这部分全删除都不过分 全改李三光 喜欢玩格蕾丝的鉴定为生7入坑的傻逼,剧情,负面
232,232,2026-02-28,法拉利老了还是法拉利,推荐,7.4,48,207,法拉利老了还是法拉利,情怀,正面
233,233,2026-02-28,从头帅到尾,推荐,12.7,25,34,从头帅到尾,情怀,正面
234,234,2026-02-28,生化危机就是世界上最棒的箱庭游戏\o/,推荐,13.9,2,61,生化危机就是世界上最棒的箱庭游戏 o,玩法,正面
235,235,2026-02-28,"优点：
1.关于格蕾丝关卡，这一代的生化危机游玩下来感觉压迫感远强于生化7，从大型“女孩”到疗养院的大胃袋，以及地下的探索，恐怖元素可以说做的非常好了，如果喜欢恐怖要素的可以放心冲
2.关于里昂，这一代里昂不再像生化4那样有数不完的子弹，也不像生化4中里昂大杀四方，主打战斗爽；这一代在战斗爽的同时，可以看出制作组在有意弱化里昂的能力，比如在一定场景下里昂会面例如：临怪多，子弹或血量不够的情况，个人感觉这做的非常好
3.大胆的半开放世界，个人认为优大于劣，里昂浣熊市篇从原来的按步骤不可以自由选择到现在玩家可以自己选择先做哪个任务，先开哪扇门，这无疑是一次优秀的创新。
4.情怀——这就不多展开了
不足：
1.剧情的细节有待完善，例如：作为1名FBI探员的格蕾丝会被吓到忘记捡枪
2.部分关卡没有充足的路线引导，导致会出现迷路的情况，希望后续可以完善引导
3.流程时间，本人在标准现代难度下一周目总通关时长为9小时43分，时间略段了
4.地图：在里昂关卡中个人感觉可以在浣熊市内边将街道缩窄，以便更好有压迫感
综上：
这一代无疑是一部优秀的作品，即以往作品有点与一身的优秀制作，并且有新的尝试，无疑为生化危机系列注入了全新的体验与新的血液，喜欢的可以入手！！！❓️没钱，那就等等，等等党永远不亏！！！
对了，如果我的评价对你有帮助，点个赞再走吧👍，🦀🦀叠们",推荐,13.3,29,138,优点 1 关于格蕾丝关卡 这一代的生化危机游玩下来感觉压迫感远强于生化7 从大型 女孩 到疗养院的大胃袋 以及地下的探索 恐怖元素可以说做的非常好了 如果喜欢恐怖要素的可以放心冲 2 关于里昂 这一代里昂不再像生化4那样有数不完的子弹 也不像生化4中里昂大杀四方 主打战斗爽 这一代在战斗爽的同时 可以看出制作组在有意弱化里昂的能力 比如在一定场景下里昂会面例如 临怪多 子弹或血量不够的情况 个人感觉这做的非常好 3 大胆的半开放世界 个人认为优大于劣 里昂浣熊市篇从原来的按步骤不可以自由选择到现在玩家可以自己选择先做哪个任务 先开哪扇门 这无疑是一次优秀的创新 4 情怀 这就不多展开了 不足 1 剧情的细节有待完善 例如 作为1名FBI探员的格蕾丝会被吓到忘记捡枪 2 部分关卡没有充足的路线引导 导致会出现迷路的情况 希望后续可以完善引导 3 流程时间 本人在标准现代难度下一周目总通关时长为9小时43分 时间略段了 4 地图 在里昂关卡中个人感觉可以在浣熊市内边将街道缩窄 以便更好有压迫感 综上 这一代无疑是一部优秀的作品 即以往作品有点与一身的优秀制作 并且有新的尝试 无疑为生化危机系列注入了全新的体验与新的血液 喜欢的可以入手 没钱 那就等等 等等党永远不亏 对了 如果我的评价对你有帮助 点个赞再走吧 叠们,剧情,正面
236,236,2026-02-28,"进了RPD之后话都不会说了，围着办公室转了一圈又一圈。这里的成就叫英雄归来，但是我宁愿永远不做这个英雄。
“伯拉纳警长，警员肯尼迪向您报到”",推荐,13.6,18,127,进了RPD之后话都不会说了 围着办公室转了一圈又一圈 这里的成就叫英雄归来 但是我宁愿永远不做这个英雄 伯拉纳警长 警员肯尼迪向您报到,情怀,正面
237,237,2026-02-28,作为系列正作，质量肯定是合格的，目前刚进方舟，故事叙事也过关，让我觉得比较惊喜的是格蕾丝的成长。另外美中不足的是，感觉制作组把大部分重心都放在的疗养院，也不是说其他地图做的不好，只是没能达到疗养院的那个水准。不过总的来说还是满足我的预期的。,推荐,14.0,43,102,作为系列正作 质量肯定是合格的 目前刚进方舟 故事叙事也过关 让我觉得比较惊喜的是格蕾丝的成长 另外美中不足的是 感觉制作组把大部分重心都放在的疗养院 也不是说其他地图做的不好 只是没能达到疗养院的那个水准 不过总的来说还是满足我的预期的,剧情,正面
238,238,2026-02-28,"Such a good game, just buy it! man !",推荐,5.4,9,118,Such a good game just buy it man,情怀,正面
239,239,2026-02-28,"神中神
伟大无需多言",推荐,12.7,38,197,神中神 伟大无需多言,情怀,正面
240,240,2026-02-28,HW,推荐,11.5,13,122,HW,其他,正面
241,241,2026-02-28,好玩，格蕾丝可爱捏，里昂还是那么帅,推荐,4.0,24,133,好玩 格蕾丝可爱捏 里昂还是那么帅,情怀,正面
242,242,2026-02-28,"我又回来了😎
马年吉祥
别惹我🐴
我曾是一名法外狂徒
名叫汉克
马惹法克🐱‍👤",推荐,2.2,5,14,我又回来了 马年吉祥 别惹我 我曾是一名法外狂徒 名叫汉克 马惹法克,情怀,正面
243,243,2026-02-28,卖情怀和致敬占比重太多，无论是场景、BOSS、台词致敬的都太多，老玩家也许会会心一笑，但占了大量篇幅，导致游戏本身没有让人记忆深刻的新内容，BOSS的塑造和BOSS战创意精彩度没有达到系列作品及格线。剧情没问题，但解密部分过于简单，场景太少（同样因为致敬太多，导致场景重复、玩法也重复，比如孤儿院），浣熊市很多人觉得太少，我个人反而觉得占用的篇幅太大，被核弹洗礼过的废墟没必须要占那么多篇幅，以至浣熊市的大量废墟爬楼感觉自己在玩尼尔或剑星，后面突然的摩托战衔接的十分僵硬，之前还在考虑爬楼翻墙开门的问题，突然就变成了美国队长大战冬兵。总体来说女主角格蕾丝线的角色塑造不错，成长弧还可以，几个BOSS就像背景板一样路人，毫无魅力甚至有些可笑，里昂部分发挥稳定。最后很多人说没有艾达，非常合理，我一点也不想看到近50岁的大妈艾达依然还活跃在一线当特工，而她没有作为某组织文职或首脑在剧情里露脸也很合理，合理的诠释了艾达的个性和职业，无即是有，也是交代了角色的后续,推荐,13.7,31,40,卖情怀和致敬占比重太多 无论是场景 BOSS 台词致敬的都太多 老玩家也许会会心一笑 但占了大量篇幅 导致游戏本身没有让人记忆深刻的新内容 BOSS的塑造和BOSS战创意精彩度没有达到系列作品及格线 剧情没问题 但解密部分过于简单 场景太少 同样因为致敬太多 导致场景重复 玩法也重复 比如孤儿院 浣熊市很多人觉得太少 我个人反而觉得占用的篇幅太大 被核弹洗礼过的废墟没必须要占那么多篇幅 以至浣熊市的大量废墟爬楼感觉自己在玩尼尔或剑星 后面突然的摩托战衔接的十分僵硬 之前还在考虑爬楼翻墙开门的问题 突然就变成了美国队长大战冬兵 总体来说女主角格蕾丝线的角色塑造不错 成长弧还可以 几个BOSS就像背景板一样路人 毫无魅力甚至有些可笑 里昂部分发挥稳定 最后很多人说没有艾达 非常合理 我一点也不想看到近50岁的大妈艾达依然还活跃在一线当特工 而她没有作为某组织文职或首脑在剧情里露脸也很合理 合理的诠释了艾达的个性和职业 无即是有 也是交代了角色的后续,情怀,正面
244,244,2026-02-28,神中神，就爱玩疗养院,推荐,8.5,46,205,神中神 就爱玩疗养院,情怀,正面
245,245,2026-02-28,good game,推荐,5.6,40,149,good game,其他,正面
246,246,2026-02-28,历代生化危机最佳，既有格瑞斯视角的惊险恐怖又有李昂视角的爽杀，关卡设计也非常不错。画质上对比re4也有质的提升。,推荐,15.3,29,188,历代生化危机最佳 既有格瑞斯视角的惊险恐怖又有李昂视角的爽杀 关卡设计也非常不错 画质上对比re4也有质的提升,玩法,正面
247,247,2026-02-28,构思剧情，构思流程，时隔多年的续作端出这么一坨。,不推荐,11.2,23,32,构思剧情 构思流程 时隔多年的续作端出这么一坨,剧情,负面
248,248,2026-02-28,个人觉得这代在恐怖和动作节奏平衡上简直一绝，感觉制作组算好了玩家的成长升级，前期女主唯唯诺诺省吃俭用，当我女主刚刚扎了第四针的稳定剂，两枪头小僵尸就趴下了正准备爽结果就给我切成了李昂，李昂号刚刚发育完成换了新枪结果就切成女主回忆剧情，全程一下恐怖游戏一下动作游戏,推荐,14.4,20,29,个人觉得这代在恐怖和动作节奏平衡上简直一绝 感觉制作组算好了玩家的成长升级 前期女主唯唯诺诺省吃俭用 当我女主刚刚扎了第四针的稳定剂 两枪头小僵尸就趴下了正准备爽结果就给我切成了李昂 李昂号刚刚发育完成换了新枪结果就切成女主回忆剧情 全程一下恐怖游戏一下动作游戏,玩法,正面
249,249,2026-02-28,good,推荐,2.1,14,73,good,其他,正面
250,250,2026-02-28,一个游戏两种体验,推荐,11.5,20,179,一个游戏两种体验,玩法,正面
251,251,2026-02-28,好玩,推荐,10.4,9,68,好玩,玩法,正面
252,252,2026-02-28,不论是格蕾丝的躲藏，还是里昂的杀戮，不得不承认，这部绝对是一部上乘之作， 在画面表现和打斗剧情也十分带感的，就是个人看着里昂的跑步姿势有些奇怪的样子，其他都是我认为无可挑剔的，也许卡普空知道里昂的人气，所以即便是加入一个女主后，依然给了里昂充足且爽感十足的单人剧情线，在玩到警察局时，不得不感慨，曾经的小警员，现在已经是DSO的资深探员了，时间匆匆而逝，而我们的里昂依旧宝刀未老，而且看后续，里昂还要再战二十年，加油！！！！,推荐,13.4,4,13,不论是格蕾丝的躲藏 还是里昂的杀戮 不得不承认 这部绝对是一部上乘之作 在画面表现和打斗剧情也十分带感的 就是个人看着里昂的跑步姿势有些奇怪的样子 其他都是我认为无可挑剔的 也许卡普空知道里昂的人气 所以即便是加入一个女主后 依然给了里昂充足且爽感十足的单人剧情线 在玩到警察局时 不得不感慨 曾经的小警员 现在已经是DSO的资深探员了 时间匆匆而逝 而我们的里昂依旧宝刀未老 而且看后续 里昂还要再战二十年 加油,剧情,正面
253,253,2026-02-28,bro为啥这么多差评,推荐,8.2,6,15,bro为啥这么多差评,其他,正面
254,254,2026-02-28,这就是神作。。。,推荐,12.0,13,122,这就是神作,情怀,正面
255,255,2026-02-28,好玩。,推荐,11.2,33,192,好玩,玩法,正面
256,256,2026-02-28,臭卡婊你还我Emily😭😭😭😭😭😭😭😭😭😭😭😭😭😭😭😭😭😭😭😭😭😭😭😭😭😭😭😭😭😭😭😭😭😭😭😭😭😭😭😭😭😭😭😭😭😭😭😭😭😭😭😭😭😭😭,推荐,7.7,27,86,臭卡婊你还我Emily,情怀,正面
257,257,2026-02-28,好玩,推荐,12.0,38,47,好玩,玩法,正面
258,258,2026-02-28,有点短,推荐,13.7,47,56,有点短,其他,正面
259,259,2026-02-28,里昂太帅了,推荐,13.1,6,165,里昂太帅了,情怀,正面
260,260,2026-02-28,好玩 爱玩,推荐,9.4,35,144,好玩 爱玩,玩法,正面
261,261,2026-02-28,贡献一下自己为数不多的评论，可以说生化的情怀之作。游玩过程中可以找到数不胜数前几作的身影，最想不到的不仅是暴君回归，居然还能和追追再续孽缘，唯一遗憾的就只有艾达没有回归，期待一手DLC。,推荐,15.2,13,172,贡献一下自己为数不多的评论 可以说生化的情怀之作 游玩过程中可以找到数不胜数前几作的身影 最想不到的不仅是暴君回归 居然还能和追追再续孽缘 唯一遗憾的就只有艾达没有回归 期待一手DLC,情怀,正面
262,262,2026-02-28,这代打击感我觉得是最好的一代,推荐,16.5,42,151,这代打击感我觉得是最好的一代,玩法,正面
263,263,2026-02-28,花有重开日 人无再少年 这十四年的重逢就告一段落吧,推荐,13.7,25,84,花有重开日 人无再少年 这十四年的重逢就告一段落吧,情怀,正面
264,264,2026-02-28,夯,推荐,13.4,14,123,夯,其他,正面
265,265,2026-02-28,有点短,推荐,14.1,5,164,有点短,其他,正面
266,266,2026-02-28,优化确实有点问题，但是我一个3050的电脑也没啥发言权，游戏好玩哈哈,推荐,13.4,17,176,优化确实有点问题 但是我一个3050的电脑也没啥发言权 游戏好玩哈哈,玩法,正面
267,267,2026-02-28,有人透露本体15h的流程，具体打下来只有10h游戏＋5hcg剧情，平均一小时20块钱的游戏体验不如打折入手,推荐,15.5,10,119,有人透露本体15h的流程 具体打下来只有10h游戏 5hcg剧情 平均一小时20块钱的游戏体验不如打折入手,价格,正面
268,268,2026-02-28,消费情怀，30周年的缝合怪。,不推荐,4.7,26,185,消费情怀 30周年的缝合怪,情怀,负面
269,269,2026-02-28,连着玩了7小时,推荐,8.3,47,106,连着玩了7小时,玩法,正面
270,270,2026-02-28,索索买了PS手柄去PC玩RE9，你们这样大逆不道你们索爹会骂人的啊,推荐,3.8,25,84,索索买了PS手柄去PC玩RE9 你们这样大逆不道你们索爹会骂人的啊,情怀,正面
271,271,2026-02-28, 你妈的还得是老牌劲旅来劲，太爽了,推荐,8.9,32,41,你妈的还得是老牌劲旅来劲 太爽了,情怀,正面
272,272,2026-02-28,玩的很爽，优化也很好。希望下一步能更进一步！,推荐,13.2,50,59,玩的很爽 优化也很好 希望下一步能更进一步,优化,正面
273,273,2026-02-28,生化系列无出其右的集大成之作,推荐,13.4,39,148,生化系列无出其右的集大成之作,情怀,正面
274,274,2026-02-28,"【涉及剧透】画面和美术风格很不错，不算挂机时间通关流程十小时不到，对我来说体量算刚好。
不知道为什么网上都说格蕾丝部分不好玩，既有难度事宜解谜追逐潜行又有设计恰到好处的反击手段，第一人称感觉也不是很恐怖（感觉不如岳父岳母，甚至不如生化8人偶关），到处吸血攒血瓶最后把胖哥哥弄得爆浆真的很爽，探索游戏性这块拉满了。
后面换了里昂以为能爽玩，然而五旬老人的操作手感真的很迷，闪避、长枪超长后摇，随便一个小僵尸都能追上来从后面给你爱的抱抱，尤其是浣熊市市外那关，堆怪堆得离谱，有的人能杀爽，但是小部分情况就是必须要背板，玩里昂死的次数甚至比玩格蕾丝还多。玩到一半有事退了一下，再回来玩完全不知道要去哪儿。末日氛围刻画得很好但是感觉没啥辨识度，我是一口气玩到浣熊市的，前面体验都很好想一口气通关的感觉，玩到这儿突然力竭了。
不过警察局这块还算有心，各种老物件的互动，音乐阴沉中夹杂着悲伤，遇到尚存的警察丧尸时李老头的句句独白，仿佛把你拉回几年前玩生化2的瞬间，脑子浮现出暴君、王阿姨、克莱尔、雪梨的脸，结果暴君还真的出来了，但是对艾达的思念也更深了。
最后方舟这块没啥好说的，就是前面关卡的简化版，舔舔依旧很可爱。
至于剧情见仁见智吧，反正前面旅馆、直升机这些地方我都觉得挺离谱的，但看到最后也是和解了，选的拿出厄尔庇斯，感觉还是能圆，女主一开始各种叫感觉挺烦的，到了后面救出艾米丽后也成长了不少，让我想起里昂去找碍事梨，和克莱尔救出雪梨的时候，也越来越喜欢这个人物了，人物弧光刻画很不错。
虽然最后剧情也是有点强行圆又来谍中谍的意思，但是生化危机嘛，我觉得能给我以上的体验很不错了。
10分打8.5分，还有卡普空你能不能设置个自动换弹！！！每次换弹自己按，举着枪瞄了半天发现没子弹，等我半天子弹换好怪都围上来了。",推荐,14.0,45,154,涉及剧透 画面和美术风格很不错 不算挂机时间通关流程十小时不到 对我来说体量算刚好 不知道为什么网上都说格蕾丝部分不好玩 既有难度事宜解谜追逐潜行又有设计恰到好处的反击手段 第一人称感觉也不是很恐怖 感觉不如岳父岳母 甚至不如生化8人偶关 到处吸血攒血瓶最后把胖哥哥弄得爆浆真的很爽 探索游戏性这块拉满了 后面换了里昂以为能爽玩 然而五旬老人的操作手感真的很迷 闪避 长枪超长后摇 随便一个小僵尸都能追上来从后面给你爱的抱抱 尤其是浣熊市市外那关 堆怪堆得离谱 有的人能杀爽 但是小部分情况就是必须要背板 玩里昂死的次数甚至比玩格蕾丝还多 玩到一半有事退了一下 再回来玩完全不知道要去哪儿 末日氛围刻画得很好但是感觉没啥辨识度 我是一口气玩到浣熊市的 前面体验都很好想一口气通关的感觉 玩到这儿突然力竭了 不过警察局这块还算有心 各种老物件的互动 音乐阴沉中夹杂着悲伤 遇到尚存的警察丧尸时李老头的句句独白 仿佛把你拉回几年前玩生化2的瞬间 脑子浮现出暴君 王阿姨 克莱尔 雪梨的脸 结果暴君还真的出来了 但是对艾达的思念也更深了 最后方舟这块没啥好说的 就是前面关卡的简化版 舔舔依旧很可爱 至于剧情见仁见智吧 反正前面旅馆 直升机这些地方我都觉得挺离谱的 但看到最后也是和解了 选的拿出厄尔庇斯 感觉还是能圆 女主一开始各种叫感觉挺烦的 到了后面救出艾米丽后也成长了不少 让我想起里昂去找碍事梨 和克莱尔救出雪梨的时候 也越来越喜欢这个人物了 人物弧光刻画很不错 虽然最后剧情也是有点强行圆又来谍中谍的意思 但是生化危机嘛 我觉得能给我以上的体验很不错了 10分打8 5分 还有卡普空你能不能设置个自动换弹 每次换弹自己按 举着枪瞄了半天发现没子弹 等我半天子弹换好怪都围上来了,剧情,正面
275,275,2026-02-28,"马桶里的虫 让人想起家庭聚餐 
地下道里的铁链 记忆在提醒你别发出声音
村庄里的巨婴长成了胖子 
而我们不需要再逃跑 因为有溶血剂",推荐,9.3,5,114,马桶里的虫 让人想起家庭聚餐 地下道里的铁链 记忆在提醒你别发出声音 村庄里的巨婴长成了胖子 而我们不需要再逃跑 因为有溶血剂,剧情,正面
276,276,2026-02-28,"正版受害者,CDK一天了 也进不去",不推荐,3.3,39,148,正版受害者 CDK一天了 也进不去,价格,负面
277,277,2026-02-28,实机跟CG一样，这你受得了吗,推荐,3.9,23,82,实机跟CG一样 这你受得了吗,画面,正面
278,278,2026-02-28,好玩，无需多言,推荐,4.3,12,171,好玩 无需多言,玩法,正面
279,279,2026-02-28,好玩，和期待的一样,推荐,5.1,47,206,好玩 和期待的一样,情怀,正面
280,280,2026-02-28,你能不能1个月出一部啊卡婊,推荐,6.5,17,76,你能不能1个月出一部啊卡婊,情怀,正面
281,281,2026-02-28,"格蕾丝线恐怖程度跟2re代差不多
里昂线感觉跟4re差不多
总之目前来说刚到地下血池 体验还不错。
优化还算可以 4070 2K全拉满路径光追 DLSS质量档室内有80-100帧左右  可以接受！",推荐,7.0,25,134,格蕾丝线恐怖程度跟2re代差不多 里昂线感觉跟4re差不多 总之目前来说刚到地下血池 体验还不错 优化还算可以 4070 2K全拉满路径光追 DLSS质量档室内有80 100帧左右 可以接受,优化,正面
282,282,2026-02-28,中规中矩。,推荐,4.2,3,12,中规中矩,其他,正面
283,283,2026-02-28,最垃圾的一代，狗屎中的狗屎。作为生化危机30周年的大作，玩法和剧情没有丝毫的改进。烂大街的找东西，烂大街的找完东西跳怪，毫无新意的剧情杀强迫你消耗资源，毫无意义的人物切换。狗屎中的狗屎，垃圾中的垃圾,不推荐,11.2,1,160,最垃圾的一代 狗屎中的狗屎 作为生化危机30周年的大作 玩法和剧情没有丝毫的改进 烂大街的找东西 烂大街的找完东西跳怪 毫无新意的剧情杀强迫你消耗资源 毫无意义的人物切换 狗屎中的狗屎 垃圾中的垃圾,玩法,负面
284,284,2026-02-28,全方面的帅，全方面的更进一步,推荐,1.4,34,193,全方面的帅 全方面的更进一步,画面,正面
285,285,2026-02-28,安魂曲名副其实，既有老角色惊喜登场和体面退休，又有新角色格蕾丝的崛起，流程量大管饱，极致的恐怖体验和暴力美学相得益彰，故事最终也给浣熊市事件做出了相对完整的交代，推荐！,推荐,16.8,46,205,安魂曲名副其实 既有老角色惊喜登场和体面退休 又有新角色格蕾丝的崛起 流程量大管饱 极致的恐怖体验和暴力美学相得益彰 故事最终也给浣熊市事件做出了相对完整的交代 推荐,剧情,正面
286,286,2026-02-28,好好好,推荐,11.3,10,169,好好好,其他,正面
287,287,2026-02-28,好玩,推荐,9.2,39,48,好玩,玩法,正面
288,288,2026-02-28,好玩爱玩！格蕾丝和三光的双故事线很有意思，不仅可以继续战斗爽，也可以体验到老版生化的恐怖与解密,推荐,7.2,15,24,好玩爱玩 格蕾丝和三光的双故事线很有意思 不仅可以继续战斗爽 也可以体验到老版生化的恐怖与解密,玩法,正面
289,289,2026-02-28,这作格蕾丝线有78的紧张刺激 里昂线又有56的战斗爽 可以说又一集大成 玩的还挺开心的,推荐,22.9,27,186,这作格蕾丝线有78的紧张刺激 里昂线又有56的战斗爽 可以说又一集大成 玩的还挺开心的,玩法,正面
290,290,2026-02-28,太短了，初见通关只比RE3长,不推荐,11.6,4,13,太短了 初见通关只比RE3长,玩法,负面
291,291,2026-02-28,非常好游戏，这使我的安魂旋转,推荐,15.4,5,14,非常好游戏 这使我的安魂旋转,情怀,正面
292,292,2026-02-28,神 伟大 无需多言,推荐,15.6,1,10,神 伟大 无需多言,情怀,正面
293,293,2026-02-28,热爱的东西不多，生化危机算一个，有里昂的生化危机新作不会差。,推荐,8.1,3,12,热爱的东西不多 生化危机算一个 有里昂的生化危机新作不会差,情怀,正面
294,294,2026-02-28,"从2005手搓PS2第一次接触此系列的re4
一直到2026.02.28的自己
送给自己
生日快乐",推荐,4.2,19,178,从2005手搓PS2第一次接触此系列的re4 一直到2026 02 28的自己 送给自己 生日快乐,情怀,正面
295,295,2026-02-28,这是给生化系列粉丝的情书，我永远喜欢生化危机,推荐,17.1,18,77,这是给生化系列粉丝的情书 我永远喜欢生化危机,情怀,正面
296,296,2026-02-28,"好玩好玩好玩好玩好玩好玩好玩好玩好玩，就是流程太短了，卡普空什么时候出生化10我要看克里斯
",推荐,14.8,27,136,好玩好玩好玩好玩好玩好玩好玩好玩好玩 就是流程太短了 卡普空什么时候出生化10我要看克里斯,情怀,正面
297,297,2026-02-28,"游戏确实好玩，而且卡普空只要不搞开放世界是真的神，我7700xt显卡都能光追开高2k分辨率稳定100帧。
但我还是要差评，为什么呢，因为没有那个女人，等卡普空更新那个女人dlc之后再改回来!",不推荐,3.0,36,45,游戏确实好玩 而且卡普空只要不搞开放世界是真的神 我7700xt显卡都能光追开高2k分辨率稳定100帧 但我还是要差评 为什么呢 因为没有那个女人 等卡普空更新那个女人dlc之后再改回来,情怀,负面
298,298,2026-02-28,格蕾丝生化2恐怖解密+里昂生化4射击体术，卡普空的优化依然很棒，3060+i7可以稳定100~120hz，好玩爱玩，希望早日出dlc,推荐,8.0,33,42,格蕾丝生化2恐怖解密 里昂生化4射击体术 卡普空的优化依然很棒 3060 i7可以稳定100 120hz 好玩爱玩 希望早日出dlc,优化,正面
299,299,2026-02-28,"Хорошая игра, вообще мечтающий resident evil",推荐,9.0,20,129,Хорошая игра вообще мечтающий resident evil,情怀,正面
300,300,2026-02-28,"《生化危机9》用5080开DLAA跑4K，画面确实顶。格蕾丝脸上汗珠的反光、里昂头发丝根根分明，路径追踪+DLSS 4该有的效果都出来了。最让我服的是那些破旧房间的处理——墙上的霉斑、地上的垃圾堆，不是美末2那种“画”出来的贴图，是真的有物理层次的光影交互。你凑近看，光线在杂物间自然散射，没有漏光没有死黑，就这一点已经把美末2甩开一个时代了。
双主角设计也挺聪明，格蕾丝线走生存恐怖，无武器找螺丝刀那段真给我整出汗了；里昂线走动作爽游，斧子砍丧尸一路爽过去，低难度无脑解压，高难度压力也给足。有人说缺佣兵模式扣分，但我不玩那个，无所谓。
剧情目前推了三分之一，节奏顺，里昂人设在线，格蕾丝也立得住，就看后半段半开放场景会不会掉链子。总之这作在我库里和赛博朋克、美末、大表哥2并列第一梯队，全力推荐。

",推荐,4.7,36,45,生化危机9 用5080开DLAA跑4K 画面确实顶 格蕾丝脸上汗珠的反光 里昂头发丝根根分明 路径追踪 DLSS 4该有的效果都出来了 最让我服的是那些破旧房间的处理 墙上的霉斑 地上的垃圾堆 不是美末2那种 画 出来的贴图 是真的有物理层次的光影交互 你凑近看 光线在杂物间自然散射 没有漏光没有死黑 就这一点已经把美末2甩开一个时代了 双主角设计也挺聪明 格蕾丝线走生存恐怖 无武器找螺丝刀那段真给我整出汗了 里昂线走动作爽游 斧子砍丧尸一路爽过去 低难度无脑解压 高难度压力也给足 有人说缺佣兵模式扣分 但我不玩那个 无所谓 剧情目前推了三分之一 节奏顺 里昂人设在线 格蕾丝也立得住 就看后半段半开放场景会不会掉链子 总之这作在我库里和赛博朋克 美末 大表哥2并列第一梯队 全力推荐,画面,正面
301,301,2026-02-28,grace部分是老生化系列的精髓，各种丧尸的互动也只有在生化危机这个背景下才做的出来并且做的相当优秀；leon线动作十分出彩，但明显感觉到大部分游戏普遍存在的后期赶工问题导致的细节打磨不如前期，让leon线在主线后半部分占大部分内容的情况下有些失调。同时本体剧情整体算短，考虑到本人是个重度网瘾人对游戏时长要求较高，这里对游戏寿命感到不太满意，就算后续补充了dlc内容，但本质已经看得出来会是和生化7、8一样的3h左右的扫尾工作。总体来讲，游戏制作水平没有退步，而没有退步就是进步。在此给出个人评价8.5分,推荐,15.1,18,27,grace部分是老生化系列的精髓 各种丧尸的互动也只有在生化危机这个背景下才做的出来并且做的相当优秀 leon线动作十分出彩 但明显感觉到大部分游戏普遍存在的后期赶工问题导致的细节打磨不如前期 让leon线在主线后半部分占大部分内容的情况下有些失调 同时本体剧情整体算短 考虑到本人是个重度网瘾人对游戏时长要求较高 这里对游戏寿命感到不太满意 就算后续补充了dlc内容 但本质已经看得出来会是和生化7 8一样的3h左右的扫尾工作 总体来讲 游戏制作水平没有退步 而没有退步就是进步 在此给出个人评价8 5分,玩法,正面
302,302,2026-02-28,女主恐怖游戏，里昂动作游戏，好玩,推荐,14.1,44,103,女主恐怖游戏 里昂动作游戏 好玩,玩法,正面
303,303,2026-02-28,"11个小时通关
略有遗憾的作品
前期生化2经典的洋馆设计流程紧凑，并且在僵尸的真实感上做出了创新；中期矿洞复用钥匙的紧张感也着实很够；
然而发展到里昂进入浣熊市的半开放地图后，在小范围内的关卡设计全都沦为以主题优先的一本道式关卡，让人想起的是生化6而非生化4；
如果说关卡上不足是取舍的话，剧情上后期的赶工感就过于明显，两个boss的动机铺垫不足，对其野心的演绎甚至局限在后期很短的一部分，最终让人觉得两个boss一个不高兴，一个没头脑。在理想情况下，这段更应该用1~2章去叙述，可能会更好。

从生化4原版入坑，玩通了整个系列，不知不觉这个系列陪伴我成为了一个中登，看到里昂以这种形式回到故事开始的地方，仿佛自己也回到那个初探某个小村庄拯救总统女儿的下午。
时光令人唏嘘。",推荐,14.9,4,13,11个小时通关 略有遗憾的作品 前期生化2经典的洋馆设计流程紧凑 并且在僵尸的真实感上做出了创新 中期矿洞复用钥匙的紧张感也着实很够 然而发展到里昂进入浣熊市的半开放地图后 在小范围内的关卡设计全都沦为以主题优先的一本道式关卡 让人想起的是生化6而非生化4 如果说关卡上不足是取舍的话 剧情上后期的赶工感就过于明显 两个boss的动机铺垫不足 对其野心的演绎甚至局限在后期很短的一部分 最终让人觉得两个boss一个不高兴 一个没头脑 在理想情况下 这段更应该用1 2章去叙述 可能会更好 从生化4原版入坑 玩通了整个系列 不知不觉这个系列陪伴我成为了一个中登 看到里昂以这种形式回到故事开始的地方 仿佛自己也回到那个初探某个小村庄拯救总统女儿的下午 时光令人唏嘘,玩法,正面
304,304,2026-02-28,"好好好
",推荐,11.9,48,207,好好好,其他,正面
305,305,2026-02-28,里昂篇豪爽,推荐,22.4,37,146,里昂篇豪爽,情怀,正面
306,306,2026-02-28,冲就完了,推荐,10.2,48,157,冲就完了,其他,正面
307,307,2026-02-28,不支持2080TI，差评,不推荐,0.2,43,52,不支持2080TI 差评,优化,负面
308,308,2026-02-28,恐怖氛围与战斗爽感的绝佳体验，美中不足re引擎还是适合小场景，浣熊略微掉帧,推荐,10.2,44,203,恐怖氛围与战斗爽感的绝佳体验 美中不足re引擎还是适合小场景 浣熊略微掉帧,优化,正面
309,309,2026-02-28,做的好阿 ，卡普空,推荐,16.6,38,197,做的好阿 卡普空,情怀,正面
310,310,2026-02-28,毋庸置疑的神作,推荐,10.7,11,170,毋庸置疑的神作,情怀,正面
311,311,2026-02-28,经典的味道,推荐,12.8,9,18,经典的味道,情怀,正面
312,312,2026-02-28,"重返枪店的那一幕就值满分了

死神你怎么被亮哥给肘死了啊！",推荐,15.8,8,167,重返枪店的那一幕就值满分了 死神你怎么被亮哥给肘死了啊,情怀,正面
313,313,2026-02-28,三光依旧乱杀,推荐,15.2,14,173,三光依旧乱杀,情怀,正面
314,314,2026-02-28,非常好玩，元素集大成之作,推荐,9.1,24,133,非常好玩 元素集大成之作,玩法,正面
315,315,2026-02-28,豪万,推荐,2.0,36,195,豪万,其他,正面
316,316,2026-02-28,不错,推荐,4.3,28,87,不错,其他,正面
317,317,2026-02-28,好玩,推荐,10.1,38,197,好玩,玩法,正面
318,318,2026-02-28,很OK,推荐,7.6,41,100,很OK,其他,正面
319,319,2026-02-28,好玩,推荐,12.9,14,23,好玩,玩法,正面
320,320,2026-02-28,"这是一部各方面都十分稳健的优质作品。

注意：评论区里有些只玩了几十分钟的人，他们用 AI 生成评论或复制粘贴的媒体评论，内容涉及大量剧透和隐藏惊喜且不打码。这类人本质上只是跟风吹牛、赶时髦，并非真正在体验游戏。遇到这种评论，建议大家直接点踩。",推荐,1.9,44,53,这是一部各方面都十分稳健的优质作品 注意 评论区里有些只玩了几十分钟的人 他们用 AI 生成评论或复制粘贴的媒体评论 内容涉及大量剧透和隐藏惊喜且不打码 这类人本质上只是跟风吹牛 赶时髦 并非真正在体验游戏 遇到这种评论 建议大家直接点踩,其他,正面
321,321,2026-02-28,还没打完，打到浣熊市发现RE9做工真的精良，超越前几代的存在，非常值得游玩。,推荐,11.1,4,113,还没打完 打到浣熊市发现RE9做工真的精良 超越前几代的存在 非常值得游玩,画面,正面
322,322,2026-02-28,评价是好玩，作为只玩过RE重置系列4代的玩家目前很满意。格蕾丝疗养院5小时全收集，非常享受这个氛围，但是里昂的篇章反而有点无聊，转场有点割裂，里昂到疗养院都没怪打了哈哈哈哈,推荐,6.8,50,59,评价是好玩 作为只玩过RE重置系列4代的玩家目前很满意 格蕾丝疗养院5小时全收集 非常享受这个氛围 但是里昂的篇章反而有点无聊 转场有点割裂 里昂到疗养院都没怪打了哈哈哈哈,玩法,正面
323,323,2026-02-28,游玩过程直接躯体化了。,推荐,4.3,18,127,游玩过程直接躯体化了,其他,正面
324,324,2026-02-28,"玩法上，女主线是123及代号维罗妮卡的玩法，三光线是456的玩法
另外发现了一些前作的影子，属于是老粉狂喜了，可开盒顶棚，boss怕光，早上6点多，完全是0代最终boss战的重现
僵尸打死了会复活并强化，感觉像是1代的狂暴僵尸，疗养院的地图也有洋馆的感觉
2代浣熊先生
阴魂不散的“女孩”略像3代的追追
6代的巨型胖僵尸
7代的硬币兑换物品
三光的物品栏像8代的物品栏
收集血液有启示录1扫描的感觉
场景里某些物品，要后面进入的主角才能互动略像启示录2
评分的话标准版给96，豪华版98，1分给女主的服装，1分给浣熊市音乐和音效（毕竟冲着这个才入手豪华版）
作为一个98年入坑系列的老粉，对于这一作的表现非常满意，属于30周年的完美献礼",推荐,8.7,49,208,玩法上 女主线是123及代号维罗妮卡的玩法 三光线是456的玩法 另外发现了一些前作的影子 属于是老粉狂喜了 可开盒顶棚 boss怕光 早上6点多 完全是0代最终boss战的重现 僵尸打死了会复活并强化 感觉像是1代的狂暴僵尸 疗养院的地图也有洋馆的感觉 2代浣熊先生 阴魂不散的 女孩 略像3代的追追 6代的巨型胖僵尸 7代的硬币兑换物品 三光的物品栏像8代的物品栏 收集血液有启示录1扫描的感觉 场景里某些物品 要后面进入的主角才能互动略像启示录2 评分的话标准版给96 豪华版98 1分给女主的服装 1分给浣熊市音乐和音效 毕竟冲着这个才入手豪华版 作为一个98年入坑系列的老粉 对于这一作的表现非常满意 属于30周年的完美献礼,情怀,正面
325,325,2026-02-28,"单纯把生9提溜出来，全新的场景还是可以的，战斗系统的更新与优化其实更便于上手这个游戏了
但是谜底是新的，谜题的类型感觉和之前区别不是很大，新意不是很够，感觉可以在这个方面下下功夫
这次的剧情撇开了群像叙述确实挺好，生6的群像是个失败的例子，但9又有点英雄主义了，感觉里昂有点帅过头的感觉，有点像用力过猛了
还有就是经常客串的斯宾塞，确实在意料之外也在情理之中",推荐,6.0,47,56,单纯把生9提溜出来 全新的场景还是可以的 战斗系统的更新与优化其实更便于上手这个游戏了 但是谜底是新的 谜题的类型感觉和之前区别不是很大 新意不是很够 感觉可以在这个方面下下功夫 这次的剧情撇开了群像叙述确实挺好 生6的群像是个失败的例子 但9又有点英雄主义了 感觉里昂有点帅过头的感觉 有点像用力过猛了 还有就是经常客串的斯宾塞 确实在意料之外也在情理之中,玩法,正面
326,326,2026-02-28,总而言之剧情是很好的，总体上很好玩，重返浣熊市那一段让玩过re2重置的人玩会非常有感觉，但是里昂篇章战斗机制太差，怪打不出硬直，动作比较僵硬，武器刮痧，安魂子弹比前几作的马格南子弹少得多，安魂几乎吃灰,推荐,13.1,26,35,总而言之剧情是很好的 总体上很好玩 重返浣熊市那一段让玩过re2重置的人玩会非常有感觉 但是里昂篇章战斗机制太差 怪打不出硬直 动作比较僵硬 武器刮痧 安魂子弹比前几作的马格南子弹少得多 安魂几乎吃灰,玩法,正面
327,327,2026-02-28,好玩爱玩。质量依旧过硬。,推荐,2.2,25,34,好玩爱玩 质量依旧过硬,情怀,正面
328,328,2026-02-28,恐怖程度上超越生2生7，动作不输生4,推荐,9.7,38,197,恐怖程度上超越生2生7 动作不输生4,情怀,正面
329,329,2026-02-28,是的，这个游戏的确是由我主演的,推荐,13.5,39,148,是的 这个游戏的确是由我主演的,其他,正面
330,330,2026-02-28,好,推荐,4.5,26,85,好,其他,正面
331,331,2026-02-28,好玩，但是请给ds手柄加上适配，不然不改评价,不推荐,9.0,31,40,好玩 但是请给ds手柄加上适配 不然不改评价,优化,负面
332,332,2026-02-28,过瘾,推荐,14.1,39,148,过瘾,其他,正面
333,333,2026-02-28,好玩，还是熟悉的味道！,推荐,8.8,34,143,好玩 还是熟悉的味道,情怀,正面
334,334,2026-02-28,特别骚,推荐,7.4,37,196,特别骚,其他,正面
335,335,2026-02-28,"让人失望的粗糙游戏。不管对喜欢7代那种恐怖氛围的粉丝，还是4重置战斗/资源管理向的粉丝，都很难推荐。
资源系统：太过注重流程表演，以至于开局25%的流程，玩家没有一个稳定，可自己控制的背包与物资系统。有时候剧情会突然换人，或者某一段剧情完全不会将资源带入下一个关卡段，这些都是非常破坏对资源管理系统信任的做法。只会觉得反正后面系统会发对应的武器给主角。这样的预期值很难让生存恐怖的系统成立。反观re2/4/7，从游戏开始玩家搜集的资源都基本会带到后面去，也不会有太多系统突然拿走你背包内容的环节，最多就是完全换操作角色，并让你预期这个人的物资和主角是不共用的。
动作系统：大而不精密，给了很多动作与交互，但用起来和看起来都很粗糙（比如电锯，斧头）。电锯可以整个挥动到墙里面而没有反弹。像生化6。生化2/4的动作都非常克制，只要是能用的动作，必定打磨得极为精致合理，在表演上以及游戏功能上没有违和感。
剧情：所有人的行动都像假人，没有在特定的环境下做出符合一般人常识，或者符合角色人设的行动。剧情里面强行用老角色卖情怀和拉关系，就如同星球大战新三部曲一样，像是一群粉丝给系列写同人作品。虽然和过去有千丝万缕联系但是没有什么有价值，有益扩展生化这个世界观的内容。

总评：到了生化危机系列又一个生死存亡的关头。在重制版已经用完了三上和神谷时代的天才们的遗产之后，公司是否还能找到新的突破点，做出下一个世代更有趣的生化呢？还是说后续的作品会像是6，启示录1、2一样的平庸之作，让生化系列变成一个二线IP。这个转折点已经到来了。",不推荐,1.4,32,41,让人失望的粗糙游戏 不管对喜欢7代那种恐怖氛围的粉丝 还是4重置战斗 资源管理向的粉丝 都很难推荐 资源系统 太过注重流程表演 以至于开局25 的流程 玩家没有一个稳定 可自己控制的背包与物资系统 有时候剧情会突然换人 或者某一段剧情完全不会将资源带入下一个关卡段 这些都是非常破坏对资源管理系统信任的做法 只会觉得反正后面系统会发对应的武器给主角 这样的预期值很难让生存恐怖的系统成立 反观re2 4 7 从游戏开始玩家搜集的资源都基本会带到后面去 也不会有太多系统突然拿走你背包内容的环节 最多就是完全换操作角色 并让你预期这个人的物资和主角是不共用的 动作系统 大而不精密 给了很多动作与交互 但用起来和看起来都很粗糙 比如电锯 斧头 电锯可以整个挥动到墙里面而没有反弹 像生化6 生化2 4的动作都非常克制 只要是能用的动作 必定打磨得极为精致合理 在表演上以及游戏功能上没有违和感 剧情 所有人的行动都像假人 没有在特定的环境下做出符合一般人常识 或者符合角色人设的行动 剧情里面强行用老角色卖情怀和拉关系 就如同星球大战新三部曲一样 像是一群粉丝给系列写同人作品 虽然和过去有千丝万缕联系但是没有什么有价值 有益扩展生化这个世界观的内容 总评 到了生化危机系列又一个生死存亡的关头 在重制版已经用完了三上和神谷时代的天才们的遗产之后 公司是否还能找到新的突破点 做出下一个世代更有趣的生化呢 还是说后续的作品会像是6 启示录1 2一样的平庸之作 让生化系列变成一个二线IP 这个转折点已经到来了,玩法,负面
336,336,2026-02-28,体验还可以，就是剧情和一些流程显得一般,推荐,10.7,50,109,体验还可以 就是剧情和一些流程显得一般,剧情,正面
337,337,2026-02-28,"龙信2我没你打差评，荒野我也没给你打，到生9我真忍不了了。明明可以做生4一样的10分游戏，就是喜欢偷懒做个7分游戏糊弄过去，吃老本吃口碑，然后等到快死了再端出一个生四挽回局面，你是不是就是🗡啊。
前面的疗养院明明做的好好的，把路径追踪加进来也确实很成功，那到了浣熊市你做的什么狗屎。我去文件里面把电影颗粒关了画面还是有明显的噪点，欸拜托，我5080全开路径加质量这个画面，你re引擎大世界的优化做一辈子能做好么。
我看你下一个鬼武者重置了，我真有点想去你楼下开卡车了。",不推荐,10.9,15,24,龙信2我没你打差评 荒野我也没给你打 到生9我真忍不了了 明明可以做生4一样的10分游戏 就是喜欢偷懒做个7分游戏糊弄过去 吃老本吃口碑 然后等到快死了再端出一个生四挽回局面 你是不是就是 啊 前面的疗养院明明做的好好的 把路径追踪加进来也确实很成功 那到了浣熊市你做的什么狗屎 我去文件里面把电影颗粒关了画面还是有明显的噪点 欸拜托 我5080全开路径加质量这个画面 你re引擎大世界的优化做一辈子能做好么 我看你下一个鬼武者重置了 我真有点想去你楼下开卡车了,画面,负面
338,338,2026-02-28,生化味,推荐,9.0,11,20,生化味,情怀,正面
339,339,2026-02-28,特别好里昂，使我的电脑旋转,推荐,10.4,4,13,特别好里昂 使我的电脑旋转,情怀,正面
340,340,2026-02-28,老李开着卡宴就来了,推荐,5.3,43,202,老李开着卡宴就来了,其他,正面
341,341,2026-02-28,"游戏是好玩的，re2+re4玩法都有爽的一批
格蕾丝完全re2的味道，里昂则是re4+生6，打得爽

就是我5090，无法效果全开，别和我说乱七八糟dlss怎么开，开了X4那游戏还能玩嘛，反正我尽力调，至少在我认知范围内无法效果全开",推荐,4.4,50,209,游戏是好玩的 re2 re4玩法都有爽的一批 格蕾丝完全re2的味道 里昂则是re4 生6 打得爽 就是我5090 无法效果全开 别和我说乱七八糟dlss怎么开 开了X4那游戏还能玩嘛 反正我尽力调 至少在我认知范围内无法效果全开,画面,正面
342,342,2026-02-28,我艾达呢?我艾达呢?我艾达呢?我艾达呢?我艾达呢?我艾达呢?我艾达呢?我艾达呢?我艾达呢?我艾达呢?我艾达呢?我艾达呢?,推荐,2.5,41,50,我艾达呢 我艾达呢 我艾达呢 我艾达呢 我艾达呢 我艾达呢 我艾达呢 我艾达呢 我艾达呢 我艾达呢 我艾达呢 我艾达呢,剧情,正面
343,343,2026-02-28,10分能给到8分吧，赶紧出DLC,推荐,12.0,9,118,10分能给到8分吧 赶紧出DLC,情怀,正面
344,344,2026-02-28,我以为我流汗了，原来是我尿了,推荐,4.0,40,49,我以为我流汗了 原来是我尿了,其他,正面
345,345,2026-02-28,里昂干着干着就给我跳到格蕾丝开始龟缩了,推荐,7.7,3,62,里昂干着干着就给我跳到格蕾丝开始龟缩了,剧情,正面
346,346,2026-02-28,如果里昂关卡能做多点就更好了 期待dlc,推荐,5.7,45,154,如果里昂关卡能做多点就更好了 期待dlc,情怀,正面
347,347,2026-02-28,中配一如既往的烂 没有辨识度,推荐,11.4,50,209,中配一如既往的烂 没有辨识度,音效,正面
348,348,2026-02-28,"值得购买的一作
本来以为会更喜欢里昂的部分，但目前玩着格里斯部分也很有意思
很有2代的味道，格子数量的限制更有生化味
1代精打细算的格子限制，2代的地图味道，7代的硬币，有集大成作的感觉了",推荐,5.3,36,145,值得购买的一作 本来以为会更喜欢里昂的部分 但目前玩着格里斯部分也很有意思 很有2代的味道 格子数量的限制更有生化味 1代精打细算的格子限制 2代的地图味道 7代的硬币 有集大成作的感觉了,情怀,正面
349,349,2026-02-28,这做的什么b游戏都进不去，私募了？,不推荐,0.2,20,129,这做的什么b游戏都进不去 私募了,优化,负面
350,350,2026-02-28,好丸！,推荐,11.9,22,81,好丸,玩法,正面
351,351,2026-02-28,游戏很棒。有点恶灵附体和生化危机4的综合体，体验很好👍,推荐,7.0,30,189,游戏很棒 有点恶灵附体和生化危机4的综合体 体验很好,玩法,正面
352,352,2026-02-28,很无敌，恐怖游戏就是要恐怖，生化就是要箱庭解谜+资源规划,推荐,10.4,23,132,很无敌 恐怖游戏就是要恐怖 生化就是要箱庭解谜 资源规划,玩法,正面
353,353,2026-02-28,刚玩了个开头，Grace真好看,推荐,0.8,22,181,刚玩了个开头 Grace真好看,情怀,正面
354,354,2026-02-28,格蕾丝的生存解密，里昂的无双战斗，本作品很好的融合在了一起，相较于前几部，既有生存恐怖的氛围，也有无双打打丧尸的快感，非常棒。,推荐,10.6,49,58,格蕾丝的生存解密 里昂的无双战斗 本作品很好的融合在了一起 相较于前几部 既有生存恐怖的氛围 也有无双打打丧尸的快感 非常棒,玩法,正面
355,355,2026-02-28,非常好，神作,推荐,8.6,28,137,非常好 神作,情怀,正面
356,356,2026-02-28,顶级画质，顶级优化，顶级沉浸，里昂顶级！！！！！！！！！！！！,推荐,1.2,28,37,顶级画质 顶级优化 顶级沉浸 里昂顶级,画面,正面
357,357,2026-02-28, 吓哭了,推荐,7.3,6,65,吓哭了,剧情,正面
358,358,2026-02-28,能看到系列老朋友回归真的很感动,推荐,14.6,4,113,能看到系列老朋友回归真的很感动,情怀,正面
359,359,2026-02-28,"这一代太值了
",推荐,7.2,28,187,这一代太值了,价格,正面
360,360,2026-02-28,👍,推荐,1.2,3,12,,优化,正面
361,361,2026-02-28,你里昂叔叔拿马格南子弹给敌人头上来一枪硬说是安魂了。,推荐,1.6,23,182,你里昂叔叔拿马格南子弹给敌人头上来一枪硬说是安魂了,情怀,正面
362,362,2026-02-28,好玩,推荐,13.7,37,146,好玩,玩法,正面
363,363,2026-02-28,打完疗养院，只能说生化系列从来不会让人失望。刷个好评先，玩完再来评,推荐,9.3,39,148,打完疗养院 只能说生化系列从来不会让人失望 刷个好评先 玩完再来评,情怀,正面
364,364,2026-02-28,太可怕了,推荐,2.4,8,117,太可怕了,其他,正面
365,365,2026-02-28,2026目前的路径光追天花板，效果太好了，和整容了一样,推荐,2.4,42,151,2026目前的路径光追天花板 效果太好了 和整容了一样,画面,正面
366,366,2026-02-28,系列集大成之作！,推荐,4.5,19,78,系列集大成之作,情怀,正面
367,367,2026-02-28,里昂的部分就是拿来泄愤的,推荐,4.5,50,209,里昂的部分就是拿来泄愤的,情怀,正面
368,368,2026-02-28,goodgood,推荐,9.5,45,204,goodgood,其他,正面
369,369,2026-02-28,"非常好玩
",推荐,3.8,7,16,非常好玩,玩法,正面
370,370,2026-02-28,还可以吧，作为生化的老粉，也是认可的,推荐,5.2,8,17,还可以吧 作为生化的老粉 也是认可的,情怀,正面
371,371,2026-02-28,解密太讷了,推荐,13.2,14,73,解密太讷了,玩法,正面
372,372,2026-02-28,里昂14年老粉终于圆梦,推荐,13.7,34,143,里昂14年老粉终于圆梦,情怀,正面
373,373,2026-02-28,开枪手感不好，有点不连贯，体术执行出来慢，跑起来人很重。其他不如前几代。,不推荐,7.9,14,23,开枪手感不好 有点不连贯 体术执行出来慢 跑起来人很重 其他不如前几代,玩法,负面
374,374,2026-02-28,"个人感觉射击手感不如重置4，其他都很好！
",推荐,13.5,35,44,个人感觉射击手感不如重置4 其他都很好,玩法,正面
375,375,2026-02-28,好玩爱玩~~~冲！,推荐,7.1,28,87,好玩爱玩 冲,玩法,正面
376,376,2026-02-28,2026开年最佳,推荐,14.8,7,16,2026开年最佳,其他,正面
377,377,2026-02-28,内容依旧丰富，好玩的很，每一代都很不错,推荐,7.5,12,71,内容依旧丰富 好玩的很 每一代都很不错,玩法,正面
378,378,2026-02-28,玩了10个小时，非常好玩，格蕾丝线恐怖惊悚 里昂线爽刷丧尸 警察局真实回忆满满,推荐,8.2,24,183,玩了10个小时 非常好玩 格蕾丝线恐怖惊悚 里昂线爽刷丧尸 警察局真实回忆满满,情怀,正面
379,379,2026-02-28,一周目刮地皮才8小时，好评不了一点,不推荐,12.8,7,116,一周目刮地皮才8小时 好评不了一点,玩法,负面
380,380,2026-02-28,你不觉得自己喜欢的角色跟自己一起变老是件很浪漫的事吗？,推荐,14.2,14,173,你不觉得自己喜欢的角色跟自己一起变老是件很浪漫的事吗,情怀,正面
381,381,2026-02-28,原汁原味,推荐,3.9,15,174,原汁原味,情怀,正面
382,382,2026-02-28,你妈飞了卡普空，pc 用ps5手柄一点适配都没，你妈不开steam输入直接用不了，你标你妈的完全适配ps5手柄，我操你妈,不推荐,7.0,18,177,你妈飞了卡普空 pc 用ps5手柄一点适配都没 你妈不开steam输入直接用不了 你标你妈的完全适配ps5手柄 我操你妈,优化,负面
383,383,2026-02-28,完美的玩法结合,推荐,16.8,12,121,完美的玩法结合,玩法,正面
384,384,2026-02-28,我这个踩不是不推荐，我只是想说，以前配置亲民优化给力的生化危机再也没有了，不开补帧5090都没法拉满，有很多人都不喜欢开补帧，不满意此次的配置优化,不推荐,2.5,1,110,我这个踩不是不推荐 我只是想说 以前配置亲民优化给力的生化危机再也没有了 不开补帧5090都没法拉满 有很多人都不喜欢开补帧 不满意此次的配置优化,优化,负面
385,385,2026-02-28,好玩爱玩,推荐,12.6,41,50,好玩爱玩,玩法,正面
386,386,2026-02-28,性价比低 一会好玩一会有点不好玩 不舒服 而且感觉越玩越不好玩了 建议先看看视频考虑好了再原价 不然建议打折以后,不推荐,3.3,36,145,性价比低 一会好玩一会有点不好玩 不舒服 而且感觉越玩越不好玩了 建议先看看视频考虑好了再原价 不然建议打折以后,价格,负面
387,387,2026-02-28,好玩，系列最佳,推荐,13.4,4,163,好玩 系列最佳,情怀,正面
388,388,2026-02-28,笔记本用户是你卡普空仇人吗？适配一下16:10是很难的一件事？还有你商店界面那个“完全支持dualsense控制器”你自己笑没笑,不推荐,1.0,46,155,笔记本用户是你卡普空仇人吗 适配一下16 10是很难的一件事 还有你商店界面那个 完全支持dualsense控制器 你自己笑没笑,优化,负面
389,389,2026-02-28,"好玩！熬夜通关。前半程格蕾丝的流程会比较多，基本上解密慢的话一两个小时格蕾丝线（恐怖感在线）然后十几分钟的里昂线（战斗爽！会弹反就超级爽），后半程到浣熊市之后里昂线就要占大头了，基本都是战斗爽有点4代的感觉，一直到方舟格蕾丝才会偶尔穿插一两段半个小时左右的流程，整体两条线的时长是差不多的，既兼顾了玩家游玩偏好，也适当调整了游戏节奏。
不足：两条线的切换需要玩家适应，游戏制作方在一些剧情过度上还有改进空间，第三人称里昂其实操纵起来不是那么流畅，或许是格蕾丝第一人称玩久了的缘故。
总结：确实是一部很棒的作品，是一次新的游戏模式的尝试，个人认为是成功的。最后，里昂的戒指，好难猜啊，那个人会是谁呢？",推荐,12.8,50,159,好玩 熬夜通关 前半程格蕾丝的流程会比较多 基本上解密慢的话一两个小时格蕾丝线 恐怖感在线 然后十几分钟的里昂线 战斗爽 会弹反就超级爽 后半程到浣熊市之后里昂线就要占大头了 基本都是战斗爽有点4代的感觉 一直到方舟格蕾丝才会偶尔穿插一两段半个小时左右的流程 整体两条线的时长是差不多的 既兼顾了玩家游玩偏好 也适当调整了游戏节奏 不足 两条线的切换需要玩家适应 游戏制作方在一些剧情过度上还有改进空间 第三人称里昂其实操纵起来不是那么流畅 或许是格蕾丝第一人称玩久了的缘故 总结 确实是一部很棒的作品 是一次新的游戏模式的尝试 个人认为是成功的 最后 里昂的戒指 好难猜啊 那个人会是谁呢,玩法,正面
390,390,2026-02-28,好玩，非常不错,推荐,13.3,25,184,好玩 非常不错,玩法,正面
391,391,2026-02-28,挺好玩，但什么时候让我进游戏我再什么时候改好评,不推荐,5.8,39,148,挺好玩 但什么时候让我进游戏我再什么时候改好评,优化,负面
392,392,2026-02-28,前期中期恐怖层度胜过7代，后期一般，唯一缺点流程有点短10个小时就通关了，不太过瘾。,推荐,16.7,15,174,前期中期恐怖层度胜过7代 后期一般 唯一缺点流程有点短10个小时就通关了 不太过瘾,玩法,正面
393,393,2026-02-28,应该是目前玩法最多的生化危机作品了，生2生4生7甚至启示录1也带点，不过缺点是弱指引，前期解密好几次因为没看到互动点而卡关,推荐,10.6,22,31,应该是目前玩法最多的生化危机作品了 生2生4生7甚至启示录1也带点 不过缺点是弱指引 前期解密好几次因为没看到互动点而卡关,玩法,正面
394,394,2026-02-28,优化非常好,推荐,11.8,50,159,优化非常好,优化,正面
395,395,2026-02-28,见到里昂的时候真的太震惊了，生化9无敌,推荐,6.5,29,188,见到里昂的时候真的太震惊了 生化9无敌,情怀,正面
396,396,2026-02-28,神临,推荐,13.0,30,189,神临,其他,正面
397,397,2026-02-28,好玩啊，要恐怖有恐怖，要战斗爽有战斗爽，剧情方面更是开始的扑朔迷离到最后的不可思议。里面更是有很多彩蛋，情怀拉满。,推荐,6.2,3,12,好玩啊 要恐怖有恐怖 要战斗爽有战斗爽 剧情方面更是开始的扑朔迷离到最后的不可思议 里面更是有很多彩蛋 情怀拉满,玩法,正面
398,398,2026-02-28,好游戏，最高难度确实难，尤其是在修改器没做出来的时候，多次卡关，但确实玩爽了,推荐,9.0,6,15,好游戏 最高难度确实难 尤其是在修改器没做出来的时候 多次卡关 但确实玩爽了,玩法,正面
399,399,2026-02-28,"我就想问

RESIDENT EVIL requiem - Crash
An unhandled exception occurred.
re9.exe!0x140000000 + 0x9e7eabe
re9,exe!0x140000000 + 0x9e7e2fd

咋弄",不推荐,3.9,27,136,我就想问 RESIDENT EVIL requiem Crash An unhandled exception occurred re9 exe 0x140000000 0x9e7eabe re9 exe 0x140000000 0x9e7e2fd 咋弄,优化,负面
400,400,2026-02-28,"网络上骂骂得了，现实里谁不想急头白脸地修几个保险丝配电箱呢？

卡普空就是有水平能把新鲜饭也做得像炒冷饭一样，格蕾丝部分完全是生2re，里昂部分完全是生4re，在这个基础上还加入了超级无敌搞情怀大法，那咋办，完全没法抵抗啊。。所以虽然各方面来说只能算得上一部中规中矩的生化佳作，但它就是好玩啊！！",推荐,14.0,36,195,网络上骂骂得了 现实里谁不想急头白脸地修几个保险丝配电箱呢 卡普空就是有水平能把新鲜饭也做得像炒冷饭一样 格蕾丝部分完全是生2re 里昂部分完全是生4re 在这个基础上还加入了超级无敌搞情怀大法 那咋办 完全没法抵抗啊 所以虽然各方面来说只能算得上一部中规中矩的生化佳作 但它就是好玩啊,情怀,正面
401,401,2026-02-28,吓尿了,推荐,8.2,49,158,吓尿了,音效,正面
402,402,2026-02-28,5555555,推荐,7.9,1,10,5555555,其他,正面
403,403,2026-02-28,别拿优化，进不去游戏，闪退，手柄不适配说事，作为每款生化危机都玩过的玩家，生化9能看见前几款不错的影子，没有太多惊喜，情怀更多一些，但是足够了，很不错的一款游戏，期待DLC,推荐,2.6,42,151,别拿优化 进不去游戏 闪退 手柄不适配说事 作为每款生化危机都玩过的玩家 生化9能看见前几款不错的影子 没有太多惊喜 情怀更多一些 但是足够了 很不错的一款游戏 期待DLC,情怀,正面
404,404,2026-02-28,前4小时玩下来非常好，画面顶级，细节拉满，剧情引人入胜，恐怖氛围非常好,推荐,4.3,46,155,前4小时玩下来非常好 画面顶级 细节拉满 剧情引人入胜 恐怖氛围非常好,画面,正面
405,405,2026-02-28,比起之前的系列作来好几把难,推荐,7.6,34,93,比起之前的系列作来好几把难,玩法,正面
406,406,2026-02-28,hao,推荐,3.1,2,111,hao,其他,正面
407,407,2026-02-28,生化危机系列集大成之作,推荐,8.9,37,146,生化危机系列集大成之作,情怀,正面
408,408,2026-02-28,还不错，用y700掌机模式接g9手柄套装玩的，在台式机27寸2k还是有点怕怕。掌机上玩就不太怕了，还可以外放。中文配音不错。3080ti开高特效和fsr3帧生成很不错，就是播片读写时会帧数下架卡顿，可能是pcie固态速度不够吧，也可能是串流的原因。感觉谜题难度还行不过我玩的是休闲模式，不用太紧张啦。男女主角用的第一视角模式玩还不错，有点使命召唤和消光的感觉，整体体验不错，值得购入，如果后续降价打折后更值得。早买早享受，晚买享折扣，共享离线也是不错的选择，有能力尽量支持吧。估计应该会大卖吧！,推荐,3.5,49,108,还不错 用y700掌机模式接g9手柄套装玩的 在台式机27寸2k还是有点怕怕 掌机上玩就不太怕了 还可以外放 中文配音不错 3080ti开高特效和fsr3帧生成很不错 就是播片读写时会帧数下架卡顿 可能是pcie固态速度不够吧 也可能是串流的原因 感觉谜题难度还行不过我玩的是休闲模式 不用太紧张啦 男女主角用的第一视角模式玩还不错 有点使命召唤和消光的感觉 整体体验不错 值得购入 如果后续降价打折后更值得 早买早享受 晚买享折扣 共享离线也是不错的选择 有能力尽量支持吧 估计应该会大卖吧,画面,正面
409,409,2026-02-28,好玩但不值这个价,推荐,16.8,25,34,好玩但不值这个价,价格,正面
410,410,2026-02-28,味真足,推荐,5.7,46,155,味真足,情怀,正面
411,411,2026-02-28,我就喜欢这大电锯！！！,推荐,7.8,28,187,我就喜欢这大电锯,情怀,正面
412,412,2026-02-28,优化确实好，流畅就一个字，建议怪物猎人组跟生化危机组学习学习。,推荐,8.3,9,68,优化确实好 流畅就一个字 建议怪物猎人组跟生化危机组学习学习,优化,正面
413,413,2026-02-28,那个男人,推荐,9.2,45,104,那个男人,情怀,正面
414,414,2026-02-28,双主角 兼具恐怖体验和战斗爽 唯一的遗憾是没有ada,推荐,3.1,24,83,双主角 兼具恐怖体验和战斗爽 唯一的遗憾是没有ada,剧情,正面
415,415,2026-02-28,老昂逐渐但丁化,推荐,10.6,32,91,老昂逐渐但丁化,情怀,正面
416,416,2026-02-28,先不管了 好评就对了,推荐,0.4,19,28,先不管了 好评就对了,情怀,正面
417,417,2026-02-28,没有4的爽感。感觉操作稀烂。玩起来贼憋屈。双剧情切换也不连贯。,不推荐,8.0,19,28,没有4的爽感 感觉操作稀烂 玩起来贼憋屈 双剧情切换也不连贯,玩法,负面
418,418,2026-02-28,好好好，可惜没有DS5适配，不过也和4代一样，可以接受,推荐,5.1,41,150,好好好 可惜没有DS5适配 不过也和4代一样 可以接受,其他,正面
419,419,2026-02-28,还行,推荐,12.4,38,147,还行,其他,正面
420,420,2026-02-28,"画面优秀，剧情优秀，难易度把控优秀，毫无瑕疵。
但是什么时候能再有Leon和Ada的剧情啊",推荐,1.4,41,150,画面优秀 剧情优秀 难易度把控优秀 毫无瑕疵 但是什么时候能再有Leon和Ada的剧情啊,剧情,正面
421,421,2026-02-28,浓浓的生化味，在路径光追之下画面非常漂亮，可自由切换第一第三人称视角给了用户非常棒的选择，期待DLC的推出！,推荐,6.4,1,160,浓浓的生化味 在路径光追之下画面非常漂亮 可自由切换第一第三人称视角给了用户非常棒的选择 期待DLC的推出,画面,正面
422,422,2026-02-28,第一次首发拿下生化系列的作品，圆了我小时候那个触不可及的梦,推荐,13.4,39,98,第一次首发拿下生化系列的作品 圆了我小时候那个触不可及的梦,情怀,正面
423,423,2026-02-28,不赖,推荐,8.4,1,10,不赖,其他,正面
424,424,2026-02-28,"满满的回忆呀，情怀在这部加大分了
虽然确实boss战少，流程短，但还是那个熟悉的生化，瑕不掩瑜",推荐,12.8,33,192,满满的回忆呀 情怀在这部加大分了 虽然确实boss战少 流程短 但还是那个熟悉的生化 瑕不掩瑜,情怀,正面
425,425,2026-02-28,总之就是他妈的好玩。但丁线要是每段能再长点就好了，一直寸止要给前列腺憋坏了,推荐,7.1,9,118,总之就是他妈的好玩 但丁线要是每段能再长点就好了 一直寸止要给前列腺憋坏了,玩法,正面
426,426,2026-02-28,好玩!！爱玩！！,推荐,7.8,6,15,好玩 爱玩,玩法,正面
427,427,2026-02-28,玩法上跟4代差不多，但是剧情推进太生硬了，为什么格蕾丝必须穿越整个疗养院回去，去解救小女孩？星星，星星，月亮，太阳，哥们，fbi不学排列组合的吗？3*1*2一共6种可能，我没看见哪个文件说，按错一次就爆炸啊？为什么不试试？强行不能，强行要去救小女孩推进剧情。穿越整个疗养院，再抱着女孩过来（途中对丧尸毫无反抗能力）风险大，还是原地试6次风险大？取出东西了再回到起点救小女孩不行？原地按6次也要不了多少时间吧，太生硬了啊哥们。这一点就要扣大分。但还是给个好评吧，除了这一点，其他都是优点，格蕾丝和里昂兼顾恐怖（格子危机太恐怖了，丧尸反而不恐怖）和战斗爽。缺点目前是疗养院剧情推进太生硬，再玩玩看后面怎么样。,推荐,8.2,17,176,玩法上跟4代差不多 但是剧情推进太生硬了 为什么格蕾丝必须穿越整个疗养院回去 去解救小女孩 星星 星星 月亮 太阳 哥们 fbi不学排列组合的吗 3 1 2一共6种可能 我没看见哪个文件说 按错一次就爆炸啊 为什么不试试 强行不能 强行要去救小女孩推进剧情 穿越整个疗养院 再抱着女孩过来 途中对丧尸毫无反抗能力 风险大 还是原地试6次风险大 取出东西了再回到起点救小女孩不行 原地按6次也要不了多少时间吧 太生硬了啊哥们 这一点就要扣大分 但还是给个好评吧 除了这一点 其他都是优点 格蕾丝和里昂兼顾恐怖 格子危机太恐怖了 丧尸反而不恐怖 和战斗爽 缺点目前是疗养院剧情推进太生硬 再玩玩看后面怎么样,剧情,正面
428,428,2026-02-28,极佳的优化，一如既往优秀的场景设计,推荐,3.9,44,103,极佳的优化 一如既往优秀的场景设计,优化,正面
429,429,2026-02-28,游戏是距生化4以来，系列少有的佳作。建议购买。单机防作弊，存档防作弊，设计很新颖^_^,推荐,10.4,41,50,游戏是距生化4以来 系列少有的佳作 建议购买 单机防作弊 存档防作弊 设计很新颖,玩法,正面
430,430,2026-02-28,ds手柄未适配，为什么没有ds手柄触觉反馈和扳机？？？？我们都是花了钱了的！！！！,不推荐,14.6,38,147,ds手柄未适配 为什么没有ds手柄触觉反馈和扳机 我们都是花了钱了的,优化,负面
431,431,2026-02-28,"舒服了舒服了舒服了舒服了舒服了舒服了舒服了舒服了舒服了舒服了舒服了舒服了舒服了舒服了舒服了舒服了舒服了舒服了舒服了舒服了玩爽了玩爽了玩爽了玩爽了玩爽了玩爽了玩爽了玩爽了玩爽了玩爽了玩爽了玩爽了玩爽了玩爽了玩爽了玩爽了玩爽了玩爽了
能不能关掉胶片颗粒？能不能调整FOV？能不能关掉胶片颗粒？能不能调整FOV？能不能关掉胶片颗粒？能不能调整FOV？能不能关掉胶片颗粒？能不能调整FOV？能不能关掉胶片颗粒？能不能调整FOV？能不能关掉胶片颗粒？能不能调整FOV？能不能关掉胶片颗粒？能不能调整FOV？",推荐,10.8,3,162,舒服了舒服了舒服了舒服了舒服了舒服了舒服了舒服了舒服了舒服了舒服了舒服了舒服了舒服了舒服了舒服了舒服了舒服了舒服了舒服了玩爽了玩爽了玩爽了玩爽了玩爽了玩爽了玩爽了玩爽了玩爽了玩爽了玩爽了玩爽了玩爽了玩爽了玩爽了玩爽了玩爽了玩爽了 能不能关掉胶片颗粒 能不能调整FOV 能不能关掉胶片颗粒 能不能调整FOV 能不能关掉胶片颗粒 能不能调整FOV 能不能关掉胶片颗粒 能不能调整FOV 能不能关掉胶片颗粒 能不能调整FOV 能不能关掉胶片颗粒 能不能调整FOV 能不能关掉胶片颗粒 能不能调整FOV,画面,正面
432,432,2026-02-28,"卡婊的逼游戏还能玩吗？怪猎老是黑屏重启。这个也是！~！！！
",不推荐,6.6,4,113,卡婊的逼游戏还能玩吗 怪猎老是黑屏重启 这个也是,优化,负面
433,433,2026-02-28,发挥稳定，游戏质量确实有保障，上手之后能一直玩下去。双主角交替的设计也很好的让玩家的状态在一松一紧中达成有效的正反馈，视角切换也满足了不同玩家的癖好。接下来就是期待各种MOD了。,推荐,7.1,26,85,发挥稳定 游戏质量确实有保障 上手之后能一直玩下去 双主角交替的设计也很好的让玩家的状态在一松一紧中达成有效的正反馈 视角切换也满足了不同玩家的癖好 接下来就是期待各种MOD了,玩法,正面
434,434,2026-02-28,疗养院好玩，后面太水了，最终BOSS也太简单，348还是贵了,推荐,17.3,40,49,疗养院好玩 后面太水了 最终BOSS也太简单 348还是贵了,玩法,正面
435,435,2026-02-28,一款一走一过索然无味的一般作品，用作外传还可以，作为生化危机30周年正统续作居然拉跨到如此，可见Capcom已经没有当年的思路来继续制作这款游戏了，别的就不多说了，总之无聊至极,不推荐,13.4,4,163,一款一走一过索然无味的一般作品 用作外传还可以 作为生化危机30周年正统续作居然拉跨到如此 可见Capcom已经没有当年的思路来继续制作这款游戏了 别的就不多说了 总之无聊至极,剧情,负面
436,436,2026-02-28,我堂堂八尺夫人被蝼蚁丧尸追着跑这合理吗,推荐,11.3,13,22,我堂堂八尺夫人被蝼蚁丧尸追着跑这合理吗,情怀,正面
437,437,2026-02-28,"好玩 
",推荐,5.5,6,65,好玩,玩法,正面
438,438,2026-02-28,亲爱的老卡的技术力还是这么强，5070ti都不够用了，直接给我黑屏死机，进都进不去，进去了退回主菜单也能卡死，这么爽的体验，也就只有大作9了。,不推荐,4.4,32,41,亲爱的老卡的技术力还是这么强 5070ti都不够用了 直接给我黑屏死机 进都进不去 进去了退回主菜单也能卡死 这么爽的体验 也就只有大作9了,优化,负面
439,439,2026-02-28,好玩,推荐,8.9,14,173,好玩,玩法,正面
440,440,2026-02-28,什么叫做完全支持ds手柄？妈的，昨天我还以为我手柄坏了,不推荐,0.5,41,100,什么叫做完全支持ds手柄 妈的 昨天我还以为我手柄坏了,其他,负面
441,441,2026-02-28,新女主格蕾丝线游玩起来类似生化二，继承了来自生化危机的传统解密与那种恐怖氛围，解密难度中规中矩，没有二代难。里昂线，确实现在里昂一出来安全感就拉满了，游玩时全是战斗的爽感，感觉这一代里昂线的演出，动作，boss战等还是想当精彩的，个人最喜欢摩托战那里，真的爽。当然还有暴君，汉克，威斯克（复制体）这些角色的出现，也称得上惊喜了。还有重返警察局时，情怀也是拉满，看到生化二中进门的那台打字机和’‘Welcom Leon’‘，点M时弹出的那些熟悉的名称，特别看到马文名字时，里昂说出“伯拉纳警长，警员肯尼迪向您报到”这句话，鸡皮疙瘩瞬间起来了。最后总的来说个人感觉是非常不错的一部作品。,推荐,12.3,8,67,新女主格蕾丝线游玩起来类似生化二 继承了来自生化危机的传统解密与那种恐怖氛围 解密难度中规中矩 没有二代难 里昂线 确实现在里昂一出来安全感就拉满了 游玩时全是战斗的爽感 感觉这一代里昂线的演出 动作 boss战等还是想当精彩的 个人最喜欢摩托战那里 真的爽 当然还有暴君 汉克 威斯克 复制体 这些角色的出现 也称得上惊喜了 还有重返警察局时 情怀也是拉满 看到生化二中进门的那台打字机和 Welcom Leon 点M时弹出的那些熟悉的名称 特别看到马文名字时 里昂说出 伯拉纳警长 警员肯尼迪向您报到 这句话 鸡皮疙瘩瞬间起来了 最后总的来说个人感觉是非常不错的一部作品,情怀,正面
442,442,2026-02-28,当我看到警察局墙外面那个一闪而过的豆腐时我乐晕了，卡普空真有你的,推荐,14.4,4,113,当我看到警察局墙外面那个一闪而过的豆腐时我乐晕了 卡普空真有你的,情怀,正面
443,443,2026-02-28,good,推荐,7.2,32,41,good,其他,正面
444,444,2026-02-28,20多年了都不回家看看 看给老家丧尸都饿瘦了 心疼,推荐,17.9,27,86,20多年了都不回家看看 看给老家丧尸都饿瘦了 心疼,情怀,正面
445,445,2026-02-28,好玩,推荐,12.9,4,163,好玩,玩法,正面
446,446,2026-02-28,好玩的,推荐,6.4,35,44,好玩的,玩法,正面
447,447,2026-02-28,我草里的这里昂也太捷豹帅了,推荐,2.3,50,159,我草里的这里昂也太捷豹帅了,情怀,正面
448,448,2026-02-28,"生化nb
",推荐,13.9,38,97,生化nb,情怀,正面
449,449,2026-02-28,"I get it that they want to introduce a new character Grace. But dude, she slips every single time when she is being chased. She act like a 16-year old girl thrown into resident evil world instead of an FBI agent.... I am really sick of the character just after 10 mins woken up in the hospital..... Being a FBI agent vs her reaction is just funny and stupid. Capcom could just make her a private detective or citizen instead of a slippery agent..... haven't finished the game but want to quit already. Leon is the only reason I keep playing.
脚滑的女主实在心累了。就醒来的小场景的追逐战每次起步都会给你滑一跤。你穿的是溜冰鞋？卡婊大可把grace做成私家侦探或者母亲被害希望寻找真相的普通市民。实在不理解为什么要设置成一个FBI探员。想退款了。但是李三光给了我坚持下去的念想。",不推荐,5.9,20,29,I get it that they want to introduce a new character Grace But dude she slips every single time when she is being chased She act like a 16 year old girl thrown into resident evil world instead of an FBI agent I am really sick of the character just after 10 mins woken up in the hospital Being a FBI agent vs her reaction is just funny and stupid Capcom could just make her a private detective or citizen instead of a slippery agent haven t finished the game but want to quit already Leon is the only reason I keep playing 脚滑的女主实在心累了 就醒来的小场景的追逐战每次起步都会给你滑一跤 你穿的是溜冰鞋 卡婊大可把grace做成私家侦探或者母亲被害希望寻找真相的普通市民 实在不理解为什么要设置成一个FBI探员 想退款了 但是李三光给了我坚持下去的念想,剧情,负面
450,450,2026-02-28,夯,推荐,5.3,24,133,夯,其他,正面
451,451,2026-02-28,女主剧情真憋屈的要死,不推荐,5.1,1,160,女主剧情真憋屈的要死,剧情,负面
452,452,2026-02-28,生化危机9的成功间接地证明了生化危机6也是成功的，这次的9把恐怖派和动作派都迎合了，也许6不够优秀但绝对是成功的，生化危机7和6就是一个硬币的两面，如果像7那样彻底回归恐怖和6也没有任何区别，因为一个成功并且优秀的生化危机就是要在恐怖的氛围下还能用可控的火力来对抗恐怖,推荐,7.9,1,160,生化危机9的成功间接地证明了生化危机6也是成功的 这次的9把恐怖派和动作派都迎合了 也许6不够优秀但绝对是成功的 生化危机7和6就是一个硬币的两面 如果像7那样彻底回归恐怖和6也没有任何区别 因为一个成功并且优秀的生化危机就是要在恐怖的氛围下还能用可控的火力来对抗恐怖,情怀,正面
453,453,2026-02-28,真狗屎！AI7H360+5060和32G内存居然闪退游戏都进不了！真的垃圾卡普空永远超不了RE4重制版了！！！,不推荐,0.1,34,43,真狗屎 AI7H360 5060和32G内存居然闪退游戏都进不了 真的垃圾卡普空永远超不了RE4重制版了,优化,负面
454,454,2026-02-28,good,推荐,9.5,4,63,good,其他,正面
455,455,2026-02-28,制作精良，画质一流，手感也很好，很好玩,推荐,3.4,28,37,制作精良 画质一流 手感也很好 很好玩,画面,正面
456,456,2026-02-28,这一代没有适配陀螺仪瞄准很难受，但是游戏目前玩下来感觉还不错，老ip了，无论如何支持一下。,推荐,5.0,5,14,这一代没有适配陀螺仪瞄准很难受 但是游戏目前玩下来感觉还不错 老ip了 无论如何支持一下,玩法,正面
457,457,2026-02-28,里昂太帅了，女主太弱了，逃课打法！,推荐,10.4,14,123,里昂太帅了 女主太弱了 逃课打法,剧情,正面
458,458,2026-02-28,支持,推荐,11.3,10,19,支持,情怀,正面
459,459,2026-02-28,夯爆了，希望以后RE每一部都像安魂曲看齐,推荐,19.1,1,60,夯爆了 希望以后RE每一部都像安魂曲看齐,情怀,正面
460,460,2026-02-28,虽然感觉男主剧情是硬塞，但是整体女主的内容 全程无尿点，刺激,推荐,5.3,30,89,虽然感觉男主剧情是硬塞 但是整体女主的内容 全程无尿点 刺激,剧情,正面
461,461,2026-02-28,脚滑的格蕾丝太让我着急了,推荐,10.2,4,13,脚滑的格蕾丝太让我着急了,玩法,正面
462,462,2026-02-28,这不是我吗,推荐,13.0,50,109,这不是我吗,其他,正面
463,463,2026-02-28, 不错，不错 有点老生化的味道...,推荐,5.6,22,131,不错 不错 有点老生化的味道,情怀,正面
464,464,2026-02-28,世界上怎么会有这么好玩的游戏？,推荐,6.3,46,155,世界上怎么会有这么好玩的游戏,情怀,正面
465,465,2026-02-28,很好，很吓人,推荐,8.1,12,121,很好 很吓人,音效,正面
466,466,2026-02-28,"大成之作
",推荐,9.9,42,201,大成之作,情怀,正面
467,467,2026-02-28,"这代算安全落地吧，情怀拉满(去警察局那段真要哭出来了)，恐怖和动作顶级，玩里昂爽比四代还爽演出也是顶级(骑摩托),也不知道为啥最后生还者的巨无霸混了进来，剧情不要放太高期望就能接受，感觉这代就只是过度作品吧，([spoiler] 后面也不知道为啥给斯宾塞洗白，5代死得莫名其妙的，临死之前还是本性，不知道为啥采访那段又变了，不过估计要等到5re才有答案了  [/spoiler])",推荐,10.4,35,94,这代算安全落地吧 情怀拉满 去警察局那段真要哭出来了 恐怖和动作顶级 玩里昂爽比四代还爽演出也是顶级 骑摩托 也不知道为啥最后生还者的巨无霸混了进来 剧情不要放太高期望就能接受 感觉这代就只是过度作品吧 spoiler 后面也不知道为啥给斯宾塞洗白 5代死得莫名其妙的 临死之前还是本性 不知道为啥采访那段又变了 不过估计要等到5re才有答案了 spoiler,情怀,正面
468,468,2026-02-28,分头帅就完事了——,推荐,9.2,32,191,分头帅就完事了,情怀,正面
469,469,2026-02-28,等了半年多总算是玩上了，也是一天之内就通关了，50岁的里昂（老霸道了）正是当打之年，帅气的体术配上斧头，子弹快赶上克里斯那么多了.印象最深刻的就是回到警局那段，熟悉到不能再熟悉的地图加上旧时“老友”，令人感慨万千，唯一一点遗憾的就是没看到ada的出场，总的来说无脑入就完事了！                              2026.2.28通关,推荐,15.4,45,54,等了半年多总算是玩上了 也是一天之内就通关了 50岁的里昂 老霸道了 正是当打之年 帅气的体术配上斧头 子弹快赶上克里斯那么多了 印象最深刻的就是回到警局那段 熟悉到不能再熟悉的地图加上旧时 老友 令人感慨万千 唯一一点遗憾的就是没看到ada的出场 总的来说无脑入就完事了 2026 2 28通关,情怀,正面
470,470,2026-02-28,不错。,推荐,10.6,21,130,不错,其他,正面
471,471,2026-02-28,子弹不够用啊，一梭子打不死一小只是什么体验？强迫玩家把射击游戏玩成逃生游戏吗？虽然对这点不满，但是不耽误游戏整体品质，先给好评吧。,推荐,5.6,39,198,子弹不够用啊 一梭子打不死一小只是什么体验 强迫玩家把射击游戏玩成逃生游戏吗 虽然对这点不满 但是不耽误游戏整体品质 先给好评吧,玩法,正面
472,472,2026-02-28,严重推荐，不敢说是最棒的生化，起码也是近几年罕有，有人说对标生4重制，我觉得旗鼓相当~,推荐,4.8,40,199,严重推荐 不敢说是最棒的生化 起码也是近几年罕有 有人说对标生4重制 我觉得旗鼓相当,情怀,正面
473,473,2026-02-28,好玩，新一代作品在操作的优化上，还有对各平台画面优化都发挥到了极致，双主角的设定得到两种体验的满足，个人玩过二到7代的，348的价格完全不亏，十分值得购买（格蕾丝那部分感觉个人感觉比生化7还要恐怖，压迫氛围感太强了）,推荐,4.3,13,172,好玩 新一代作品在操作的优化上 还有对各平台画面优化都发挥到了极致 双主角的设定得到两种体验的满足 个人玩过二到7代的 348的价格完全不亏 十分值得购买 格蕾丝那部分感觉个人感觉比生化7还要恐怖 压迫氛围感太强了,玩法,正面
474,474,2026-02-28,"格蕾丝的篇章像《生化危机7》，核心在于主角的孱弱、压迫感十足的氛围，以及第一人称视角的天然沉浸感。生存恐怖的部分，由新主角格蕾丝全权负责，她的篇章堪称系列生存恐怖的融合升级之作。作为年轻的FBI警员，格蕾丝毫无充足战斗经验，移动速度缓慢，危险中还会发出凌乱喘息，搭配官方推荐的第一人称、极简UI画面，将恐怖体验拉至顶峰。初进鹪木旅馆，紧绷压抑的气氛让人梦回《生化危机7》的贝克家，再入疗养院，这座左三层、右三层带地下室庭院的洋馆式箱庭，左右对称的地图结构，又让人想起《生化危机2 重制版》的警察局，而随着流程推进，其体验更是前两者的完美融合。

游戏中新增了变异血液作为通用合成货币，它可与零件合成子弹、与绿草合成医疗注射器，还能制作墨带、潜行杀敌的融血注射器，以及永久提升格蕾丝能力的类固醇和稳定剂。收集变异血液全靠采血器，可采集地图上的血池、血桶，也可通过击杀怪物获得，普通丧尸击杀后小概率掉落，爆头则稳定掉落，这也鼓励玩家精准战斗、节省弹药。

采血器的血量储存上限，限制囤积血液、高压变现的玩法，这种有代价的自由提升了资源管理的策略深度。更关键的是，本作丧尸有复活机制，被击倒后若头部未被破坏，一段时间后可能变为更强、更具攻击性的疱头丧。这让疗养院的探索时刻充满未知，即便清理过的走廊，重返时也可能遭遇危险，玩家需用融血注射器或马格南彻底清除隐患，进一步加剧了生存压力。

格蕾丝的战斗能力有限，虽能用手枪打硬直，却无法像里昂那样用体术终结敌人，只能推开敌人制造逃生空间。多数时候，她需躲藏绕开丧尸，搜集足够资源后再回头应对。即便能制作各类物资，且可通过药物提升能力，但物资获取有限、后期怪物强度飙升，仍让她的冒险全程高压，只能依靠地形与策略化解危机。而且格蕾丝的初始背包极小，扩容前需频繁往返存档点整理物资，每一格空间都要精打细算。

切换到里昂视角，画风彻底转变，核心就是纯粹的战斗爽感，里昂的近战体验十分的爽，小刀换成威力强劲的手斧，能砍出卡肉感，还可使用皇家守卫式格挡，分为普通格挡和完美格挡，普通格挡弹开敌人并使其硬直，完美格挡则能衔接秒杀敌人的反击动作，动画随敌人类型变化。手斧虽有耐久，但随身的无限磨刀石可随时恢复斩味，仅凭手斧，他就能轻松应对包括疱头丧尸在内的大部分敌人。

里昂的武器种类丰富，手枪、霰弹枪、狙击枪、冲锋枪一应俱全，还能取回借给格蕾丝的安魂马格南。后勤方面，他采用原版《生化危机4》的大手提箱背包，虽无格子危机，但无法使用异次元储物箱，物资需全部随身携带，仍需做好资源规划。此外，他可拾取敌人掉落的武器反手投掷，再接体术处决，快速缓解被围压力，唯独电锯看似帅气，因前摇长、间隔大，面对怪群时容易被换血，需谨慎使用。

进入浣熊市后，里昂拥有积分系统，击杀敌人获得的积分可在武器终端购买装备、升级枪械，类似枪匠系统的配件的升级的，还有带浣熊市角色元素的属性挂件，形成杀得越多越强的正反馈循环，成为玩家的最佳泄压阀。浣熊市关卡采用半开放设计，类似《生化危机4 重制版》湖区，可自由探索主线与支线，废墟风格搭配情怀加持，带来系列罕有的立体体验。

本作的出色之处，更在于流程编排的巧妙平衡，格蕾丝与里昂的流程大致对半分，双线交替进行，既保证内容量相近，又实现了张弛有度的游戏节奏。格蕾丝的能力成长偏向潜行特化，后期几乎无法正面抗衡怪物，让高压感持续在线，玩家积累的压力越大，切换到里昂视角后的释放感就越强，这种起伏的呼吸感，让游戏体验愈发沉浸。

整体而言，《生化危机 安魂曲》是一款集历代所长、不乏创新的诚意之作。它以两位主角为载体，完美融合生存恐怖与动作射击，既还原了系列经典内核，又通过丧尸设定、资源系统、格挡机制等创新，带来全新体验，无论是系列老粉，还是新玩家，都能在这场冒险中体会到生化系列的独特魅力。",推荐,20.4,14,173,格蕾丝的篇章像 生化危机7 核心在于主角的孱弱 压迫感十足的氛围 以及第一人称视角的天然沉浸感 生存恐怖的部分 由新主角格蕾丝全权负责 她的篇章堪称系列生存恐怖的融合升级之作 作为年轻的FBI警员 格蕾丝毫无充足战斗经验 移动速度缓慢 危险中还会发出凌乱喘息 搭配官方推荐的第一人称 极简UI画面 将恐怖体验拉至顶峰 初进鹪木旅馆 紧绷压抑的气氛让人梦回 生化危机7 的贝克家 再入疗养院 这座左三层 右三层带地下室庭院的洋馆式箱庭 左右对称的地图结构 又让人想起 生化危机2 重制版 的警察局 而随着流程推进 其体验更是前两者的完美融合 游戏中新增了变异血液作为通用合成货币 它可与零件合成子弹 与绿草合成医疗注射器 还能制作墨带 潜行杀敌的融血注射器 以及永久提升格蕾丝能力的类固醇和稳定剂 收集变异血液全靠采血器 可采集地图上的血池 血桶 也可通过击杀怪物获得 普通丧尸击杀后小概率掉落 爆头则稳定掉落 这也鼓励玩家精准战斗 节省弹药 采血器的血量储存上限 限制囤积血液 高压变现的玩法 这种有代价的自由提升了资源管理的策略深度 更关键的是 本作丧尸有复活机制 被击倒后若头部未被破坏 一段时间后可能变为更强 更具攻击性的疱头丧 这让疗养院的探索时刻充满未知 即便清理过的走廊 重返时也可能遭遇危险 玩家需用融血注射器或马格南彻底清除隐患 进一步加剧了生存压力 格蕾丝的战斗能力有限 虽能用手枪打硬直 却无法像里昂那样用体术终结敌人 只能推开敌人制造逃生空间 多数时候 她需躲藏绕开丧尸 搜集足够资源后再回头应对 即便能制作各类物资 且可通过药物提升能力 但物资获取有限 后期怪物强度飙升 仍让她的冒险全程高压 只能依靠地形与策略化解危机 而且格蕾丝的初始背包极小 扩容前需频繁往返存档点整理物资 每一格空间都要精打细算 切换到里昂视角 画风彻底转变 核心就是纯粹的战斗爽感 里昂的近战体验十分的爽 小刀换成威力强劲的手斧 能砍出卡肉感 还可使用皇家守卫式格挡 分为普通格挡和完美格挡 普通格挡弹开敌人并使其硬直 完美格挡则能衔接秒杀敌人的反击动作 动画随敌人类型变化 手斧虽有耐久 但随身的无限磨刀石可随时恢复斩味 仅凭手斧 他就能轻松应对包括疱头丧尸在内的大部分敌人 里昂的武器种类丰富 手枪 霰弹枪 狙击枪 冲锋枪一应俱全 还能取回借给格蕾丝的安魂马格南 后勤方面 他采用原版 生化危机4 的大手提箱背包 虽无格子危机 但无法使用异次元储物箱 物资需全部随身携带 仍需做好资源规划 此外 他可拾取敌人掉落的武器反手投掷 再接体术处决 快速缓解被围压力 唯独电锯看似帅气 因前摇长 间隔大 面对怪群时容易被换血 需谨慎使用 进入浣熊市后 里昂拥有积分系统 击杀敌人获得的积分可在武器终端购买装备 升级枪械 类似枪匠系统的配件的升级的 还有带浣熊市角色元素的属性挂件 形成杀得越多越强的正反馈循环 成为玩家的最佳泄压阀 浣熊市关卡采用半开放设计 类似 生化危机4 重制版 湖区 可自由探索主线与支线 废墟风格搭配情怀加持 带来系列罕有的立体体验 本作的出色之处 更在于流程编排的巧妙平衡 格蕾丝与里昂的流程大致对半分 双线交替进行 既保证内容量相近 又实现了张弛有度的游戏节奏 格蕾丝的能力成长偏向潜行特化 后期几乎无法正面抗衡怪物 让高压感持续在线 玩家积累的压力越大 切换到里昂视角后的释放感就越强 这种起伏的呼吸感 让游戏体验愈发沉浸 整体而言 生化危机 安魂曲 是一款集历代所长 不乏创新的诚意之作 它以两位主角为载体 完美融合生存恐怖与动作射击 既还原了系列经典内核 又通过丧尸设定 资源系统 格挡机制等创新 带来全新体验 无论是系列老粉 还是新玩家 都能在这场冒险中体会到生化系列的独特魅力,玩法,正面
475,475,2026-02-28,好玩 下一部什么时候发售！,推荐,20.6,11,70,好玩 下一部什么时候发售,情怀,正面
476,476,2026-02-28,很不错啊，看得出来制作的水平有很大的提升,推荐,11.3,34,143,很不错啊 看得出来制作的水平有很大的提升,其他,正面
477,477,2026-02-28,别的先不说，里昂一直在勾引我,推荐,4.6,24,183,别的先不说 里昂一直在勾引我,情怀,正面
478,478,2026-02-28,"浣熊市最严厉的父亲来了
法拉利老了依旧是法拉利",推荐,8.5,35,144,浣熊市最严厉的父亲来了 法拉利老了依旧是法拉利,情怀,正面
479,479,2026-02-28,爽,推荐,15.1,17,176,爽,其他,正面
480,480,2026-02-28,好玩 氛围感很足 战斗也很爽 推荐！！！,推荐,20.1,20,79,好玩 氛围感很足 战斗也很爽 推荐,玩法,正面
481,481,2026-02-28,很难很爽很好玩,推荐,9.5,13,172,很难很爽很好玩,玩法,正面
482,482,2026-02-28,+卡普空是越来越倒退了,不推荐,9.7,24,83,卡普空是越来越倒退了,其他,负面
483,483,2026-02-28,来到浣熊市的那一刻沉寂多年的心再次跳动,推荐,13.9,20,29,来到浣熊市的那一刻沉寂多年的心再次跳动,情怀,正面
484,484,2026-02-28,予生者恐惧，给尸者安魂。,推荐,11.0,14,73,予生者恐惧 给尸者安魂,剧情,正面
485,485,2026-02-28,The best year game !,推荐,7.2,5,114,The best year game,其他,正面
486,486,2026-02-28,好玩，就是格蕾丝线的子弹太少太少了，不够用，我玩的还是普通难度,推荐,11.8,39,48,好玩 就是格蕾丝线的子弹太少太少了 不够用 我玩的还是普通难度,玩法,正面
487,487,2026-02-28,个人评分8/10.好游戏但不是一代好生化，流程太短，内容太少，虎头蛇尾，阉割感极其严重。丧尸重复生前行这一设定为仅仅停留在第一章的厨师，关灯管家和声波僵尸，就没了。解锁的稳定剂，类固醇配方，打到通关都因为抽血上限不够一支都做不出来。谁懂一直在等红草结果通关才发现这游戏只有绿草和满血针的救赎感。剧情上也不好评价，前期铺垫了半天神秘感，又是被咬僵尸咬没事，又是反派化验女主血液阳性说计划成功了。最后告诉我女主其实就是普通人没特殊体质，看到最后还告诉我小萝莉没死大家一起包饺子真的给我看笑了。怪物种类少，也没有印象深刻的boss战。感觉没6代好玩。,不推荐,11.2,36,95,个人评分8 10 好游戏但不是一代好生化 流程太短 内容太少 虎头蛇尾 阉割感极其严重 丧尸重复生前行这一设定为仅仅停留在第一章的厨师 关灯管家和声波僵尸 就没了 解锁的稳定剂 类固醇配方 打到通关都因为抽血上限不够一支都做不出来 谁懂一直在等红草结果通关才发现这游戏只有绿草和满血针的救赎感 剧情上也不好评价 前期铺垫了半天神秘感 又是被咬僵尸咬没事 又是反派化验女主血液阳性说计划成功了 最后告诉我女主其实就是普通人没特殊体质 看到最后还告诉我小萝莉没死大家一起包饺子真的给我看笑了 怪物种类少 也没有印象深刻的boss战 感觉没6代好玩,玩法,负面
488,488,2026-02-28,我的第一部生化危机，很棒,推荐,9.9,25,84,我的第一部生化危机 很棒,情怀,正面
489,489,2026-02-28,豪丸，摸头，摸头！就是第一人称莫名其妙有点晕，只能换第三人称了,推荐,14.3,45,154,豪丸 摸头 摸头 就是第一人称莫名其妙有点晕 只能换第三人称了,玩法,正面
490,490,2026-02-28,炮击炮天台，上去就闪退，画质降级也没用，我真搞不懂了，不是30周年纪念之作吗，这点小问题没测试就端上来了？,不推荐,21.5,50,209,炮击炮天台 上去就闪退 画质降级也没用 我真搞不懂了 不是30周年纪念之作吗 这点小问题没测试就端上来了,优化,负面
491,491,2026-02-28,好玩，压抑完接着爽的部分更是畅快，这游戏初见就得开传统玩，才有点压力，不然太简单了,推荐,10.2,31,40,好玩 压抑完接着爽的部分更是畅快 这游戏初见就得开传统玩 才有点压力 不然太简单了,玩法,正面
492,492,2026-02-28,好玩好玩！,推荐,8.9,12,21,好玩好玩,玩法,正面
493,493,2026-02-28,太棒了，剧情和战斗体验非常满足。,推荐,13.9,23,82,太棒了 剧情和战斗体验非常满足,剧情,正面
494,494,2026-02-28,为了男神,推荐,9.0,3,112,为了男神,情怀,正面
495,495,2026-02-28,"好玩
",推荐,13.4,49,158,好玩,玩法,正面
496,496,2026-02-28,"予生者恐惧，给尸者安魂。《Resident Evil Requiem》重返浣熊市，解开了那段尘封的往事，刨根问底，直面恐惧，是一部不可多得的好作品。

里昂真的老了，1998年浣熊市新报道的年轻警员-2026年DSO特工，沉稳成熟了，也沧桑了许多。",推荐,14.7,14,173,予生者恐惧 给尸者安魂 Resident Evil Requiem 重返浣熊市 解开了那段尘封的往事 刨根问底 直面恐惧 是一部不可多得的好作品 里昂真的老了 1998年浣熊市新报道的年轻警员 2026年DSO特工 沉稳成熟了 也沧桑了许多,情怀,正面
497,497,2026-02-28,游戏是好游戏，差评给卡婊。写着支持ds手柄却不适配，你要干啥,不推荐,2.2,32,191,游戏是好游戏 差评给卡婊 写着支持ds手柄却不适配 你要干啥,优化,负面
498,498,2026-02-28,666,推荐,8.3,45,204,666,其他,正面
499,499,2026-02-28,好玩，爱玩，我明年能看到维罗妮卡重置的对吗卡普空？,推荐,5.1,19,128,好玩 爱玩 我明年能看到维罗妮卡重置的对吗卡普空,情怀,正面
500,500,2026-02-28,打一次传统难度总流程七个小时通关   生化四总流程12∽14个小时比生四将近少一半比生4贵一半    其中好多部分都是找东西        爽不出来    生化9全程就是里昂的升级包  里昂流程还比较少    格蕾丝跟里昂的解密路线还是老一套又臭又长总结一句话就是跑这跑那,不推荐,11.0,41,150,打一次传统难度总流程七个小时通关 生化四总流程12 14个小时比生四将近少一半比生4贵一半 其中好多部分都是找东西 爽不出来 生化9全程就是里昂的升级包 里昂流程还比较少 格蕾丝跟里昂的解密路线还是老一套又臭又长总结一句话就是跑这跑那,价格,负面
501,501,2026-02-28,"先说基于我个人一周目普通现代难度体验下的结论：中规中矩的守成之作。

（以下涉及部分剧透，请酌情观看）

完整体验本篇后可以看出在RE系列三十周年推出的这部正统续作中卡表生化团队对作品倾注的心血：
1.游戏性上：①前期疗养院地图的丧尸生态（虽然形容的有点奇怪，但从我的体验来看确实做到了他们在预告片里承诺的效果，你也可以根据部分特殊丧尸的习惯进行针对性对策）和箱庭设计；②里昂和格蕾丝双主角的操作体验切换的节奏把控的很好，尤其是格蕾丝，将吸血作为直接掉落物资的替代物的创新设计确实很不错，而且道具方面也讲究“对症下药”，对玩家的资源管理提出了更独特的要求，非常的有节奏感（虽然我是用第三人称加潜行暗杀策略打的格蕾丝线，因为更喜欢生化的动作感而非恐怖感，而且我个人觉得其整体体验比里昂的战斗部分好）；③量大管饱的浣熊市东部大箱庭探索；④里昂那把性能巨强无比还能无限修复的斧子（一斧爆头，万事无忧，还有无限RG为你保驾护航）。
2.剧情戏上（剧透警告）：①可以看出在新时代的生化主线剧情下，制作组开启了一次大刀阔斧的改革，即给斯宾塞（史班瑟）作为保护伞公司三大创始人之一，开启浣熊市灾难的罪魁祸首洗白。我得承认这是一次颇具冒险的尝试，从最后格蕾丝的报告文件来看，制作组将斯宾塞设定为在2006年老死了，同时大部分罪责推到了马库斯、三联公司和联盟身上。这似乎说明他们正计划着RE0，重写RE5剧情和在未来作品中推进让联盟当幕后boss的想法（不知道之后怎么写威斯克的剧情），作为一位生化老粉，我只能说野心很大，而且确实让我期待剧情后续的发展，但这也是把双刃剑，一旦处理不好不仅会将伤害生化这一常青树IP的口碑，更有可能将会导致老玩家与新玩家的分裂。②里昂重返警察局，跟老同事和肯多老板的回忆以及反杀暴君的确让人感慨万千，也确实很提升老玩家的好感（但我觉得是不是该加点艾达的戏份呢？比如说在停车场出口来点回忆，一个可爱熊挂件彩蛋着实不够，大伙磕了这么多年里昂艾达发点糖不过分吧）、

优点说完了再来说说缺点：
1.游戏性上：①可以很明显地感受到游戏设计在进入方舟后就进入了严重的“预制菜”状态（不少人说是赶工，但我个人对地图的体验还是相对完整的），类似23代的实验室模块化设计（虽然都是保护伞公司元素，但是实在是让人审美疲劳了），43号植物（给重制版重制1的预制也是预制），人类敌人过于离谱的子弹数值设定，跟RE4一脉相承的里昂感染异常状态演出，以及演都不演将舔食者作为敌人投放以及缺乏诚意的维克托最终BOSS战。虽然对生化“烂尾”有一定的预期，但游戏后半段的体验还是让我对制作组的产能深深地感到担忧。②关键道具和交互缺乏明显提示，点名批评地图UI道具，显示弹药药草等资源道具却不显示文件和部分特殊交互地形（比如说威斯克在警察局图书馆的黑历史，触发条件成谜，以及浣熊市东部大地图第二次来格里姆斯通大楼，完全可以添加一个钢缆滑索UI指示玩家新的返回路线）我整个正篇主线打完拿到的文件数量只有大约70%-80%，其中缺少的文件不少还是有关密码的，这严重破坏了游戏体验。③有些不明所以的摩托追逐战，不仅变异狗子没有任何剧情提示来的莫名奇妙，战斗结果也进一步拉低了维克多作为最终BOSS的逼格（虽然里昂开摩托确实很帅）
2.剧情上：①俩主要反派的人物塑造的堪比6代黑历史席梦思：一个奇诺疑似威斯克复制体，背靠未来大boss联盟，空有一身超能力从剧情中期路面到领盒饭全程没怎么用，还是半个谜语人，然后一针厄尔庇斯给自己扎成了小丑；一个维克多，张口闭口我要继承斯宾塞老师的事业和梦想却说不出这个梦想是什么以及具体做些什么去实现，喊口号有一手的，后面一触手秒了小丑奇诺紧接着最后boss战当大丑被概念神健康里昂秒了（而且我看主播打一阶段的时候他还有火箭筒掉落，我自己玩的时候直接安魂曲秒了，堪称历代最没排面的火箭筒）②和艾米丽有关的剧情也狠难评，格蕾丝全程把艾米丽护至身前除了捡道具和开门外无法做任何交互，纯纯给玩家上负担，中期变怪物结局机械降神怪物是病毒变出的高达更是难以自圆其说，连作用机理都不稍微解释一下，最后包个饺子显得小艾同学特别工具人。③浣熊市幸存者得病，跟T病毒有关，先不说克里斯和艾达，一个在爆发前去欧洲了一个神通广大得个病毒处理起来不成问题，但制作组怎么连克莱尔都不愿意在剧情里提一下，合着除了NPC就雪莉和里昂对这东西没抗体是吧，整个我觉得这个设定实在是粗糙无比，纯纯用来把里昂和格蕾丝联系在一起强行推剧情的，经不起细细推敲。

综上所述，RE9是一部合格的，但也仅仅是合格的生化危机续作，无论是体量、游戏性还是剧情都没能做到让玩家眼前一亮的突破。我个人觉得当前以原价购入是不划算的（当然你是生化老玩家当我没说），RE9更适合等到第一次打折，或者佣兵模式上线后再购入体验，到那时它的价格和体量才能达到一个合适的匹配区间。",推荐,11.8,4,163,先说基于我个人一周目普通现代难度体验下的结论 中规中矩的守成之作 以下涉及部分剧透 请酌情观看 完整体验本篇后可以看出在RE系列三十周年推出的这部正统续作中卡表生化团队对作品倾注的心血 1 游戏性上 ①前期疗养院地图的丧尸生态 虽然形容的有点奇怪 但从我的体验来看确实做到了他们在预告片里承诺的效果 你也可以根据部分特殊丧尸的习惯进行针对性对策 和箱庭设计 ②里昂和格蕾丝双主角的操作体验切换的节奏把控的很好 尤其是格蕾丝 将吸血作为直接掉落物资的替代物的创新设计确实很不错 而且道具方面也讲究 对症下药 对玩家的资源管理提出了更独特的要求 非常的有节奏感 虽然我是用第三人称加潜行暗杀策略打的格蕾丝线 因为更喜欢生化的动作感而非恐怖感 而且我个人觉得其整体体验比里昂的战斗部分好 ③量大管饱的浣熊市东部大箱庭探索 ④里昂那把性能巨强无比还能无限修复的斧子 一斧爆头 万事无忧 还有无限RG为你保驾护航 2 剧情戏上 剧透警告 ①可以看出在新时代的生化主线剧情下 制作组开启了一次大刀阔斧的改革 即给斯宾塞 史班瑟 作为保护伞公司三大创始人之一 开启浣熊市灾难的罪魁祸首洗白 我得承认这是一次颇具冒险的尝试 从最后格蕾丝的报告文件来看 制作组将斯宾塞设定为在2006年老死了 同时大部分罪责推到了马库斯 三联公司和联盟身上 这似乎说明他们正计划着RE0 重写RE5剧情和在未来作品中推进让联盟当幕后boss的想法 不知道之后怎么写威斯克的剧情 作为一位生化老粉 我只能说野心很大 而且确实让我期待剧情后续的发展 但这也是把双刃剑 一旦处理不好不仅会将伤害生化这一常青树IP的口碑 更有可能将会导致老玩家与新玩家的分裂 ②里昂重返警察局 跟老同事和肯多老板的回忆以及反杀暴君的确让人感慨万千 也确实很提升老玩家的好感 但我觉得是不是该加点艾达的戏份呢 比如说在停车场出口来点回忆 一个可爱熊挂件彩蛋着实不够 大伙磕了这么多年里昂艾达发点糖不过分吧 优点说完了再来说说缺点 1 游戏性上 ①可以很明显地感受到游戏设计在进入方舟后就进入了严重的 预制菜 状态 不少人说是赶工 但我个人对地图的体验还是相对完整的 类似23代的实验室模块化设计 虽然都是保护伞公司元素 但是实在是让人审美疲劳了 43号植物 给重制版重制1的预制也是预制 人类敌人过于离谱的子弹数值设定 跟RE4一脉相承的里昂感染异常状态演出 以及演都不演将舔食者作为敌人投放以及缺乏诚意的维克托最终BOSS战 虽然对生化 烂尾 有一定的预期 但游戏后半段的体验还是让我对制作组的产能深深地感到担忧 ②关键道具和交互缺乏明显提示 点名批评地图UI道具 显示弹药药草等资源道具却不显示文件和部分特殊交互地形 比如说威斯克在警察局图书馆的黑历史 触发条件成谜 以及浣熊市东部大地图第二次来格里姆斯通大楼 完全可以添加一个钢缆滑索UI指示玩家新的返回路线 我整个正篇主线打完拿到的文件数量只有大约70 80 其中缺少的文件不少还是有关密码的 这严重破坏了游戏体验 ③有些不明所以的摩托追逐战 不仅变异狗子没有任何剧情提示来的莫名奇妙 战斗结果也进一步拉低了维克多作为最终BOSS的逼格 虽然里昂开摩托确实很帅 2 剧情上 ①俩主要反派的人物塑造的堪比6代黑历史席梦思 一个奇诺疑似威斯克复制体 背靠未来大boss联盟 空有一身超能力从剧情中期路面到领盒饭全程没怎么用 还是半个谜语人 然后一针厄尔庇斯给自己扎成了小丑 一个维克多 张口闭口我要继承斯宾塞老师的事业和梦想却说不出这个梦想是什么以及具体做些什么去实现 喊口号有一手的 后面一触手秒了小丑奇诺紧接着最后boss战当大丑被概念神健康里昂秒了 而且我看主播打一阶段的时候他还有火箭筒掉落 我自己玩的时候直接安魂曲秒了 堪称历代最没排面的火箭筒 ②和艾米丽有关的剧情也狠难评 格蕾丝全程把艾米丽护至身前除了捡道具和开门外无法做任何交互 纯纯给玩家上负担 中期变怪物结局机械降神怪物是病毒变出的高达更是难以自圆其说 连作用机理都不稍微解释一下 最后包个饺子显得小艾同学特别工具人 ③浣熊市幸存者得病 跟T病毒有关 先不说克里斯和艾达 一个在爆发前去欧洲了一个神通广大得个病毒处理起来不成问题 但制作组怎么连克莱尔都不愿意在剧情里提一下 合着除了NPC就雪莉和里昂对这东西没抗体是吧 整个我觉得这个设定实在是粗糙无比 纯纯用来把里昂和格蕾丝联系在一起强行推剧情的 经不起细细推敲 综上所述 RE9是一部合格的 但也仅仅是合格的生化危机续作 无论是体量 游戏性还是剧情都没能做到让玩家眼前一亮的突破 我个人觉得当前以原价购入是不划算的 当然你是生化老玩家当我没说 RE9更适合等到第一次打折 或者佣兵模式上线后再购入体验 到那时它的价格和体量才能达到一个合适的匹配区间,玩法,正面
502,502,2026-02-28,"我很喜欢
",推荐,5.6,42,201,我很喜欢,其他,正面
503,503,2026-02-28,fun,推荐,6.9,2,161,fun,其他,正面
504,504,2026-02-28,恐怖与爽感并存的一作,推荐,15.3,13,72,恐怖与爽感并存的一作,情怀,正面
505,505,2026-02-28,恐怖游戏应该第一人称 效果非常 ，偏动作的恐怖游戏，第三人称更好。,推荐,2.4,21,130,恐怖游戏应该第一人称 效果非常 偏动作的恐怖游戏 第三人称更好,玩法,正面
506,506,2026-02-28,男人像美酒，越老越香醇,推荐,5.2,43,52,男人像美酒 越老越香醇,情怀,正面
507,507,2026-02-28,"贼棒
",推荐,13.0,18,27,贼棒,其他,正面
508,508,2026-02-28,予生者恐惧。给尸者安魂。,推荐,2.9,21,180,予生者恐惧 给尸者安魂,剧情,正面
509,509,2026-02-28,Nice ! ! !,推荐,11.9,15,74,Nice,其他,正面
510,510,2026-02-28,不支持dualsense,不推荐,3.7,35,44,不支持dualsense,其他,负面
511,511,2026-02-28,无论是里昂还是葛瑞丝的部分，体验都太好了，这类游戏卡普空和其他厂商已经拉开了很长的距离。（唯一能追上的也就是死亡空间，可惜不做了）,推荐,10.6,23,132,无论是里昂还是葛瑞丝的部分 体验都太好了 这类游戏卡普空和其他厂商已经拉开了很长的距离 唯一能追上的也就是死亡空间 可惜不做了,情怀,正面
512,512,2026-02-28,味大无需多盐,推荐,6.8,23,182,味大无需多盐,其他,正面
513,513,2026-02-28,有点一般， 感觉这游戏的反派智商没有边牧高。我感觉我要是随便发挥下就是下一个斯宾塞,推荐,11.2,31,140,有点一般 感觉这游戏的反派智商没有边牧高 我感觉我要是随便发挥下就是下一个斯宾塞,剧情,正面
514,514,2026-02-28,爽玩，疗养院搜刮好玩，里昂更是爽中爽,推荐,5.0,46,155,爽玩 疗养院搜刮好玩 里昂更是爽中爽,情怀,正面
515,515,2026-02-28,设置DLSS相关选项就会报错···很烦,推荐,2.1,49,208,设置DLSS相关选项就会报错 很烦,优化,正面
516,516,2026-02-28,把生化危机两种最独特的玩法融入到一作里面，既可以体验到恐怖生存也可以体验到动作恐怖，可以说是生化7的加强版和4重制版加强版的融合。,推荐,18.1,32,91,把生化危机两种最独特的玩法融入到一作里面 既可以体验到恐怖生存也可以体验到动作恐怖 可以说是生化7的加强版和4重制版加强版的融合,玩法,正面
517,517,2026-02-28,2026年的恐怖片没格瑞斯我不看,推荐,10.7,9,18,2026年的恐怖片没格瑞斯我不看,剧情,正面
518,518,2026-02-28,生化危机粉丝无脑入就是了，good,推荐,4.9,39,98,生化危机粉丝无脑入就是了 good,情怀,正面
519,519,2026-02-28,制作组里的里昂嬷嬷笑得嘴都合不拢了吧,推荐,19.9,3,62,制作组里的里昂嬷嬷笑得嘴都合不拢了吧,情怀,正面
520,520,2026-02-28,爽,推荐,15.8,22,181,爽,其他,正面
521,521,2026-02-28,除了个别流程有点粪，整体还是不错的，比较遗憾的是战斗没有RE4爽，大多数敌人都要靠招架打，不过好在和RE8一样是点数解锁无限子弹，不用打专家难度S+坐牢了。,推荐,18.9,30,189,除了个别流程有点粪 整体还是不错的 比较遗憾的是战斗没有RE4爽 大多数敌人都要靠招架打 不过好在和RE8一样是点数解锁无限子弹 不用打专家难度S 坐牢了,玩法,正面
522,522,2026-02-28,外瑞古德,推荐,2.4,49,208,外瑞古德,其他,正面
523,523,2026-02-28,前面的疗养院流程简直神中神，后面返回浣熊市本来还挺期待，说实话玩起来又臭又长，最后说一句，卡普空nmsl,推荐,14.3,50,109,前面的疗养院流程简直神中神 后面返回浣熊市本来还挺期待 说实话玩起来又臭又长 最后说一句 卡普空nmsl,剧情,正面
524,524,2026-02-28,4和8的结合,推荐,6.5,28,37,4和8的结合,情怀,正面
525,525,2026-02-28,好玩，生化危机集大成的一作，里昂简直就是战神,推荐,1.4,2,11,好玩 生化危机集大成的一作 里昂简直就是战神,情怀,正面
526,526,2026-02-28,"画质 氛围营造 一直强项的音效表现很出色，4K 最高画质高光追锁120帧进剧情偶尔会大幅掉一下，没遇到闪退等问题
本次双主角是老带新，传统恐怖解谜与动作射击并行，里昂战术动作拉满配合新的近战系统大杀四方，再看新主角初期观感应该算是生化可操作成年角色里最弱鸡的
游戏性方面解谜都是经典的电力-钥匙-保险丝类的纯凑数，其中掺杂的Jump scare非常老套，战斗方面新内容大部分都在里昂的篇幅内，除重置4代就有的战术动作 防反 体术处决外 无限耐久的手斧一枪头后配合新近战连招重击起手能一直连死小怪 投掷敌人丢下的近战武器和使用电锯简直不要太爽
本作的怪物性能对标重制版角色性能不算难但是到了新角色一个普通人身上简直粪的一批，据枪犹如帕金森 体术只能推人 近战武器伤害低只能保命 暴击低的几乎没有之外，不能暗杀和处决必须用一次性道具还会安排二次感染的肿包丧尸复活在重要路线封路，肉的一批的同时拥有侧向闪避和无法打断的突进持续攻击，持有武器的大范围攻击僵尸也有滑步一样的闪避性能，一般僵尸在普通难度侵略性就很高，被复数僵尸围攻时只要一只陷入失衡其他高概率立刻抱人
物资方面 里昂背包非常宽裕也有不少物资掉落，格蕾丝的资源很有限掉落物只有一点材料其他几乎没有，格子很有限需要注意资源管理
最后总结 瑕不掩瑜非常推荐，本作内容充实定价合理（CNMB卡普空400的生3重制版玩一天通关了三遍）重制版的新系统都加进来而且还有些新东西请自行体验，还能见到里昂真好啊，很期待DLC很想见到艾达王",推荐,9.8,38,147,画质 氛围营造 一直强项的音效表现很出色 4K 最高画质高光追锁120帧进剧情偶尔会大幅掉一下 没遇到闪退等问题 本次双主角是老带新 传统恐怖解谜与动作射击并行 里昂战术动作拉满配合新的近战系统大杀四方 再看新主角初期观感应该算是生化可操作成年角色里最弱鸡的 游戏性方面解谜都是经典的电力 钥匙 保险丝类的纯凑数 其中掺杂的Jump scare非常老套 战斗方面新内容大部分都在里昂的篇幅内 除重置4代就有的战术动作 防反 体术处决外 无限耐久的手斧一枪头后配合新近战连招重击起手能一直连死小怪 投掷敌人丢下的近战武器和使用电锯简直不要太爽 本作的怪物性能对标重制版角色性能不算难但是到了新角色一个普通人身上简直粪的一批 据枪犹如帕金森 体术只能推人 近战武器伤害低只能保命 暴击低的几乎没有之外 不能暗杀和处决必须用一次性道具还会安排二次感染的肿包丧尸复活在重要路线封路 肉的一批的同时拥有侧向闪避和无法打断的突进持续攻击 持有武器的大范围攻击僵尸也有滑步一样的闪避性能 一般僵尸在普通难度侵略性就很高 被复数僵尸围攻时只要一只陷入失衡其他高概率立刻抱人 物资方面 里昂背包非常宽裕也有不少物资掉落 格蕾丝的资源很有限掉落物只有一点材料其他几乎没有 格子很有限需要注意资源管理 最后总结 瑕不掩瑜非常推荐 本作内容充实定价合理 CNMB卡普空400的生3重制版玩一天通关了三遍 重制版的新系统都加进来而且还有些新东西请自行体验 还能见到里昂真好啊 很期待DLC很想见到艾达王,画面,正面
527,527,2026-02-28,要是早知道ADA 没出场我都不带买的。,推荐,17.2,31,140,要是早知道ADA 没出场我都不带买的,情怀,正面
528,528,2026-02-28,女高音你别叫了，我受不了,推荐,9.9,34,43,女高音你别叫了 我受不了,音效,正面
529,529,2026-02-28,年度最佳提名，毫无悬念!,推荐,15.4,15,174,年度最佳提名 毫无悬念,情怀,正面
530,530,2026-02-28, 个人感觉挺不错的,推荐,5.1,3,112,个人感觉挺不错的,其他,正面
531,531,2026-02-28,集大成的游戏，满分一百给个九十，差的十分在于小妹篇马格南弹药过少，我玩的恐怖求生游戏够多了，但这作比恶灵附身的子弹都要少，完全沦为应急物品用来临时一穿二打红头或者在地下让长手怪出硬直，等通关了拿个无限子弹杀回来,推荐,10.4,45,154,集大成的游戏 满分一百给个九十 差的十分在于小妹篇马格南弹药过少 我玩的恐怖求生游戏够多了 但这作比恶灵附身的子弹都要少 完全沦为应急物品用来临时一穿二打红头或者在地下让长手怪出硬直 等通关了拿个无限子弹杀回来,玩法,正面
532,532,2026-02-28,差评，路径追踪和帧生成有明显的头发贴图破损，关路径追踪脸模型差距巨大（哥布林和迪丽热巴的区别）不开路径追踪帧生成X2有轻微头发边缘贴图破损，X4非常明显破损。如果没这个实力做不好帧生成和第三人称就别做，做了质量差活该挨骂。,不推荐,5.9,11,70,差评 路径追踪和帧生成有明显的头发贴图破损 关路径追踪脸模型差距巨大 哥布林和迪丽热巴的区别 不开路径追踪帧生成X2有轻微头发边缘贴图破损 X4非常明显破损 如果没这个实力做不好帧生成和第三人称就别做 做了质量差活该挨骂,画面,负面
533,533,2026-02-28,好玩，爱玩,推荐,6.3,28,137,好玩 爱玩,玩法,正面
534,534,2026-02-28,好玩,推荐,8.8,50,109,好玩,玩法,正面
535,535,2026-02-28,格蕾丝控制的情况下有种玩生化危机2重制版的赶脚 十分不错啊,推荐,10.6,11,20,格蕾丝控制的情况下有种玩生化危机2重制版的赶脚 十分不错啊,情怀,正面
536,536,2026-02-28,这一次换我拿电锯了，嘿嘿嘿,推荐,14.3,3,112,这一次换我拿电锯了 嘿嘿嘿,情怀,正面
537,537,2026-02-28,好玩 爱玩,推荐,6.3,15,24,好玩 爱玩,玩法,正面
538,538,2026-02-28,NB,推荐,12.5,26,35,NB,其他,正面
539,539,2026-02-28,很二代，特别棒,推荐,10.0,2,11,很二代 特别棒,情怀,正面
540,540,2026-02-28,依然佳作 没遇到过优化问题 进不去游戏问题 9700x 5070ti 2K全部拉满帧生成开2X有140左右 这代的路径光追很强,推荐,11.0,25,134,依然佳作 没遇到过优化问题 进不去游戏问题 9700x 5070ti 2K全部拉满帧生成开2X有140左右 这代的路径光追很强,画面,正面
541,541,2026-02-28,"玩到女主在疗养院，感觉就是把玩家直接丢到一个满是怪的箱庭里，经常包满了被怪追着跑。完全不如生化2重制版。简直抄都不会抄。
还有李昂初始手枪手感就和便秘一样。",不推荐,5.0,41,200,玩到女主在疗养院 感觉就是把玩家直接丢到一个满是怪的箱庭里 经常包满了被怪追着跑 完全不如生化2重制版 简直抄都不会抄 还有李昂初始手枪手感就和便秘一样,玩法,负面
542,542,2026-02-28,剧情太差女主和傻子差不多,不推荐,5.9,39,98,剧情太差女主和傻子差不多,剧情,负面
543,543,2026-02-28,3080TI 画质开4K 后期一路卡顿掉帧 游戏套路就是进垃圾拼凑 格子危机 融入了最后生还者的游戏模式 还没人家的爽快感 没有经典的BOSS战 也没有真正的广阔场景 只是在一个大箱庭里绕来绕去 敌人攻击欲望也不智能 就是说句台词就算有记忆了 很牵强吧 最后生还者是可以说话 发现敌人踪迹的 还有就是被秒破 正版却是卡顿的D加密 建议官方取消加密,不推荐,7.0,39,148,3080TI 画质开4K 后期一路卡顿掉帧 游戏套路就是进垃圾拼凑 格子危机 融入了最后生还者的游戏模式 还没人家的爽快感 没有经典的BOSS战 也没有真正的广阔场景 只是在一个大箱庭里绕来绕去 敌人攻击欲望也不智能 就是说句台词就算有记忆了 很牵强吧 最后生还者是可以说话 发现敌人踪迹的 还有就是被秒破 正版却是卡顿的D加密 建议官方取消加密,优化,负面
544,544,2026-02-28,游戏非常好玩，关卡再长点就好,推荐,2.4,22,181,游戏非常好玩 关卡再长点就好,玩法,正面
545,545,2026-02-28,物有所值但不超所值，期待后续游戏操作逻辑优化和dlc补充玩法,推荐,18.1,12,171,物有所值但不超所值 期待后续游戏操作逻辑优化和dlc补充玩法,价格,正面
546,546,2026-02-28,   这优化可太棒了！老生化味了,推荐,10.5,10,19,这优化可太棒了 老生化味了,优化,正面
547,547,2026-02-28,这分头是演都不带演了，回到导弹打击浣熊市的时候，他能用斧头给导弹挡咯,推荐,14.2,16,25,这分头是演都不带演了 回到导弹打击浣熊市的时候 他能用斧头给导弹挡咯,情怀,正面
548,548,2026-02-28,相当好玩，疗养院要是能再复杂一点就好了,推荐,5.0,31,140,相当好玩 疗养院要是能再复杂一点就好了,玩法,正面
549,549,2026-02-28,好玩,推荐,13.3,3,12,好玩,玩法,正面
550,550,2026-02-28,赶紧出DLC，没玩够,推荐,7.0,27,136,赶紧出DLC 没玩够,情怀,正面
551,551,2026-02-28,"疗养院神中神设计，格蕾丝篇解密+搜刮一气呵成，好玩得批爆；里昂篇大杀四方，随手捡到的都是武器，当然里昂面对的丧尸的强度也水涨船高，战斗，爽！
格蕾丝用生化2的模式+里昂用生化4的模式就是天才设计",推荐,8.7,41,100,疗养院神中神设计 格蕾丝篇解密 搜刮一气呵成 好玩得批爆 里昂篇大杀四方 随手捡到的都是武器 当然里昂面对的丧尸的强度也水涨船高 战斗 爽 格蕾丝用生化2的模式 里昂用生化4的模式就是天才设计,玩法,正面
552,552,2026-02-28,"发售前几天看评测高分再预购，我是聪明逼
玩了超过两小时第二天一看光速被破解，♥♥♥♥",推荐,2.6,33,42,发售前几天看评测高分再预购 我是聪明逼 玩了超过两小时第二天一看光速被破解,价格,正面
553,553,2026-02-28,优化很好，简直是恐怖与战斗爽的完美结合,推荐,4.8,36,45,优化很好 简直是恐怖与战斗爽的完美结合,玩法,正面
554,554,2026-02-28,"**《生化危机9：安魂曲》推荐评测：30周年最强献礼，双主角惊魂与爽快并存的系列巅峰之作（9.5/10）**

2026年2月27日，《生化危机》系列正式迎来30周年纪念作——《生化危机9：安魂曲》（Resident Evil Requiem）。作为卡普空RE Engine驱动的第九部正统续作，这款游戏不仅让传奇特工里昂·S·肯尼迪重返浣熊市，更引入全新女主角格蕾丝·阿什克罗夫特，双线叙事大胆融合“纯正生存恐怖”与“动作爽快战斗”，堪称系列“集大成之作”。媒体均分高达88-91分（Metacritic），IGN 9分、游民星空9.2分，玩家普遍称其为“里昂的镇魂曲，也是新篇章的序曲”。







### 双主角设计：两种恐惧，两种极致体验
本作最大亮点是**双主角交替推进**：
- **格蕾丝篇**（新主角，FBI文员）：资源极度匮乏、第一人称视角的压抑生存恐怖。格蕾丝胆小、笨拙，持枪都抖，遇到怪物会结巴逃跑，氛围直逼《生化危机2重制版》和《生化危机7》。疗养院箱庭关卡设计精妙，谜题+潜行+有限弹药，让人肾上腺素狂飙，却又忍不住反复存档。
- **里昂篇**：经典第三人称动作英雄模式，手感升级到系列顶峰。斧反、圆踢、动态射击拉满，血腥暴力美学爆表，像极了《生化危机4重制版》和《生化危机8》的爽快延续。里昂年近五十却依旧帅到炸裂，战斗时那句“来吧！”直接让人热血沸腾。

两种风格无缝切换，恐怖时让你喘不过气，爽快时让你大呼过瘾。卡普空完美平衡了“吓死你”和“爽死你”，这是系列30年来最聪明的设计之一。













### 浣熊市归来：情怀拉满，却不只是卖老
游戏部分舞台重回标志性浣熊市，雨夜废墟、废弃警局、破败街道……每一帧都充满回忆杀。里昂与格蕾丝的线索最终交织，故事既为老角色画上阶段性句点，又为新主角铺路。无剧透说一句：情感厚度远超预期，结局让人鼻酸却又充满希望。

画面方面，RE Engine再次证明自己是恐怖游戏天花板：光追、HDR、60帧+原生4K（PS5 Pro尤其惊艳），丧尸模型细腻到毛孔可见，雨夜浣熊市的氛围感直接封神。音效更是顶级，心跳声、BGM切换、怪物低吼……戴耳机玩能把人吓出冷汗。







### 优缺点总结
**优点**：
- 双主角玩法开创系列新高度，恐怖与动作完美融合
- 里昂回归+浣熊市情怀拉满，30周年诚意十足
- 画面、音效、关卡设计均为系列顶级
- 战斗手感、资源管理深度拉满，可玩性极高

**缺点**（瑕不掩瑜）：
- 部分关卡和机关略有前作影子，新鲜感稍逊
- 佣兵模式缺席（后续DLC预计补上）
- PC版首发优化和手柄适配有小问题（Steam国区目前褒贬不一，但更新后已改善）

**游玩建议**：首发推荐PS5/Pro或高配PC，戴耳机、关灯、第一人称玩格蕾丝篇，绝对终身难忘。通关后还能二周目挑战更高难度，挖掘更多隐藏要素。

### 结语：强烈推荐，必买神作！
如果你是《生化危机》老粉，这绝对是30年来最值得入手的正统续作；如果你是新玩家，也能从本作轻松入门，体验系列最精华的恐怖与爽快。卡普空用这部《安魂曲》证明：生存恐怖的王者，依然无人能敌。

**推荐指数：9.5/10**  
**购买建议**：豪华版值得加钱（额外皮肤+武器包），现在就去预载，等解锁直接开冲！  
你准备先玩格蕾丝还是里昂？评论区告诉我你的选择～

（评测基于首发媒体版+实际游玩体验，无剧透，纯推荐向。如有优化更新我也会及时补充！）",推荐,3.8,27,186,生化危机9 安魂曲 推荐评测 30周年最强献礼 双主角惊魂与爽快并存的系列巅峰之作 9 5 10 2026年2月27日 生化危机 系列正式迎来30周年纪念作 生化危机9 安魂曲 Resident Evil Requiem 作为卡普空RE Engine驱动的第九部正统续作 这款游戏不仅让传奇特工里昂 S 肯尼迪重返浣熊市 更引入全新女主角格蕾丝 阿什克罗夫特 双线叙事大胆融合 纯正生存恐怖 与 动作爽快战斗 堪称系列 集大成之作 媒体均分高达88 91分 Metacritic IGN 9分 游民星空9 2分 玩家普遍称其为 里昂的镇魂曲 也是新篇章的序曲 双主角设计 两种恐惧 两种极致体验 本作最大亮点是 双主角交替推进 格蕾丝篇 新主角 FBI文员 资源极度匮乏 第一人称视角的压抑生存恐怖 格蕾丝胆小 笨拙 持枪都抖 遇到怪物会结巴逃跑 氛围直逼 生化危机2重制版 和 生化危机7 疗养院箱庭关卡设计精妙 谜题 潜行 有限弹药 让人肾上腺素狂飙 却又忍不住反复存档 里昂篇 经典第三人称动作英雄模式 手感升级到系列顶峰 斧反 圆踢 动态射击拉满 血腥暴力美学爆表 像极了 生化危机4重制版 和 生化危机8 的爽快延续 里昂年近五十却依旧帅到炸裂 战斗时那句 来吧 直接让人热血沸腾 两种风格无缝切换 恐怖时让你喘不过气 爽快时让你大呼过瘾 卡普空完美平衡了 吓死你 和 爽死你 这是系列30年来最聪明的设计之一 浣熊市归来 情怀拉满 却不只是卖老 游戏部分舞台重回标志性浣熊市 雨夜废墟 废弃警局 破败街道 每一帧都充满回忆杀 里昂与格蕾丝的线索最终交织 故事既为老角色画上阶段性句点 又为新主角铺路 无剧透说一句 情感厚度远超预期 结局让人鼻酸却又充满希望 画面方面 RE Engine再次证明自己是恐怖游戏天花板 光追 HDR 60帧 原生4K PS5 Pro尤其惊艳 丧尸模型细腻到毛孔可见 雨夜浣熊市的氛围感直接封神 音效更是顶级 心跳声 BGM切换 怪物低吼 戴耳机玩能把人吓出冷汗 优缺点总结 优点 双主角玩法开创系列新高度 恐怖与动作完美融合 里昂回归 浣熊市情怀拉满 30周年诚意十足 画面 音效 关卡设计均为系列顶级 战斗手感 资源管理深度拉满 可玩性极高 缺点 瑕不掩瑜 部分关卡和机关略有前作影子 新鲜感稍逊 佣兵模式缺席 后续DLC预计补上 PC版首发优化和手柄适配有小问题 Steam国区目前褒贬不一 但更新后已改善 游玩建议 首发推荐PS5 Pro或高配PC 戴耳机 关灯 第一人称玩格蕾丝篇 绝对终身难忘 通关后还能二周目挑战更高难度 挖掘更多隐藏要素 结语 强烈推荐 必买神作 如果你是 生化危机 老粉 这绝对是30年来最值得入手的正统续作 如果你是新玩家 也能从本作轻松入门 体验系列最精华的恐怖与爽快 卡普空用这部 安魂曲 证明 生存恐怖的王者 依然无人能敌 推荐指数 9 5 10 购买建议 豪华版值得加钱 额外皮肤 武器包 现在就去预载 等解锁直接开冲 你准备先玩格蕾丝还是里昂 评论区告诉我你的选择 评测基于首发媒体版 实际游玩体验 无剧透 纯推荐向 如有优化更新我也会及时补充,剧情,正面
555,555,2026-02-28,非常好玩,推荐,8.1,14,23,非常好玩,玩法,正面
556,556,2026-02-28,好玩,推荐,7.4,22,131,好玩,玩法,正面
557,557,2026-02-28,丧尸职业的设定让游戏的玩法更丰富了，让我没想到的是在不是绿标的情况下，还能在steamdeck上完美运行！！！,推荐,3.8,30,39,丧尸职业的设定让游戏的玩法更丰富了 让我没想到的是在不是绿标的情况下 还能在steamdeck上完美运行,玩法,正面
558,558,2026-02-28,9分吧，如果是老生化2，俩角色先各走一遍路线就就好了,推荐,13.3,50,59,9分吧 如果是老生化2 俩角色先各走一遍路线就就好了,情怀,正面
559,559,2026-02-28,逆天卡普空 花400进不去游戏,不推荐,0.1,25,84,逆天卡普空 花400进不去游戏,优化,负面
560,560,2026-02-28,还可以，还是这个味,推荐,13.7,31,90,还可以 还是这个味,情怀,正面
561,561,2026-02-28,好玩,推荐,14.2,21,180,好玩,玩法,正面
562,562,2026-02-28,有生存恐怖资源管理的原点味道，也有四代体术的秀技操作，结合相得益彰，太棒了,推荐,8.1,34,143,有生存恐怖资源管理的原点味道 也有四代体术的秀技操作 结合相得益彰 太棒了,玩法,正面
563,563,2026-02-28,流程太短了,推荐,11.7,14,123,流程太短了,剧情,正面
564,564,2026-02-28,这一作细节非常丰富，好玩！,推荐,10.0,8,167,这一作细节非常丰富 好玩,玩法,正面
565,565,2026-02-28,剧情还不错，女主真好看,推荐,11.9,41,50,剧情还不错 女主真好看,剧情,正面
566,566,2026-02-28,系统还是老家伙，人物也有老家伙，大部分玩家也是老家伙，新作也继承了老一套里面好玩的优点。,推荐,13.7,15,174,系统还是老家伙 人物也有老家伙 大部分玩家也是老家伙 新作也继承了老一套里面好玩的优点,情怀,正面
567,567,2026-02-28,"Really enjoy the game so far, GOOD GAME

Only leave the bad review for 
1. lack of fully functional vibration on ds controller, don't know who to blame on this sony or capcom or both
2. lack of day 1 Nvidia driver support (still no update so far), really ruined the first play experience with latest dlss model

100% recommend this game if you wait for the proper gpu driver, not recommend this on pc if you expect ""magic immersive ds controller experience""",不推荐,6.2,36,95,Really enjoy the game so far GOOD GAME Only leave the bad review for 1 lack of fully functional vibration on ds controller don t know who to blame on this sony or capcom or both 2 lack of day 1 Nvidia driver support still no update so far really ruined the first play experience with latest dlss model 100 recommend this game if you wait for the proper gpu driver not recommend this on pc if you expect magic immersive ds controller experience,优化,负面
568,568,2026-02-28,好玩,推荐,4.5,41,100,好玩,玩法,正面
569,569,2026-02-28,剧情衔接紧凑、代入感很强；画面精美，转场丝滑，人物建模方面没的说；唯一的缺点就是小女孩那里吓死个人啊,推荐,19.4,12,21,剧情衔接紧凑 代入感很强 画面精美 转场丝滑 人物建模方面没的说 唯一的缺点就是小女孩那里吓死个人啊,剧情,正面
570,570,2026-02-28,无需多言,推荐,12.1,5,164,无需多言,其他,正面
571,571,2026-02-28,这vsk复制体怎么能这么小丑的,推荐,12.6,22,81,这vsk复制体怎么能这么小丑的,剧情,正面
572,572,2026-02-28,请假不批，哥们躲在单位厕所里抱着笔记本在马桶上爽了一晚上,推荐,8.2,46,105,请假不批 哥们躲在单位厕所里抱着笔记本在马桶上爽了一晚上,情怀,正面
573,573,2026-02-28,好玩，刺激，还是那个味道。,推荐,3.0,21,80,好玩 刺激 还是那个味道,情怀,正面
574,574,2026-02-28,还不错，赶紧重制生化6,推荐,5.5,32,41,还不错 赶紧重制生化6,情怀,正面
575,575,2026-02-28,豪玩,推荐,15.8,32,41,豪玩,其他,正面
576,576,2026-02-28,生化危机 近年最好玩的一作 ，恐怖部分够恐怖，动作部分够爽,推荐,8.8,16,75,生化危机 近年最好玩的一作 恐怖部分够恐怖 动作部分够爽,玩法,正面
577,577,2026-02-28,游戏是很好玩，但是动不动就崩溃是什么鬼，今天刚开游戏，还没进去就崩溃一次，怎么9800x3d+5080还带不动么？,推荐,10.0,1,10,游戏是很好玩 但是动不动就崩溃是什么鬼 今天刚开游戏 还没进去就崩溃一次 怎么9800x3d 5080还带不动么,优化,正面
578,578,2026-02-28,打完一遍就不像打了，力竭了,不推荐,7.1,42,201,打完一遍就不像打了 力竭了,玩法,负面
579,579,2026-02-28,夯,推荐,6.0,14,73,夯,其他,正面
580,580,2026-02-28,唯喜欢尔,推荐,16.1,5,114,唯喜欢尔,其他,正面
581,581,2026-02-28,"这次生9美中不足相较生4重制流程短了点儿，感脚还没打过瘾就完了，但整体游玩下来还是非常不错👍
格蕾丝负责压抑的恐怖氛围，Leon负责战斗的爽快感居然不存在我一直
担心的割裂感，格蕾丝虽然性能薄弱，但变异血液收集器所衍生出来的
各种道具使玩法和策略上相当有趣，我自己也是特别喜欢刺客信条系列
这种代有潜行性质的玩法我特别喜欢，Leon更偏向生4重制的玩法，还好
制作思路明确格挡玩法依旧保留了下来，使游戏的爽快感大大提升。我个人
是非常喜欢这种战斗系统，希望以后得生化作品也能延续，这并不会感到
审美疲劳，反而是战斗系统中的一大爽点，这个对玩家很重要。游戏首先就得
好玩，战斗有观赏性能吸引住玩家才是王道。最后我好想抱着光哥中西晃史
的光头亲一口，你他娘的真是个天才，你真是个艺术家👍",推荐,10.0,20,29,这次生9美中不足相较生4重制流程短了点儿 感脚还没打过瘾就完了 但整体游玩下来还是非常不错 格蕾丝负责压抑的恐怖氛围 Leon负责战斗的爽快感居然不存在我一直 担心的割裂感 格蕾丝虽然性能薄弱 但变异血液收集器所衍生出来的 各种道具使玩法和策略上相当有趣 我自己也是特别喜欢刺客信条系列 这种代有潜行性质的玩法我特别喜欢 Leon更偏向生4重制的玩法 还好 制作思路明确格挡玩法依旧保留了下来 使游戏的爽快感大大提升 我个人 是非常喜欢这种战斗系统 希望以后得生化作品也能延续 这并不会感到 审美疲劳 反而是战斗系统中的一大爽点 这个对玩家很重要 游戏首先就得 好玩 战斗有观赏性能吸引住玩家才是王道 最后我好想抱着光哥中西晃史 的光头亲一口 你他娘的真是个天才 你真是个艺术家,玩法,正面
582,582,2026-02-28,格蕾丝那玩着挺有压迫感的 里昂一出场安全感十足 卡普空神优化 dlc能不能让给个里昂艾达个好结局 让我们磕的cp结婚吧,推荐,6.9,9,68,格蕾丝那玩着挺有压迫感的 里昂一出场安全感十足 卡普空神优化 dlc能不能让给个里昂艾达个好结局 让我们磕的cp结婚吧,情怀,正面
583,583,2026-02-28,无需多言,推荐,7.8,42,101,无需多言,其他,正面
584,584,2026-02-28,中规中矩吧，为了男神还是给个好评。,推荐,12.7,22,81,中规中矩吧 为了男神还是给个好评,情怀,正面
585,585,2026-02-28,我不想玩格蕾丝剧情，我不想玩躲猫猫，我就想玩玩李三光！！！！,推荐,0.9,29,138,我不想玩格蕾丝剧情 我不想玩躲猫猫 我就想玩玩李三光,情怀,正面
586,586,2026-02-28,系列集大成者,推荐,7.7,19,28,系列集大成者,情怀,正面
587,587,2026-02-28,好玩,推荐,14.3,8,117,好玩,玩法,正面
588,588,2026-02-28,通关，感谢带给我老电子阳痿美好的一天！,推荐,15.8,16,175,通关 感谢带给我老电子阳痿美好的一天,情怀,正面
589,589,2026-02-28,"对里昂这种老资历来说
丧尸和T病毒什么的就跟吃饭喝水一样常见
跟BOSS谈笑风生也没什么
以前变成豆腐还和暴君玩二人转呢
所以说其实应该提防糖尿病以及结石
毕竟年纪到了",推荐,6.3,46,205,对里昂这种老资历来说 丧尸和T病毒什么的就跟吃饭喝水一样常见 跟BOSS谈笑风生也没什么 以前变成豆腐还和暴君玩二人转呢 所以说其实应该提防糖尿病以及结石 毕竟年纪到了,情怀,正面
590,590,2026-02-28,李三光又进村搜刮了,推荐,11.8,30,139,李三光又进村搜刮了,情怀,正面
591,591,2026-02-28,前期坐牢，后面到李就好了,推荐,12.1,6,115,前期坐牢 后面到李就好了,剧情,正面
592,592,2026-02-28,好玩,推荐,13.7,50,209,好玩,玩法,正面
593,593,2026-02-28,一周目传统通关！真好玩,推荐,17.3,1,60,一周目传统通关 真好玩,玩法,正面
594,594,2026-02-28,生化危机9真的是我玩过的最好的一款生化危机了（当然除了生化4重置版以外），游戏中里昂的帅气体术和处决动作变得更多而且花样也很好看（不愧是我最喜欢的昂子！），还有女主格蕾丝也挺可爱的嘻嘻！一周目由于心大选择了a选项导致里昂被爆头了....（我的错）。但还好卡普空有良心可以重新选择选项，D选项才是大美满结局吗！总而言之，生化粉丝可以直接冲9不会让你失望的！！！！,推荐,18.8,49,108,生化危机9真的是我玩过的最好的一款生化危机了 当然除了生化4重置版以外 游戏中里昂的帅气体术和处决动作变得更多而且花样也很好看 不愧是我最喜欢的昂子 还有女主格蕾丝也挺可爱的嘻嘻 一周目由于心大选择了a选项导致里昂被爆头了 我的错 但还好卡普空有良心可以重新选择选项 D选项才是大美满结局吗 总而言之 生化粉丝可以直接冲9不会让你失望的,剧情,正面
595,595,2026-02-28,"系列集大成之作
伟大无需多言",推荐,11.8,44,103,系列集大成之作 伟大无需多言,情怀,正面
596,596,2026-02-28,简直爱死喜欢生化危机了，这一部体验极棒，情怀加分不少，期待dlc。,推荐,13.7,29,188,简直爱死喜欢生化危机了 这一部体验极棒 情怀加分不少 期待dlc,情怀,正面
597,597,2026-02-28,"医院图打了一半，感觉无论人设、画面、动作、动画、中文配音都没毛病。
真的是第一次用中文配音玩生化，上次用中配还是赛博朋克。
女主的人设是真的反差，本来以为是吉尔二代，没想到是个弱气小妹妹，无论中配还是英配都特别可爱，尤其中配时吐槽一些生化危机的奇怪设定时特别逗，比起英配愣一下在笑还是不同的。
然后这次的变异T病毒效果也挺有意思的，虽然在一些电影中已经使用过，但是依然有点惊喜，尤其娱乐大厅那个唱歌的丧尸，我第一反应是哪里来的疯女人。
总之还是有点小惊喜的，而且女主首次不是那么的干练，哪怕碍事梨都没全程怕成这样。",推荐,7.2,15,74,医院图打了一半 感觉无论人设 画面 动作 动画 中文配音都没毛病 真的是第一次用中文配音玩生化 上次用中配还是赛博朋克 女主的人设是真的反差 本来以为是吉尔二代 没想到是个弱气小妹妹 无论中配还是英配都特别可爱 尤其中配时吐槽一些生化危机的奇怪设定时特别逗 比起英配愣一下在笑还是不同的 然后这次的变异T病毒效果也挺有意思的 虽然在一些电影中已经使用过 但是依然有点惊喜 尤其娱乐大厅那个唱歌的丧尸 我第一反应是哪里来的疯女人 总之还是有点小惊喜的 而且女主首次不是那么的干练 哪怕碍事梨都没全程怕成这样,剧情,正面
598,598,2026-02-28,3060中低画质，90帧，良心的优化呀,推荐,9.6,29,138,3060中低画质 90帧 良心的优化呀,优化,正面
599,599,2026-02-28,法拉利老了还是法拉利,推荐,6.0,4,113,法拉利老了还是法拉利,情怀,正面
600,600,2026-02-28,喜欢喜欢喜欢喜欢喜欢喜欢喜欢好喜欢喜欢喜欢喜欢喜欢,推荐,14.0,30,139,喜欢喜欢喜欢喜欢喜欢喜欢喜欢好喜欢喜欢喜欢喜欢喜欢,其他,正面
601,601,2026-02-28,太j8好玩了,推荐,14.8,31,140,太j8好玩了,玩法,正面
602,602,2026-02-28,总的来说，参揉了很多生化前几代的各种玩法机制，以及彩蛋，至于效果来看，还算不错，卡普空可以再这条路上继续探索和挖掘。   唯一的遗憾感觉还是不尽兴。希望后续DLC作品中能够补全生化世界流程。,推荐,3.9,10,119,总的来说 参揉了很多生化前几代的各种玩法机制 以及彩蛋 至于效果来看 还算不错 卡普空可以再这条路上继续探索和挖掘 唯一的遗憾感觉还是不尽兴 希望后续DLC作品中能够补全生化世界流程,玩法,正面
603,603,2026-02-28,SS,推荐,5.4,47,206,SS,其他,正面
604,604,2026-02-28,夯爆了,推荐,4.0,27,36,夯爆了,其他,正面
605,605,2026-02-28,。,推荐,6.5,33,192,,优化,正面
606,606,2026-02-28,还是哪个味，还有李三光的动作加强，冷武器加强，非常给力不愧是30年力作，支持非常好玩。。。,推荐,12.1,48,207,还是哪个味 还有李三光的动作加强 冷武器加强 非常给力不愧是30年力作 支持非常好玩,情怀,正面
607,607,2026-02-28,熬夜通关了，好玩，爱玩，,推荐,18.8,49,108,熬夜通关了 好玩 爱玩,玩法,正面
608,608,2026-02-28,游戏本身没啥好评价的，将近30多年前跟爷爷一起玩的，他比我玩的早，但是没我玩的好，后来很多东西都是我教他的，找各种钥匙开门，药草可以合成，拼命的想知道剧情是什么收集各种文档但是看不懂哈哈，最近看到各种直播才知道30周年了，赶紧买过来玩，爷爷走了20多年我很想他，这些年工作家庭压力大，今天玩这个游戏哭了很多次，我老了，爷爷要是还在的话也很老很老了，但肯定还是很爱玩,推荐,11.8,6,15,游戏本身没啥好评价的 将近30多年前跟爷爷一起玩的 他比我玩的早 但是没我玩的好 后来很多东西都是我教他的 找各种钥匙开门 药草可以合成 拼命的想知道剧情是什么收集各种文档但是看不懂哈哈 最近看到各种直播才知道30周年了 赶紧买过来玩 爷爷走了20多年我很想他 这些年工作家庭压力大 今天玩这个游戏哭了很多次 我老了 爷爷要是还在的话也很老很老了 但肯定还是很爱玩,情怀,正面
609,609,2026-02-28,"no compatible for DS5 on PC.This is totally cheating. Shame on you, capcom. why don't we call you cheatcom.",不推荐,2.8,5,14,no compatible for DS5 on PC This is totally cheating Shame on you capcom why don t we call you cheatcom,优化,负面
610,610,2026-02-28,爽翻了！！每次切换主角的感觉都是意犹未尽！,推荐,12.7,47,106,爽翻了 每次切换主角的感觉都是意犹未尽,玩法,正面
611,611,2026-02-28,女主你被怪追的时候能不能再跑慢点？,推荐,8.8,17,26,女主你被怪追的时候能不能再跑慢点,玩法,正面
612,612,2026-02-28,一场酣畅淋漓的冒险，重回浣熊镇是最好的礼物,推荐,17.7,21,80,一场酣畅淋漓的冒险 重回浣熊镇是最好的礼物,情怀,正面
613,613,2026-02-28,女主一惊一乍使我恐惧达到顶点口牙,推荐,10.8,38,97,女主一惊一乍使我恐惧达到顶点口牙,音效,正面
614,614,2026-02-28,好玩,推荐,11.0,14,23,好玩,玩法,正面
615,615,2026-02-28,除了里昂的体态，全程无尿点,推荐,17.9,27,136,除了里昂的体态 全程无尿点,情怀,正面
616,616,2026-02-28,太特娘的好玩了，我要让我全家都玩！,推荐,2.7,34,93,太特娘的好玩了 我要让我全家都玩,情怀,正面
617,617,2026-02-28,不错,推荐,11.5,23,32,不错,其他,正面
618,618,2026-02-28,玩的我够爽，好游戏！,推荐,17.8,31,190,玩的我够爽 好游戏,玩法,正面
619,619,2026-02-28,想艾达王啦,推荐,1.3,40,99,想艾达王啦,情怀,正面
620,620,2026-02-28,全是感动,推荐,13.3,36,145,全是感动,情怀,正面
621,621,2026-02-28,好玩，太短了,推荐,14.6,12,71,好玩 太短了,玩法,正面
622,622,2026-02-28,主要是格蕾丝部分做的不错，要不然得差评。,推荐,17.6,32,91,主要是格蕾丝部分做的不错 要不然得差评,剧情,正面
623,623,2026-02-28,战斗！！！爽！！！！,推荐,4.7,2,161,战斗 爽,玩法,正面
624,624,2026-02-28,无暇之作,推荐,6.0,29,188,无暇之作,情怀,正面
625,625,2026-02-28,好吓人 好喜欢,推荐,7.3,14,123,好吓人 好喜欢,情怀,正面
626,626,2026-02-28,haowan,推荐,12.5,6,115,haowan,其他,正面
627,627,2026-02-28,集大成之作,推荐,15.3,50,59,集大成之作,情怀,正面
628,628,2026-02-28,我能接受里昂和艾达没同框，但我绝不能接受绿色草药和红色草药没同框,推荐,8.6,37,46,我能接受里昂和艾达没同框 但我绝不能接受绿色草药和红色草药没同框,情怀,正面
629,629,2026-02-28,生化正传最差的一作 真的心凉,不推荐,17.1,28,87,生化正传最差的一作 真的心凉,剧情,负面
630,630,2026-02-28,好玩，但是很保守,推荐,6.5,50,209,好玩 但是很保守,玩法,正面
631,631,2026-02-28,格蕾丝拿到一级权限之前的子弹太稀缺了。作为训练的初期，偏偏又是最难的阶段，多给点子弹就好了，起码3次打光子弹导致推不下去卡关。,推荐,10.5,3,62,格蕾丝拿到一级权限之前的子弹太稀缺了 作为训练的初期 偏偏又是最难的阶段 多给点子弹就好了 起码3次打光子弹导致推不下去卡关,玩法,正面
632,632,2026-02-28,大杂烩型游戏，你会找到很多游戏的影子，武器打击感不如4代重制版。整体游戏还是好玩的，游戏画面在开启路径追踪后非常不错。路径追踪开启和不开启画面几乎是两个游戏，建议尽量开启,推荐,9.4,42,151,大杂烩型游戏 你会找到很多游戏的影子 武器打击感不如4代重制版 整体游戏还是好玩的 游戏画面在开启路径追踪后非常不错 路径追踪开启和不开启画面几乎是两个游戏 建议尽量开启,画面,正面
633,633,2026-02-28,"操纵格蕾丝：生化危机9
操纵李昂：生化的危机9",推荐,14.1,33,142,操纵格蕾丝 生化危机9 操纵李昂 生化的危机9,情怀,正面
634,634,2026-02-28,ds适配了就是适配了，没适配就是没适配，你没适配标一个完美适配什么意思？,不推荐,2.7,6,115,ds适配了就是适配了 没适配就是没适配 你没适配标一个完美适配什么意思,优化,负面
635,635,2026-02-28,"缺点只有；有点老套和卡婊的没法调灵敏度，打的手腕疼，只能调整外设的灵敏度综合，太弱智了
",推荐,23.7,22,81,缺点只有 有点老套和卡婊的没法调灵敏度 打的手腕疼 只能调整外设的灵敏度综合 太弱智了,玩法,正面
636,636,2026-02-28,A- 85/100 格蕾丝第一人称到底 资源给的很足 敌全灭 这才是生存恐怖,推荐,13.1,7,166,A 85 100 格蕾丝第一人称到底 资源给的很足 敌全灭 这才是生存恐怖,玩法,正面
637,637,2026-02-28,想要的艾达没来，有点意难平，感觉DLC十有八九就是BSAA和保护伞精英小队的视角,推荐,13.2,41,50,想要的艾达没来 有点意难平 感觉DLC十有八九就是BSAA和保护伞精英小队的视角,剧情,正面
638,638,2026-02-28,延续生化系列的不错的续作，准备达成全成就中,推荐,13.3,32,91,延续生化系列的不错的续作 准备达成全成就中,情怀,正面
639,639,2026-02-28,里昂的开放世界做的真挺一般，线性流程就线性非得塞个开放世界搞不懂，反而觉得格蕾丝关卡做的都很不错,推荐,12.2,36,145,里昂的开放世界做的真挺一般 线性流程就线性非得塞个开放世界搞不懂 反而觉得格蕾丝关卡做的都很不错,玩法,正面
640,640,2026-02-28,爽,推荐,14.3,22,81,爽,其他,正面
641,641,2026-02-28,"总体质量很符合近几代生化危机的标准，一些新的元素非常有趣，比如里昂和格蕾丝可以通过切换第一/第三人称视角来切换成恐怖游戏/割草游戏，其中有一段剧情重返第二部的浣熊市警察局，确实有不错的情怀加成，但也有偷懒的嫌疑，直接把2重置版的地图拿来就行。刚刚前往浣熊市炸开大门那一段感觉有点赶工做的并不是很精致，希望后期能有补丁。这座的场景变化比较大，不会像2一样一个警察局走来走去不停地重复游玩一个场景，出现的场景算是最丰富的了，感觉的到诚意，玩之前也担心里昂五十岁了还打不打得动，现在看来多虑了。通关流程5-7个小时，战斗非常丰富，玩法有新颖也有经典的味道。只是感觉浣熊市那一部分的地图容器感太强了，卡普空还是不擅长做大地图，如果你是生化危机老粉那我绝对推荐

2补 不对啊我王阿姨呢王阿姨呢王阿姨呢王阿姨呢",推荐,12.4,22,81,总体质量很符合近几代生化危机的标准 一些新的元素非常有趣 比如里昂和格蕾丝可以通过切换第一 第三人称视角来切换成恐怖游戏 割草游戏 其中有一段剧情重返第二部的浣熊市警察局 确实有不错的情怀加成 但也有偷懒的嫌疑 直接把2重置版的地图拿来就行 刚刚前往浣熊市炸开大门那一段感觉有点赶工做的并不是很精致 希望后期能有补丁 这座的场景变化比较大 不会像2一样一个警察局走来走去不停地重复游玩一个场景 出现的场景算是最丰富的了 感觉的到诚意 玩之前也担心里昂五十岁了还打不打得动 现在看来多虑了 通关流程5 7个小时 战斗非常丰富 玩法有新颖也有经典的味道 只是感觉浣熊市那一部分的地图容器感太强了 卡普空还是不擅长做大地图 如果你是生化危机老粉那我绝对推荐 2补 不对啊我王阿姨呢王阿姨呢王阿姨呢王阿姨呢,剧情,正面
642,642,2026-02-28,这优化神了,推荐,8.6,24,33,这优化神了,优化,正面
643,643,2026-02-28,不错的游戏,推荐,11.8,31,140,不错的游戏,其他,正面
644,644,2026-02-28,完美的承上启下之作，有泪点有笑点，Leon作为特工的故事画上暂时的句号(?)毒二代们的故事将大放异彩(?) 私心来说，Leon的故事不会结束在这里，求你了CAPCOM让Leon和Ada有个完美幸福的结局好么,推荐,13.6,17,176,完美的承上启下之作 有泪点有笑点 Leon作为特工的故事画上暂时的句号 毒二代们的故事将大放异彩 私心来说 Leon的故事不会结束在这里 求你了CAPCOM让Leon和Ada有个完美幸福的结局好么,剧情,正面
645,645,2026-02-28,前面格蕾丝的部分吓得我尿漏出两滴,推荐,5.8,24,33,前面格蕾丝的部分吓得我尿漏出两滴,剧情,正面
646,646,2026-02-28,帅里昂帅,推荐,17.4,35,144,帅里昂帅,情怀,正面
647,647,2026-02-28,牛逼,推荐,11.6,2,111,牛逼,其他,正面
648,648,2026-02-28,"格蕾丝线从最开始非常恐惧到后面杀穿整个医院，有很明显变强的感觉。
里昂线基本上就是战斗爽。
其他的...也没什么特别可说的，个人打分是7/10吧，值得一玩。",推荐,10.3,5,114,格蕾丝线从最开始非常恐惧到后面杀穿整个医院 有很明显变强的感觉 里昂线基本上就是战斗爽 其他的 也没什么特别可说的 个人打分是7 10吧 值得一玩,玩法,正面
649,649,2026-02-28,符合预期 还行,推荐,7.2,15,124,符合预期 还行,其他,正面
650,650,2026-02-28,已严肃通关电工危机3，喜欢我3个保险丝3个电池3个零件3个钥匙吗,推荐,17.1,11,20,已严肃通关电工危机3 喜欢我3个保险丝3个电池3个零件3个钥匙吗,玩法,正面
651,651,2026-02-28,Good Game,推荐,11.5,43,52,Good Game,其他,正面
652,652,2026-02-28,"07点01分，通宵通关，说实话，一周目疗养院女主给我的体会就是花钱找罪受。。我能理解文职出外勤遇到这档子事确实容易破，我也能理解卡婊把她搞这么唐就是为了让玩家感受到恐怖氛围，，但是我体感就是很差啊？我真的不想玩说话流口水左脚拌右脚走路像乌龟的典中典圣母白皮傻逼集美，从跳下疗养院地下开始玩的我头皮发麻，本来绕来绕去就麻，看到她为了小登毅然决然关厂门找boss爆的时候刚感受到了集美经历一整晚的改变，接着就开始了管你这那先把病毒母体怪整回人类社会拯救一下，卧槽母体怪变怪物了啊啊啊啊啊啊啊啊啊啊啊，卧槽分头你为什么要杀病毒母体怪啊啊啊啊啊啊啊啊战吼起手，真的让我感觉这一整个疗养院像花钱吃了一大坨史。。
然后就是boss战是真的没啥感觉让人毫无印象点，4的老村长，5的威斯克，6克里斯线的变异体皮尔斯的牺牲，我到现在还能回想出来几乎一比一的画面，可是让我想想十分钟前通关的re9有什么有意思的boss，我只能想到一个暴暴。。
很少写测评，想到什么说什么也没什么逻辑，就是根据体感分享一下看法，对我来说除了傻逼到爆的女主环节，re9还是合格的正代作品，有里昂的生化危机就是好生化危机。",推荐,10.3,34,143,07点01分 通宵通关 说实话 一周目疗养院女主给我的体会就是花钱找罪受 我能理解文职出外勤遇到这档子事确实容易破 我也能理解卡婊把她搞这么唐就是为了让玩家感受到恐怖氛围 但是我体感就是很差啊 我真的不想玩说话流口水左脚拌右脚走路像乌龟的典中典圣母白皮傻逼集美 从跳下疗养院地下开始玩的我头皮发麻 本来绕来绕去就麻 看到她为了小登毅然决然关厂门找boss爆的时候刚感受到了集美经历一整晚的改变 接着就开始了管你这那先把病毒母体怪整回人类社会拯救一下 卧槽母体怪变怪物了啊啊啊啊啊啊啊啊啊啊啊 卧槽分头你为什么要杀病毒母体怪啊啊啊啊啊啊啊啊战吼起手 真的让我感觉这一整个疗养院像花钱吃了一大坨史 然后就是boss战是真的没啥感觉让人毫无印象点 4的老村长 5的威斯克 6克里斯线的变异体皮尔斯的牺牲 我到现在还能回想出来几乎一比一的画面 可是让我想想十分钟前通关的re9有什么有意思的boss 我只能想到一个暴暴 很少写测评 想到什么说什么也没什么逻辑 就是根据体感分享一下看法 对我来说除了傻逼到爆的女主环节 re9还是合格的正代作品 有里昂的生化危机就是好生化危机,剧情,正面
653,653,2026-02-28,"capcom
这样的作品多来点
我已经原谅你生化危机3重置版对我犯下的错误了
==========
414预购的大冤种如是说",推荐,9.4,28,37,capcom 这样的作品多来点 我已经原谅你生化危机3重置版对我犯下的错误了 414预购的大冤种如是说,情怀,正面
654,654,2026-02-28,没想到re4重制版是系列巅峰之作。这代灵感来自死亡搁浅吧？充分吸收了8代的动作，以及7代的反胃。2代恐怖氛围、4代的动作逻辑、贯穿全局的射击战斗体验是一点都没做。网游的手感，但是没有网游酣畅的战斗。只有演出比网游强点。,不推荐,5.5,50,209,没想到re4重制版是系列巅峰之作 这代灵感来自死亡搁浅吧 充分吸收了8代的动作 以及7代的反胃 2代恐怖氛围 4代的动作逻辑 贯穿全局的射击战斗体验是一点都没做 网游的手感 但是没有网游酣畅的战斗 只有演出比网游强点,玩法,负面
655,655,2026-02-28,好游戏玩着就是舒服，妈的,推荐,8.1,12,21,好游戏玩着就是舒服 妈的,玩法,正面
656,656,2026-02-28,不！！我艾米莉的小jiojio!!! 年老的里昂还是这么b婆妈，婆妈里昂你tm坏事做尽啊！！,推荐,11.5,32,141,不 我艾米莉的小jiojio 年老的里昂还是这么b婆妈 婆妈里昂你tm坏事做尽啊,剧情,正面
657,657,2026-02-28,"[h1] 狗屎剧情 [/h1]
[spoiler] 经典塑造废物女主然后衬托里昂装逼，这么多年了日本人只能写出这种脑残剧情，自己看着不恶心吗？[/spoiler]
四个朋友看我直播玩全体看[b] 力竭[/b]了，到最后所有人直接出动场外援助帮我速通并声称：“帮助你作弊其实是帮助自己解脱。”
通关后评价道：“就为了这点事拉着大家熬了通宵啊？”我的吗？我的吧。",不推荐,11.1,32,191,h1 狗屎剧情 h1 spoiler 经典塑造废物女主然后衬托里昂装逼 这么多年了日本人只能写出这种脑残剧情 自己看着不恶心吗 spoiler 四个朋友看我直播玩全体看 b 力竭 b 了 到最后所有人直接出动场外援助帮我速通并声称 帮助你作弊其实是帮助自己解脱 通关后评价道 就为了这点事拉着大家熬了通宵啊 我的吗 我的吧,剧情,负面
658,658,2026-02-28,"女友對我坐在電腦前十個小時很生氣
我什麼話都沒說
只是請她在我洗澡期間幫忙玩一下
二十分鐘回來後
她跪在電腦前對著螢幕一直磕頭
從那一刻我就知道
再也沒有人可以阻止我玩RE9

謝謝你 我的里昂超人👍",推荐,10.2,33,42,女友對我坐在電腦前十個小時很生氣 我什麼話都沒說 只是請她在我洗澡期間幫忙玩一下 二十分鐘回來後 她跪在電腦前對著螢幕一直磕頭 從那一刻我就知道 再也沒有人可以阻止我玩RE9 謝謝你 我的里昂超人,情怀,正面
659,659,2026-02-28,"F1赛车格蕾丝。
溜冰鞋格蕾丝。
帕金森格蕾丝。
神秘怪叫女格蕾丝。
结巴格蕾丝。
生化史第一大废物格蕾丝。",推荐,8.8,35,144,F1赛车格蕾丝 溜冰鞋格蕾丝 帕金森格蕾丝 神秘怪叫女格蕾丝 结巴格蕾丝 生化史第一大废物格蕾丝,其他,正面
660,660,2026-02-28,好玩，但是给小萝莉搞死了就很操蛋。,推荐,10.6,37,46,好玩 但是给小萝莉搞死了就很操蛋,剧情,正面
661,661,2026-02-28,"剧情双线叙事太稳了，情怀与新故事兼顾，结局收束得特别完整，作为老玩家看得又燃又感动。格蕾丝刚开始的跌跌撞撞说话颤音到最后能救起里昂，完美人设塑造。里昂回归更是直接戳中青春，从青涩特工到沧桑硬汉，人物弧光拉满。
战斗爽感直接爆炸！里昂的射击、体术、斧劈、处决一气呵成，打击感扎实、节奏丝滑， 越打越上头。生存恐怖与动作爽游完美平衡，既紧张又解压。
画面、音效、关卡设计全在线，流程长度适中、节奏舒服，没有冗余内容。
这就是我心中生化危机该有的样子，强烈推荐，绝对值回票价！",推荐,17.1,19,28,剧情双线叙事太稳了 情怀与新故事兼顾 结局收束得特别完整 作为老玩家看得又燃又感动 格蕾丝刚开始的跌跌撞撞说话颤音到最后能救起里昂 完美人设塑造 里昂回归更是直接戳中青春 从青涩特工到沧桑硬汉 人物弧光拉满 战斗爽感直接爆炸 里昂的射击 体术 斧劈 处决一气呵成 打击感扎实 节奏丝滑 越打越上头 生存恐怖与动作爽游完美平衡 既紧张又解压 画面 音效 关卡设计全在线 流程长度适中 节奏舒服 没有冗余内容 这就是我心中生化危机该有的样子 强烈推荐 绝对值回票价,情怀,正面
662,662,2026-02-28,哦耶哦耶大团圆结局，好玩到爆炸，次世代画面里昂帅到爆炸。玩法还是延续传统，开局吓人了点，后面节奏就和前作大差不差了。,推荐,10.8,15,124,哦耶哦耶大团圆结局 好玩到爆炸 次世代画面里昂帅到爆炸 玩法还是延续传统 开局吓人了点 后面节奏就和前作大差不差了,画面,正面
663,663,2026-02-28,前面忘了，后面忘了，里昂牛逼,推荐,4.1,8,167,前面忘了 后面忘了 里昂牛逼,情怀,正面
664,664,2026-02-28,马文警官老了搬不动货了 点个BSAA拼好货凑合用吧菜鸟,推荐,12.2,40,49,马文警官老了搬不动货了 点个BSAA拼好货凑合用吧菜鸟,情怀,正面
665,665,2026-02-28,里昂帅的流脓,推荐,3.1,2,161,里昂帅的流脓,情怀,正面
666,666,2026-02-28,一个通宵通关的，总体不赖，期待重置5代,推荐,11.0,50,209,一个通宵通关的 总体不赖 期待重置5代,情怀,正面
667,667,2026-02-28,好玩,推荐,11.2,40,149,好玩,玩法,正面
668,668,2026-02-28,"虽然之前买生化系列的作品错过了预购，但这次的生化危机9不会再错过了。它，作为我唯一预购的生化危机系列的作品，我等待了许久，也抱着很大的希望，通过这次的游玩，让我明白了我的等待是值得的。优化完美，画质在线，惊喜不断，游戏时长属于正常水准。本作品采用双主角的形式进行展开生化9的故事叙述，格蕾丝线紧张刺激，偏向于生化7的风格，里昂线热血舒爽，偏向于生化6的风格，不同线的人物对比，十分完美的展现了格蕾丝作为新人时面对未知危险的恐惧，这一点格蕾丝的英配配音的很好，特别出众，能让玩家感受到游戏中格蕾丝心中的恐惧感。而里昂作为生化系列的元老级人物之一，面对生化事件则表现的沉重冷静，里昂这一人物带来的安全感以及丰富的战斗资源，让玩家在游戏里体验到战斗爽的滋味。雪莉、暴君、威斯克的复制品，猎狼小队等的登场为生化9新添几分色彩，不仅如此游戏中还有许多有趣的彩蛋，比如克莱尔吊坠，威斯克眼镜吊坠，生化2中的来自豆腐生还者的豆腐，巴里，瑞贝卡的经典照片这些等着我们探索。卡普空为了增添游戏讨论话题，故意让游戏中出现一位人气很高神似汉克的这样一位角色，但在我的观点里我个人倾向于该角色不是汉克，具体原因跟网上所说的大差不差。游戏场景，浣熊市的回归是该游戏的主要卖点之一，警察局，孤儿院的登场，把我们的回忆拉回生化2的年代，让老粉们直呼爷青回。对于生化9的缺点，从我个人的角度出发，创新性不足，出现画面声音不匹配，剧情中规中矩，BOSS战很平淡。别的不说，希望卡婊能多提升提升剧情的叙述。
        保险箱密码：
      1、酒吧休闲室：左10   右80   左30、癫狂难度：右20   左50   右30
      2、检查室：右30   左10   右50、癫狂难度：左50   右30  左90
      3、疗养院：右60   左40   右80、癫狂难度：左70  右50   左20
      4、灭菌室：右10  左90   右20、癫狂难度：左80   右50  右0
      5、警备室：左50   右60   左80、癫狂难度：右29   左0   右70
警局英文字母解密箱：RRR
好结局：取出厄尔庇斯
坏结局：摧毁厄尔庇斯",推荐,15.4,2,11,虽然之前买生化系列的作品错过了预购 但这次的生化危机9不会再错过了 它 作为我唯一预购的生化危机系列的作品 我等待了许久 也抱着很大的希望 通过这次的游玩 让我明白了我的等待是值得的 优化完美 画质在线 惊喜不断 游戏时长属于正常水准 本作品采用双主角的形式进行展开生化9的故事叙述 格蕾丝线紧张刺激 偏向于生化7的风格 里昂线热血舒爽 偏向于生化6的风格 不同线的人物对比 十分完美的展现了格蕾丝作为新人时面对未知危险的恐惧 这一点格蕾丝的英配配音的很好 特别出众 能让玩家感受到游戏中格蕾丝心中的恐惧感 而里昂作为生化系列的元老级人物之一 面对生化事件则表现的沉重冷静 里昂这一人物带来的安全感以及丰富的战斗资源 让玩家在游戏里体验到战斗爽的滋味 雪莉 暴君 威斯克的复制品 猎狼小队等的登场为生化9新添几分色彩 不仅如此游戏中还有许多有趣的彩蛋 比如克莱尔吊坠 威斯克眼镜吊坠 生化2中的来自豆腐生还者的豆腐 巴里 瑞贝卡的经典照片这些等着我们探索 卡普空为了增添游戏讨论话题 故意让游戏中出现一位人气很高神似汉克的这样一位角色 但在我的观点里我个人倾向于该角色不是汉克 具体原因跟网上所说的大差不差 游戏场景 浣熊市的回归是该游戏的主要卖点之一 警察局 孤儿院的登场 把我们的回忆拉回生化2的年代 让老粉们直呼爷青回 对于生化9的缺点 从我个人的角度出发 创新性不足 出现画面声音不匹配 剧情中规中矩 BOSS战很平淡 别的不说 希望卡婊能多提升提升剧情的叙述 保险箱密码 1 酒吧休闲室 左10 右80 左30 癫狂难度 右20 左50 右30 2 检查室 右30 左10 右50 癫狂难度 左50 右30 左90 3 疗养院 右60 左40 右80 癫狂难度 左70 右50 左20 4 灭菌室 右10 左90 右20 癫狂难度 左80 右50 右0 5 警备室 左50 右60 左80 癫狂难度 右29 左0 右70 警局英文字母解密箱 RRR 好结局 取出厄尔庇斯 坏结局 摧毁厄尔庇斯,画面,正面
669,669,2026-02-28,好好好,推荐,15.2,22,181,好好好,其他,正面
670,670,2026-02-28,"一周目留言涉及剧透
         我觉得这部生化9除了剧情有点略微平淡外，其他设计没有什么问题，解密恰到好处，资源设计与生四一般优秀，很好的能规划收集道具以及物品，基本上上一秒捡到下一秒就能用，地图设计除了浣熊市找第三个起爆装置那里设计的有点难绷以外其他挺好跑图的，疗养院与生二的警察局如出一辙，对称设计，疗养院地下找电源那段，设计不错但是玩起来很史，卡普空如果多塞几个怪就可以当魂游来玩了，最让不少人诟病的女主很胆小之类的，我认为是卡普空刻意表现的配合上第一人称拉近玩家带入，剧情不能说很平淡的，多少有点滋味但依旧很淡，李三光在本次加入担当男主，再加上回归浣熊市，一下子有一种故地重游的感觉，很多地方去到就会心一笑开始回忆，蜘蛛关结束我一看四周，这不是生三吉尔当时想搭乘的地铁吗，摩托戏结束很自然的看到了那辆1998年夜晚新人警察李三光开着撞向油罐车的警车，油罐车也依旧在旁边，右手边就是那年雨夜的死胡同，只不过不同的没有那年夜晚的嘶吼声，出胡同又看见了28年他自己亲手关闭的警察局大门，而如今28年后的自己重新打开了，看到这些跟三光一样回忆起以前的片段，在我看来这部生九配得上""予生者恐惧，给尸者安魂""。
晚安浣熊市",推荐,13.6,33,92,一周目留言涉及剧透 我觉得这部生化9除了剧情有点略微平淡外 其他设计没有什么问题 解密恰到好处 资源设计与生四一般优秀 很好的能规划收集道具以及物品 基本上上一秒捡到下一秒就能用 地图设计除了浣熊市找第三个起爆装置那里设计的有点难绷以外其他挺好跑图的 疗养院与生二的警察局如出一辙 对称设计 疗养院地下找电源那段 设计不错但是玩起来很史 卡普空如果多塞几个怪就可以当魂游来玩了 最让不少人诟病的女主很胆小之类的 我认为是卡普空刻意表现的配合上第一人称拉近玩家带入 剧情不能说很平淡的 多少有点滋味但依旧很淡 李三光在本次加入担当男主 再加上回归浣熊市 一下子有一种故地重游的感觉 很多地方去到就会心一笑开始回忆 蜘蛛关结束我一看四周 这不是生三吉尔当时想搭乘的地铁吗 摩托戏结束很自然的看到了那辆1998年夜晚新人警察李三光开着撞向油罐车的警车 油罐车也依旧在旁边 右手边就是那年雨夜的死胡同 只不过不同的没有那年夜晚的嘶吼声 出胡同又看见了28年他自己亲手关闭的警察局大门 而如今28年后的自己重新打开了 看到这些跟三光一样回忆起以前的片段 在我看来这部生九配得上 予生者恐惧 给尸者安魂 晚安浣熊市,情怀,正面
671,671,2026-02-28,还能退款吗,不推荐,5.8,28,137,还能退款吗,价格,负面
672,672,2026-02-28,很好玩的一代，感觉是生化正作系列里面做的最好玩的一代了，要恐怖有恐怖，要战斗也有战斗，照顾到了战斗类玩家的同时也照顾到了恐怖类玩家，生化系列原汁原味的趣味性解密也做的很好。,推荐,10.6,43,152,很好玩的一代 感觉是生化正作系列里面做的最好玩的一代了 要恐怖有恐怖 要战斗也有战斗 照顾到了战斗类玩家的同时也照顾到了恐怖类玩家 生化系列原汁原味的趣味性解密也做的很好,玩法,正面
673,673,2026-02-28,"觉得这一作的双主角的设定在前期还算是可以，在一个箱庭地图下，格蕾丝线能影响到里昂线的体验，同时两人的体验感也是完全不同，格蕾丝偏资源管理+生存恐怖（很经典的要从怪来的地方过去，遇到怪尽量避战等），而里昂战斗偏砍瓜切菜（击毙一切移动的东西），两个人的玩法各有各的特色和符合风格的体验，这是本作区别于前作的最大优点。
    但是随着游戏进行慢慢抛弃了这些环节回归到了之前的re版本系列的可重复探索箱庭甚至部分就是线性过关（可能是为了符合剧情进展吧大概），而且双主角视角的制作明显是按照格蕾丝第一人称里昂第三人称制作，格蕾丝就算开了第三人称还是会进入到第一人称的即时演算里（躲不开的跳脸杀）显得视角的切换非常鸡肋，只能说非常可惜，有着双主角互动设计而且在游戏前期已经给予玩家新奇感后立马转回前作的设计思路实在是太可惜了，而且很多时候也没有很好利用上双主角的要素。
    总的来说还算是一款不错的有一定的自己想法的生化危机游戏，如果有想购入的玩家，这款游戏就像红酒混可乐这样的奇妙搭配，如果能够接受这两种游玩风格，而且能承受住较为割裂的风格切换那么这安魂曲就是个8分游戏，但如果不能接受的话想偏战斗的可以尝试下本系列的5 6和重制版4 ，恐怖点的可以玩7 8 重制版2 3，能获得相对统一完整的体验。",推荐,12.8,9,118,觉得这一作的双主角的设定在前期还算是可以 在一个箱庭地图下 格蕾丝线能影响到里昂线的体验 同时两人的体验感也是完全不同 格蕾丝偏资源管理 生存恐怖 很经典的要从怪来的地方过去 遇到怪尽量避战等 而里昂战斗偏砍瓜切菜 击毙一切移动的东西 两个人的玩法各有各的特色和符合风格的体验 这是本作区别于前作的最大优点 但是随着游戏进行慢慢抛弃了这些环节回归到了之前的re版本系列的可重复探索箱庭甚至部分就是线性过关 可能是为了符合剧情进展吧大概 而且双主角视角的制作明显是按照格蕾丝第一人称里昂第三人称制作 格蕾丝就算开了第三人称还是会进入到第一人称的即时演算里 躲不开的跳脸杀 显得视角的切换非常鸡肋 只能说非常可惜 有着双主角互动设计而且在游戏前期已经给予玩家新奇感后立马转回前作的设计思路实在是太可惜了 而且很多时候也没有很好利用上双主角的要素 总的来说还算是一款不错的有一定的自己想法的生化危机游戏 如果有想购入的玩家 这款游戏就像红酒混可乐这样的奇妙搭配 如果能够接受这两种游玩风格 而且能承受住较为割裂的风格切换那么这安魂曲就是个8分游戏 但如果不能接受的话想偏战斗的可以尝试下本系列的5 6和重制版4 恐怖点的可以玩7 8 重制版2 3 能获得相对统一完整的体验,玩法,正面
674,674,2026-02-28,非常有感觉,推荐,10.6,6,65,非常有感觉,情怀,正面
675,675,2026-02-28,好玩,推荐,14.5,34,193,好玩,玩法,正面
676,676,2026-02-28,"画质顶！
细节精！
恐怖爽！
战斗爽！
三光帅！
蕾丝美！
米丽可爱！
英伟达驱动首发优化BUG回滚逆天！",推荐,14.0,36,145,画质顶 细节精 恐怖爽 战斗爽 三光帅 蕾丝美 米丽可爱 英伟达驱动首发优化BUG回滚逆天,画面,正面
677,677,2026-02-28,明明写着完全支持playstation手柄，进了游戏却发现根本就不支持，那一开始就不要写上去。就是因为你支持我才回买steam版，要不然就去买ps版了，你这个完全就是欺诈行为。,不推荐,6.0,12,171,明明写着完全支持playstation手柄 进了游戏却发现根本就不支持 那一开始就不要写上去 就是因为你支持我才回买steam版 要不然就去买ps版了 你这个完全就是欺诈行为,优化,负面
678,678,2026-02-28,满足,推荐,16.8,26,135,满足,其他,正面
679,679,2026-02-28,作为一部3a它是合格的，但是它作为生化危机30周年的纪念作的话，它太不行了，枪立新主角格蕾丝，ada，克莱尔这种人气角色一个都没有，能称得老角色边的除了里昂就只有那个假老威了，总而言之，这作很好玩，但是情怀给的不够,推荐,15.7,17,176,作为一部3a它是合格的 但是它作为生化危机30周年的纪念作的话 它太不行了 枪立新主角格蕾丝 ada 克莱尔这种人气角色一个都没有 能称得老角色边的除了里昂就只有那个假老威了 总而言之 这作很好玩 但是情怀给的不够,情怀,正面
680,680,2026-02-28,浣熊市质感无敌啊,推荐,13.3,25,134,浣熊市质感无敌啊,画面,正面
681,681,2026-02-28,太好玩啦！,推荐,16.9,19,78,太好玩啦,玩法,正面
682,682,2026-02-28,神！速速上佣兵模式，李三光这代太有力气了，特别是加了动作变化，做完别的动作开枪的话会先单手快速射击实在是太帅了,推荐,3.9,11,70,神 速速上佣兵模式 李三光这代太有力气了 特别是加了动作变化 做完别的动作开枪的话会先单手快速射击实在是太帅了,玩法,正面
683,683,2026-02-28,GOOD,推荐,14.2,19,78,GOOD,其他,正面
684,684,2026-02-28,非常好re1re4缝合使我的电锯旋转爱来自西班牙,推荐,15.8,14,73,非常好re1re4缝合使我的电锯旋转爱来自西班牙,情怀,正面
685,685,2026-02-28,好玩！年度最佳！能不能赶紧给PS5手柄做适配！,推荐,16.0,32,141,好玩 年度最佳 能不能赶紧给PS5手柄做适配,玩法,正面
686,686,2026-02-28,好玩,推荐,16.1,21,180,好玩,玩法,正面
687,687,2026-02-28,历代最美女主女二。里昂动作帅出天际。这代非常像4代+8代的结合体，最后猎狼小队带着专属BGM进场，爽了,推荐,16.5,34,43,历代最美女主女二 里昂动作帅出天际 这代非常像4代 8代的结合体 最后猎狼小队带着专属BGM进场 爽了,情怀,正面
688,688,2026-02-28,战斗，爽！,推荐,12.2,31,190,战斗 爽,玩法,正面
689,689,2026-02-28,神作,推荐,8.1,38,97,神作,情怀,正面
690,690,2026-02-28,很好玩啊,推荐,14.1,30,139,很好玩啊,玩法,正面
691,691,2026-02-28,太幸福了,推荐,14.5,7,116,太幸福了,其他,正面
692,692,2026-02-28,"  ·总结就是四百块钱玩电子寸止，卡婊既要又要没活的巧克力外壳答辩。
  ·开头神人女主的超绝断气叫和弱智操作能给人玩的红温，配上怼脸娃袄特写真绝了，纯粹为了恐怖把性能干的和残疾人一样，干什么事都磨磨唧唧王八散步，一小时流程四十分钟在走路，一触发剧情就画面一团黑啥都看不见，不是被吓到了，完全是单纯的被这各种屎设定恶心烦了，走到哪里都猜得到哪里要高能跳脸，卡婊你是不是觉得自己做的老恐怖老吓人了，经典白皮猪独立女圣母心带活体生化罐出去，生化罐子变成怪物了就开始啊啊啊啊啊啊战吼起手分头你不许杀他他是我爹，一段自我感动意义不明演出战斗后集美就对着分头哈气耍性子，要不说你老冯让人刀了，活该受着，24678玩了那么几部你是头一个让我想骂的主角，真几把傻逼到极致。
  ·卡婊是不是觉得玩家被哈集美和小登的友谊感动了啊，游戏里认识不到俩钟头，除此之外对对方所有过往全然不知，全程给你添乱让你拿不了枪还得躲着僵尸吃手手，拿到解密道具还得去地下和个傻逼一样玩地道躲猫猫找各种各样的电线捞她出来，全程没有过任何正反馈，她变成怪物后还要搞个以为很感动玩家的演出战斗是不是以为玩家舍不得开枪，哈哈，我第一反应是为什么切不出来狙，给他杀了到浣熊市后我还想呢，那小登叫啥来着，自己想着想着给自己都整笑了。
  ·奔着分头来的基本可以不考虑了，傻逼女主一小时残疾人躲猫猫配分头一分钟战斗爽，完美电子寸止。
地图引导烂的一批还各种恶意设计，不知道的还以为在玩FS那贱畜的游戏，你几把玻璃碎了能连带着中间玻璃框一起掉下去是真牛逼，十个小时有七个小时全在找路在哪里，各种多余设计误导你找路在哪里。
分头的战斗手感还特别粘地，配上超雄BSAA僵尸一梭子满血变红血躲都躲不掉，一些场景能给人打红温，小僵尸标准难度都得打四枪头才死，斧头更是除了打着帅屁用没有，小僵尸顶着你斧头过来和你玩好玩的吃手手游戏，分头的体术动作一种不超过两个，动作流畅度连4重置都不如，动作和运镜僵硬诡异的一批，每个BOSS几乎没有一点交互纯粹你打你的我打我的互相灌伤害比谁能耗，就连印象深刻的敌人都没几个，硬说的话一梭子把我连人带甲蒸发的BSAA僵尸算一个。
  ·最难绷的是每次我被恶心到不行的时候就会来一段超级震撼的演出或者是回忆杀，让我又对这个屌游戏抱有期望，也是玩上电子寸止了
",不推荐,10.5,2,61,总结就是四百块钱玩电子寸止 卡婊既要又要没活的巧克力外壳答辩 开头神人女主的超绝断气叫和弱智操作能给人玩的红温 配上怼脸娃袄特写真绝了 纯粹为了恐怖把性能干的和残疾人一样 干什么事都磨磨唧唧王八散步 一小时流程四十分钟在走路 一触发剧情就画面一团黑啥都看不见 不是被吓到了 完全是单纯的被这各种屎设定恶心烦了 走到哪里都猜得到哪里要高能跳脸 卡婊你是不是觉得自己做的老恐怖老吓人了 经典白皮猪独立女圣母心带活体生化罐出去 生化罐子变成怪物了就开始啊啊啊啊啊啊战吼起手分头你不许杀他他是我爹 一段自我感动意义不明演出战斗后集美就对着分头哈气耍性子 要不说你老冯让人刀了 活该受着 24678玩了那么几部你是头一个让我想骂的主角 真几把傻逼到极致 卡婊是不是觉得玩家被哈集美和小登的友谊感动了啊 游戏里认识不到俩钟头 除此之外对对方所有过往全然不知 全程给你添乱让你拿不了枪还得躲着僵尸吃手手 拿到解密道具还得去地下和个傻逼一样玩地道躲猫猫找各种各样的电线捞她出来 全程没有过任何正反馈 她变成怪物后还要搞个以为很感动玩家的演出战斗是不是以为玩家舍不得开枪 哈哈 我第一反应是为什么切不出来狙 给他杀了到浣熊市后我还想呢 那小登叫啥来着 自己想着想着给自己都整笑了 奔着分头来的基本可以不考虑了 傻逼女主一小时残疾人躲猫猫配分头一分钟战斗爽 完美电子寸止 地图引导烂的一批还各种恶意设计 不知道的还以为在玩FS那贱畜的游戏 你几把玻璃碎了能连带着中间玻璃框一起掉下去是真牛逼 十个小时有七个小时全在找路在哪里 各种多余设计误导你找路在哪里 分头的战斗手感还特别粘地 配上超雄BSAA僵尸一梭子满血变红血躲都躲不掉 一些场景能给人打红温 小僵尸标准难度都得打四枪头才死 斧头更是除了打着帅屁用没有 小僵尸顶着你斧头过来和你玩好玩的吃手手游戏 分头的体术动作一种不超过两个 动作流畅度连4重置都不如 动作和运镜僵硬诡异的一批 每个BOSS几乎没有一点交互纯粹你打你的我打我的互相灌伤害比谁能耗 就连印象深刻的敌人都没几个 硬说的话一梭子把我连人带甲蒸发的BSAA僵尸算一个 最难绷的是每次我被恶心到不行的时候就会来一段超级震撼的演出或者是回忆杀 让我又对这个屌游戏抱有期望 也是玩上电子寸止了,玩法,负面
693,693,2026-02-28,好玩，爱玩，猛猛玩,推荐,7.7,13,72,好玩 爱玩 猛猛玩,情怀,正面
694,694,2026-02-28,浣熊市最严厉的父亲 里昂•S•肯尼迪,推荐,7.5,15,174,浣熊市最严厉的父亲 里昂 S 肯尼迪,情怀,正面
695,695,2026-02-28,有三光就值得,推荐,5.9,32,41,有三光就值得,情怀,正面
696,696,2026-02-28,GOOD,推荐,5.7,19,178,GOOD,其他,正面
697,697,2026-02-28,前期的女主塑造过于刻板，前半部分都是恐怖桥段和极低的资源补给玩着很坐牢，但是中间插入的里昂段虽然回归高数值的但是太短让玩家爽不起来，剧情方面就看DLC怎么补全吧，我觉得反派再洗白也是反派,推荐,11.9,41,100,前期的女主塑造过于刻板 前半部分都是恐怖桥段和极低的资源补给玩着很坐牢 但是中间插入的里昂段虽然回归高数值的但是太短让玩家爽不起来 剧情方面就看DLC怎么补全吧 我觉得反派再洗白也是反派,剧情,正面
698,698,2026-02-28,好玩 睡觉都不想睡了,推荐,8.8,11,20,好玩 睡觉都不想睡了,玩法,正面
699,699,2026-02-28,通了，这代感觉战斗上那些小细节扣得不错，但剧情太白开水，估计是为了后续生10铺垫拿9垫了，及格吧....,推荐,14.1,34,143,通了 这代感觉战斗上那些小细节扣得不错 但剧情太白开水 估计是为了后续生10铺垫拿9垫了 及格吧,剧情,正面
700,700,2026-02-28,怎么说呢，双主角确实不错不过来回切换有点无聊，还没其他模式，其他老角色你不出现在主线，额外模式还不能回归吗？,推荐,17.7,21,130,怎么说呢 双主角确实不错不过来回切换有点无聊 还没其他模式 其他老角色你不出现在主线 额外模式还不能回归吗,玩法,正面
701,701,2026-02-28,非常推荐非常好玩很有回忆感,推荐,16.4,17,26,非常推荐非常好玩很有回忆感,情怀,正面
702,702,2026-02-28,"标准现代难度通关了，我的感受就是格蕾丝线基本就是生2加生7的感觉。说是资源不够，实际上给的资源足够做到敌全灭还有大量剩余，而且不需要给里昂留任何资源（但我把绿草全留给里昂了因为格蕾丝格子不够😓），里昂去疗养院基本就是把柜子撬一下就可以走人了。

然后到了浣熊市部分就是就是生4的感觉，甚至可以说更爽，补给多的用不完，一路爽杀过去。同时一路上还有不少前作的闪回，而且游戏最后居然还有生6里关于艾达的台词彩蛋，确实让人会心一笑了。

总的来说这两个地方应该算是游戏的第一大部分，分别是男女主的主场。接下来就是方舟，方舟给我感觉就像是第一大部分的压缩版，也是女主看似潜行实则清场，男主继续爽杀，但是这一次男女主的部分就不像疗养院一样有资源和敌人的联动了，是完全独立的物品和敌人分布，确实有偷工减料的味道。

而且最后收尾的太快了，有种我才刚要开始进入状态要用里昂大杀四方的时候就结束的感觉。说是烂尾也没问题吧，但是就第一大部分的游戏体验就非常值回票价了，至于剧情就是经典生化那一套，不要过于较真当个推进游戏的背景板就完事了。总的来说就是喜欢生化系列的必玩好吧。",推荐,16.7,33,42,标准现代难度通关了 我的感受就是格蕾丝线基本就是生2加生7的感觉 说是资源不够 实际上给的资源足够做到敌全灭还有大量剩余 而且不需要给里昂留任何资源 但我把绿草全留给里昂了因为格蕾丝格子不够 里昂去疗养院基本就是把柜子撬一下就可以走人了 然后到了浣熊市部分就是就是生4的感觉 甚至可以说更爽 补给多的用不完 一路爽杀过去 同时一路上还有不少前作的闪回 而且游戏最后居然还有生6里关于艾达的台词彩蛋 确实让人会心一笑了 总的来说这两个地方应该算是游戏的第一大部分 分别是男女主的主场 接下来就是方舟 方舟给我感觉就像是第一大部分的压缩版 也是女主看似潜行实则清场 男主继续爽杀 但是这一次男女主的部分就不像疗养院一样有资源和敌人的联动了 是完全独立的物品和敌人分布 确实有偷工减料的味道 而且最后收尾的太快了 有种我才刚要开始进入状态要用里昂大杀四方的时候就结束的感觉 说是烂尾也没问题吧 但是就第一大部分的游戏体验就非常值回票价了 至于剧情就是经典生化那一套 不要过于较真当个推进游戏的背景板就完事了 总的来说就是喜欢生化系列的必玩好吧,玩法,正面
703,703,2026-02-28,这个游戏的男主帅气程度恐怕在我之上,推荐,11.7,37,196,这个游戏的男主帅气程度恐怕在我之上,情怀,正面
704,704,2026-02-28,浣熊市东部找炸药那一段纯纯恶心人，非要学美末那种玩法你学得来吗？一整段无剧情爆点，无精彩演出，无有趣解密，指引还差，一堆重复无聊的赶路，纯属水时长，玩的想吐。最终boss又是打泡泡给我整笑了，来点新意行不行,不推荐,14.2,47,156,浣熊市东部找炸药那一段纯纯恶心人 非要学美末那种玩法你学得来吗 一整段无剧情爆点 无精彩演出 无有趣解密 指引还差 一堆重复无聊的赶路 纯属水时长 玩的想吐 最终boss又是打泡泡给我整笑了 来点新意行不行,玩法,负面
705,705,2026-02-28,卡普空依旧稳定发挥，双线叙事每条线都各有优点恐怖场景比前作刻画的更加用心。画面及其精美，划重点优化绝对下了功夫在有D加密的情况下我的电脑在中高画质下仍然能流畅运行没有闪退没有太过明显的缺点，强烈推荐！,推荐,16.3,13,22,卡普空依旧稳定发挥 双线叙事每条线都各有优点恐怖场景比前作刻画的更加用心 画面及其精美 划重点优化绝对下了功夫在有D加密的情况下我的电脑在中高画质下仍然能流畅运行没有闪退没有太过明显的缺点 强烈推荐,画面,正面
706,706,2026-02-28,玩的太爽了，剧情除了格蕾丝某些时候太圣母了外都好，设定内容交代的也丰富，还让玩家重游一次浣熊市，真的是自4代后最好的一代生化危机,推荐,14.6,33,142,玩的太爽了 剧情除了格蕾丝某些时候太圣母了外都好 设定内容交代的也丰富 还让玩家重游一次浣熊市 真的是自4代后最好的一代生化危机,剧情,正面
707,707,2026-02-28,太好玩了太好玩了太好玩了太好玩了太好玩了太好玩了太好玩了太好玩了太好玩了太好玩了太好玩了太好玩了太好玩了太好玩了太好玩了太好玩了太好玩了太好玩了太好玩了太好玩了太好玩了太好玩了太好玩了太好玩了太好玩了太好玩了太好玩了太好玩了太好玩了太好玩了太好玩了太好玩了太好玩了太好玩了太好玩了太好玩了太好玩了太好玩了太好玩了太好玩了太好玩了太好玩了太好玩了太好玩了太好玩了太好玩了太好玩了太好玩了太好玩了太好玩了太好玩了太好玩了太好玩了太好玩了太好玩了太好玩了太好玩了太好玩了太好玩了太好玩了太好玩了太好玩了太好玩了太好玩了太好玩了太好玩了太好玩了太好玩了太好玩了太好玩了太好玩了太好玩了太好玩了太好玩了太好玩了太好玩了太好玩了太好玩了太好玩了太好玩了太好玩了太好玩了太好玩了太好玩了太好玩了太好玩了太好玩了太好玩了太好玩了太好玩了太好玩了太好玩了太好玩了太好玩了太好玩了太好玩了太好玩了太好玩了太好玩了太好玩了太好玩了太好玩了太好玩了太好玩了太好玩了,推荐,12.2,9,18,太好玩了太好玩了太好玩了太好玩了太好玩了太好玩了太好玩了太好玩了太好玩了太好玩了太好玩了太好玩了太好玩了太好玩了太好玩了太好玩了太好玩了太好玩了太好玩了太好玩了太好玩了太好玩了太好玩了太好玩了太好玩了太好玩了太好玩了太好玩了太好玩了太好玩了太好玩了太好玩了太好玩了太好玩了太好玩了太好玩了太好玩了太好玩了太好玩了太好玩了太好玩了太好玩了太好玩了太好玩了太好玩了太好玩了太好玩了太好玩了太好玩了太好玩了太好玩了太好玩了太好玩了太好玩了太好玩了太好玩了太好玩了太好玩了太好玩了太好玩了太好玩了太好玩了太好玩了太好玩了太好玩了太好玩了太好玩了太好玩了太好玩了太好玩了太好玩了太好玩了太好玩了太好玩了太好玩了太好玩了太好玩了太好玩了太好玩了太好玩了太好玩了太好玩了太好玩了太好玩了太好玩了太好玩了太好玩了太好玩了太好玩了太好玩了太好玩了太好玩了太好玩了太好玩了太好玩了太好玩了太好玩了太好玩了太好玩了太好玩了太好玩了太好玩了太好玩了太好玩了太好玩了,玩法,正面
708,708,2026-02-28,好玩爱玩，直接二周目癫狂 速通！,推荐,12.4,19,128,好玩爱玩 直接二周目癫狂 速通,玩法,正面
709,709,2026-02-28,= =这个真的不是但丁上号么,推荐,15.5,3,62,这个真的不是但丁上号么,情怀,正面
710,710,2026-02-28,这一代质量真高,推荐,14.3,19,128,这一代质量真高,画面,正面
711,711,2026-02-28,太棒了，睡一觉继续干,推荐,11.2,28,187,太棒了 睡一觉继续干,其他,正面
712,712,2026-02-28,真魔人里昂，你给他装个但丁人物皮肤玩摩托飙车那关毫无违和感,推荐,18.6,31,90,真魔人里昂 你给他装个但丁人物皮肤玩摩托飙车那关毫无违和感,情怀,正面
713,713,2026-02-28,生化2和生化4的优点互相结合的非常好。场景优秀，看到警察局废墟痛哭流涕了,推荐,16.1,32,141,生化2和生化4的优点互相结合的非常好 场景优秀 看到警察局废墟痛哭流涕了,情怀,正面
714,714,2026-02-28,神,推荐,11.9,1,110,神,其他,正面
715,715,2026-02-28,味对，前期在疗养院玩嗨了，开手电换弹还有单独一套动作，格蕾丝拿手电瞄准时手电还会丢一下，做得就蛮精致的，不比4re差,推荐,3.8,10,19,味对 前期在疗养院玩嗨了 开手电换弹还有单独一套动作 格蕾丝拿手电瞄准时手电还会丢一下 做得就蛮精致的 不比4re差,画面,正面
716,716,2026-02-28,爽！,推荐,12.7,29,88,爽,其他,正面
717,717,2026-02-28,卡普空依旧稳定发挥，不赖！,推荐,8.8,33,42,卡普空依旧稳定发挥 不赖,情怀,正面
718,718,2026-02-28,格蕾丝我就跑跑跑里昂我就杀杀杀,推荐,14.1,46,155,格蕾丝我就跑跑跑里昂我就杀杀杀,情怀,正面
719,719,2026-02-28,"好玩，喜欢，很久没有预购一个游戏了。
AMD FSR 真行，3080ti还能再战10年",推荐,4.3,45,204,好玩 喜欢 很久没有预购一个游戏了 AMD FSR 真行 3080ti还能再战10年,画面,正面
720,720,2026-02-28,李昂线真的是战斗爽了！打完一个boss来一个！给我打乐了！格蕾丝线也是挺恐怖烧脑的（但是没有7恐怖）总的来说中规中矩，还是生化系列的味道，没有特别大的不一样，希望下一部能早点出来,推荐,14.2,40,149,李昂线真的是战斗爽了 打完一个boss来一个 给我打乐了 格蕾丝线也是挺恐怖烧脑的 但是没有7恐怖 总的来说中规中矩 还是生化系列的味道 没有特别大的不一样 希望下一部能早点出来,玩法,正面
721,721,2026-02-28,"真正的艺术品，这才是卡普空的水平，而不是某一部优化屎一样还分段更新的答便
虽然卡婊在生化危机系列几乎从来没有让人失望过，不过这一部还是给了我很大的惊喜，让我熬夜打回了浣熊市。故事的呈现更是延续了生化危机的传统，让我们在fw女主视角感受恐惧，同时又能在里昂视角拥有战斗爽的体验，不过剧情中找保险丝接电线什么的也算不上精华，但是又因为每一种只出现一次，大多数人应该也不至于认为这是糟粕，人物的塑造更是可圈可点，暂时没看到像顶真那样讨人厌的角色[spoiler]（荒野还在蒸） [/spoiler]，而且还没有欧美最爱的zzzq哦，天哪，我对日厂的审美从来没产生过质疑，甚至反派有点小帅[spoiler]（我不是在说那些肉瘤僵尸） [/spoiler]。
我的配置是9700X加5070ti，跑出来的画面不亚于电影，优化处理毫不夸张的讲是我近些年见过的最好的一批，再加上那电影级的演出，在我看来随手的截图甚至美的可以当作壁纸。
而如果你是从来没玩过生化危机系列的路人，我也是极力推荐这一部的，相当完整的故事结构，又同时极好猜测前文故事，说实话很多剧情你都能猜到但还是忍不住会继续玩下去，现在是凌晨5点53，我实在熬不动了，即便这样我内心还是十分激动，让我忍不住写下这段测评，我太喜欢这款游戏了",推荐,7.2,43,202,真正的艺术品 这才是卡普空的水平 而不是某一部优化屎一样还分段更新的答便 虽然卡婊在生化危机系列几乎从来没有让人失望过 不过这一部还是给了我很大的惊喜 让我熬夜打回了浣熊市 故事的呈现更是延续了生化危机的传统 让我们在fw女主视角感受恐惧 同时又能在里昂视角拥有战斗爽的体验 不过剧情中找保险丝接电线什么的也算不上精华 但是又因为每一种只出现一次 大多数人应该也不至于认为这是糟粕 人物的塑造更是可圈可点 暂时没看到像顶真那样讨人厌的角色 spoiler 荒野还在蒸 spoiler 而且还没有欧美最爱的zzzq哦 天哪 我对日厂的审美从来没产生过质疑 甚至反派有点小帅 spoiler 我不是在说那些肉瘤僵尸 spoiler 我的配置是9700X加5070ti 跑出来的画面不亚于电影 优化处理毫不夸张的讲是我近些年见过的最好的一批 再加上那电影级的演出 在我看来随手的截图甚至美的可以当作壁纸 而如果你是从来没玩过生化危机系列的路人 我也是极力推荐这一部的 相当完整的故事结构 又同时极好猜测前文故事 说实话很多剧情你都能猜到但还是忍不住会继续玩下去 现在是凌晨5点53 我实在熬不动了 即便这样我内心还是十分激动 让我忍不住写下这段测评 我太喜欢这款游戏了,画面,正面
722,722,2026-02-28,从发售解锁一口气打到半夜通关，五年等值了,推荐,16.6,47,156,从发售解锁一口气打到半夜通关 五年等值了,情怀,正面
723,723,2026-02-28,里昂很可愛 好評,推荐,3.4,14,23,里昂很可愛 好評,情怀,正面
724,724,2026-02-28,中规中矩,推荐,13.7,20,79,中规中矩,其他,正面
725,725,2026-02-28,牛福,推荐,14.3,44,203,牛福,其他,正面
726,726,2026-02-28,"这部情怀拉满了 
祝生化迷们长命百岁 身体健康
有了好体格这辈子才能玩更多部生化危机",推荐,13.6,41,100,这部情怀拉满了 祝生化迷们长命百岁 身体健康 有了好体格这辈子才能玩更多部生化危机,情怀,正面
727,727,2026-02-28,"Leon' session is amazing! Grace session sucks, basically alien isolation with a handicap girl screaming and tripping, residence retarded.",不推荐,1.6,13,172,Leon session is amazing Grace session sucks basically alien isolation with a handicap girl screaming and tripping residence retarded,剧情,负面
728,728,2026-02-28,"1998-2026
里昂·S·肯尼迪先生
时间就像定格了一样",推荐,10.5,28,87,1998 2026 里昂 S 肯尼迪先生 时间就像定格了一样,情怀,正面
729,729,2026-02-28,男人必玩,推荐,7.1,9,168,男人必玩,情怀,正面
730,730,2026-02-28,"Grace：没路可逃了，对吧？😟😢💔
Leon ：嗯嗯😮‍💨但我不会丢下你
（于是走到瘫在地上的Grace身边，轻轻坐下）
Leon：我就坐这儿陪着你😌
……
……
=========================
瞧瞧人家，要不说人家能开后宫呢！？
=========================
[spoiler][h1] 王姐：猎杀时刻！[/h1][/spoiler]",推荐,15.5,31,40,Grace 没路可逃了 对吧 Leon 嗯嗯 但我不会丢下你 于是走到瘫在地上的Grace身边 轻轻坐下 Leon 我就坐这儿陪着你 瞧瞧人家 要不说人家能开后宫呢 spoiler h1 王姐 猎杀时刻 h1 spoiler,剧情,正面
731,731,2026-02-28,"呃...怎么说呢，代入感不怎么强小怪确实砍爽了，但是boss总感觉给我一种奇奇怪怪的感觉。而且重回警察局我希望给他的剧情长一点，毕竟也都是老玩家们的情怀，不过暴君那段确实很不错的，暴君还是原来的暴君，但是里昂不是原来的里昂了。这次的斧头弹反做的很不错，没有了re4的弹反提示全靠玩家自己反应，这一点我觉得做的很不错（本人也玩一点点魂类），不过可以看出来你们向宫崎英高请教了不少，什么他妈的叫我们不能从这一侧打开，真的是。希望出DLC时出个牛逼哄哄的，最好单独给里昂搞一个长一点时间的浣熊市探险，老角色出场的不多，不过优化依旧是顶中顶。

Well... how should I put it? The immersion wasn't that strong. Sure, cutting down the small fries felt satisfying, but the boss fights gave me a bit of an odd vibe. Also, when we returned to the police station, I really wished that part had been longer—it’s pure nostalgia for us veteran players. That said, the Tyrant segment was pretty solid. The Tyrant is still the Tyrant, but Leon isn't the same Leon anymore. The axe parry mechanic this time is really well done. Unlike in RE4, there's no parry prompt—it's all up to the player's reflexes. I really appreciated that (I’ve dabbled a bit in Souls-like games myself). But it’s pretty obvious you guys took some pointers from Miyazaki—seriously, ""We cannot open this from this side""? Classic. Hope the DLC brings something truly epic. Ideally, give Leon a longer solo adventure in Raccoon City. There weren't many returning classic characters, but the optimization was top-tier as always. That’s all I wanted to say.

えっと…なんていうか、没入感はそんなに強くなかったかな。ザコ敵を倒すのは確かに爽快だったけど、ボス戦はちょっと違和感があった感じ。それに、警察署に戻る場面はもっと長くしてほしかったな。ベテランプレイヤーとしてはやっぱり感慨深いものがあるし。でも、タイラントのくだりは良かった。タイラントは相変わらずのタイラントだけど、レオンはもう昔のレオンじゃないっていうね。今回の斧のパリィはすごく良くできてる。RE4と違って、パリィの表示がなくて、完全にプレイヤーの反射神経に任せてるところが個人的には好き（自分も少しだけソウル系はやったことあるんだけど）。でも、宮崎英高さんからいろいろ学んだのは明らかだよね。「この側からは開けられない」って、まさにそれだし。DLCを出すなら、めちゃくちゃスゴいのを期待してる。理想的には、レオンにもう少し長めのラクーンシティ探索を個別に用意してほしいな。昔のキャラの登場は少なめだったけど、最適化は相変わらずトップクラスだった。以上、言いたかったこと。",推荐,12.9,49,158,呃 怎么说呢 代入感不怎么强小怪确实砍爽了 但是boss总感觉给我一种奇奇怪怪的感觉 而且重回警察局我希望给他的剧情长一点 毕竟也都是老玩家们的情怀 不过暴君那段确实很不错的 暴君还是原来的暴君 但是里昂不是原来的里昂了 这次的斧头弹反做的很不错 没有了re4的弹反提示全靠玩家自己反应 这一点我觉得做的很不错 本人也玩一点点魂类 不过可以看出来你们向宫崎英高请教了不少 什么他妈的叫我们不能从这一侧打开 真的是 希望出DLC时出个牛逼哄哄的 最好单独给里昂搞一个长一点时间的浣熊市探险 老角色出场的不多 不过优化依旧是顶中顶 Well how should I put it The immersion wasn t that strong Sure cutting down the small fries felt satisfying but the boss fights gave me a bit of an odd vibe Also when we returned to the police station I really wished that part had been longer it s pure nostalgia for us veteran players That said the Tyrant segment was pretty solid The Tyrant is still the Tyrant but Leon isn t the same Leon anymore The axe parry mechanic this time is really well done Unlike in RE4 there s no parry prompt it s all up to the player s reflexes I really appreciated that I ve dabbled a bit in Souls like games myself But it s pretty obvious you guys took some pointers from Miyazaki seriously We cannot open this from this side Classic Hope the DLC brings something truly epic Ideally give Leon a longer solo adventure in Raccoon City There weren t many returning classic characters but the optimization was top tier as always That s all I wanted to say えっと なんていうか 没入感はそんなに強くなかったかな ザコ敵を倒すのは確かに爽快だったけど ボス戦はちょっと違和感があった感じ それに 警察署に戻る場面はもっと長くしてほしかったな ベテランプレイヤーとしてはやっぱり感慨深いものがあるし でも タイラントのくだりは良かった タイラントは相変わらずのタイラントだけど レオンはもう昔のレオンじゃないっていうね 今回の斧のパリィはすごく良くできてる RE4と違って パリィの表示がなくて 完全にプレイヤーの反射神経に任せてるところが個人的には好き 自分も少しだけソウル系はやったことあるんだけど でも 宮崎英高さんからいろいろ学んだのは明らかだよね この側からは開けられない って まさにそれだし DLCを出すなら めちゃくちゃスゴいのを期待してる 理想的には レオンにもう少し長めのラクーンシティ探索を個別に用意してほしいな 昔のキャラの登場は少なめだったけど 最適化は相変わらずトップクラスだった 以上 言いたかったこと,玩法,正面
732,732,2026-02-28,"充满惊喜与callback的情怀续作 
穿插叙事的节奏略有瑕疵，但仍然是非常“生化危机”的精彩作品
里昂来了也得做试驾1 嘻嘻",推荐,17.3,5,64,充满惊喜与callback的情怀续作 穿插叙事的节奏略有瑕疵 但仍然是非常 生化危机 的精彩作品 里昂来了也得做试驾1 嘻嘻,情怀,正面
733,733,2026-02-28,太好玩了，看到了以前作品的影子，很感动很感慨，战斗爽，生存恐怖爽,推荐,15.8,41,200,太好玩了 看到了以前作品的影子 很感动很感慨 战斗爽 生存恐怖爽,情怀,正面
734,734,2026-02-28,卡普空我要艾达王,推荐,14.9,27,36,卡普空我要艾达王,情怀,正面
735,735,2026-02-28,很期待的新作，没让我失望，很棒！,推荐,7.3,44,103,很期待的新作 没让我失望 很棒,情怀,正面
736,736,2026-02-28,不赖,推荐,13.8,30,139,不赖,其他,正面
737,737,2026-02-28,极致生存恐怖＋战斗爽,推荐,14.8,1,10,极致生存恐怖 战斗爽,玩法,正面
738,738,2026-02-28,里昂的战斗很爽，地图有点最后生还者的意思，但是凭什么没有王阿姨？闪回的片段也不给个画面？！,推荐,14.2,8,117,里昂的战斗很爽 地图有点最后生还者的意思 但是凭什么没有王阿姨 闪回的片段也不给个画面,剧情,正面
739,739,2026-02-28,好,推荐,14.9,4,113,好,其他,正面
740,740,2026-02-28,最后BOSS的战也太拉了，看着跟赶工做出来一样。,推荐,12.8,2,161,最后BOSS的战也太拉了 看着跟赶工做出来一样,玩法,正面
741,741,2026-02-28,好玩,推荐,3.2,29,38,好玩,玩法,正面
742,742,2026-02-28,过于夸张的音声演出令我难以忍受，操纵女角色时任何细微的动作都会令其发出堪比色情产品的诡异呻吟,不推荐,1.9,38,147,过于夸张的音声演出令我难以忍受 操纵女角色时任何细微的动作都会令其发出堪比色情产品的诡异呻吟,音效,负面
743,743,2026-02-28,一个小时，玩到李昂到洋官，挺无聊，好多低级跳脸，格蕾丝被怪物追的跑起来还没走的快，前一秒怪还在后面，突然从面前屋顶下来，绷不住了，李昂手感还不4重置，玩不下去，光追宽屏全程75帧，不卡，不如寂静岭2重置，生8首发DLC都买了至今没通关，对新生化一点感觉都没，继续玩博得3,不推荐,1.3,21,130,一个小时 玩到李昂到洋官 挺无聊 好多低级跳脸 格蕾丝被怪物追的跑起来还没走的快 前一秒怪还在后面 突然从面前屋顶下来 绷不住了 李昂手感还不4重置 玩不下去 光追宽屏全程75帧 不卡 不如寂静岭2重置 生8首发DLC都买了至今没通关 对新生化一点感觉都没 继续玩博得3,玩法,负面
744,744,2026-02-28,"在个人心目中而言，这次的生化危机9可以放在神作的位置，个人只玩过2.4.6（逮着里昂玩），是朋友带入坑的，从4入坑，所以对四代的体术情有独钟，而这次9的体术更是升级到了完美，有更优秀完整的动作处决体验。里昂的部分真的就是战斗爽。
而格蕾丝的部分确实可以说是恐怖了，自己玩的时候没少被吓，罗兹的设计非常喜欢，感觉回到了浣熊市警察局，但是肯定差点意思。最有意思的是我和我兄弟同时开始玩，结果都在一些相同的地方卡关了哈哈，不过这肯定是正常的，整体游玩下来除了重返浣熊市找炸弹的部分，一些丧尸相当之“烦人”，没有明显的缺点，可以给到十分推荐。
以安魂曲命名，而游戏主页进入主线故事选项还会有直面过去的标语，这也照应了游戏里面格蕾丝面对母亲的阴影，里昂面对浣熊市的阴影，最后在这个浣熊市安葬痛苦，这游戏也是给每一个生化迷，浪漫的情书。",推荐,14.8,20,29,在个人心目中而言 这次的生化危机9可以放在神作的位置 个人只玩过2 4 6 逮着里昂玩 是朋友带入坑的 从4入坑 所以对四代的体术情有独钟 而这次9的体术更是升级到了完美 有更优秀完整的动作处决体验 里昂的部分真的就是战斗爽 而格蕾丝的部分确实可以说是恐怖了 自己玩的时候没少被吓 罗兹的设计非常喜欢 感觉回到了浣熊市警察局 但是肯定差点意思 最有意思的是我和我兄弟同时开始玩 结果都在一些相同的地方卡关了哈哈 不过这肯定是正常的 整体游玩下来除了重返浣熊市找炸弹的部分 一些丧尸相当之 烦人 没有明显的缺点 可以给到十分推荐 以安魂曲命名 而游戏主页进入主线故事选项还会有直面过去的标语 这也照应了游戏里面格蕾丝面对母亲的阴影 里昂面对浣熊市的阴影 最后在这个浣熊市安葬痛苦 这游戏也是给每一个生化迷 浪漫的情书,情怀,正面
745,745,2026-02-28,非常值得体验的作品，就是浣熊市部分制作组明显没收住，我不知道在玩辐射还是假面骑士,推荐,13.2,41,150,非常值得体验的作品 就是浣熊市部分制作组明显没收住 我不知道在玩辐射还是假面骑士,剧情,正面
746,746,2026-02-28,"好丸 我觉得是全系列最好玩的一部 
我玩出了2 4 7系列的味道（格蕾丝玩出了2 里昂4 开了第一人称何尝不是78系列呢）
 第一 第三人称都可以随意切换 
里昂加了新的处决动作tql 优化很好！",推荐,13.9,3,62,好丸 我觉得是全系列最好玩的一部 我玩出了2 4 7系列的味道 格蕾丝玩出了2 里昂4 开了第一人称何尝不是78系列呢 第一 第三人称都可以随意切换 里昂加了新的处决动作tql 优化很好,玩法,正面
747,747,2026-02-28,非常非常棒！如果在过年的时候发售就最完美不过了！特意请了两天假期好好享受！,推荐,14.3,16,75,非常非常棒 如果在过年的时候发售就最完美不过了 特意请了两天假期好好享受,情怀,正面
748,748,2026-02-28,"予生者恐惧。给尸者安魂。（x）
予生者恐惧，给逝者安魂。（√）",推荐,14.8,49,158,予生者恐惧 给尸者安魂 x 予生者恐惧 给逝者安魂,剧情,正面
749,749,2026-02-28,"超级好评, 27号特意调休请了一天就是为了爽玩
没有白等, 这作优化真的很棒, 我2019年的渣渣笔记本都能在画质没有非常明显下降的情况下带的动
女主角格蕾丝的篇章真的把恐怖氛围做的很好, 全程心率拉满
里昂的就有些水了, 感觉基本就是和雪梨出来露个脸的
还能随时切换第一第三视角, 游戏机制上也加上了很多新东西
但瑕不掩瑜, 真的好评",推荐,12.6,47,56,超级好评 27号特意调休请了一天就是为了爽玩 没有白等 这作优化真的很棒 我2019年的渣渣笔记本都能在画质没有非常明显下降的情况下带的动 女主角格蕾丝的篇章真的把恐怖氛围做的很好 全程心率拉满 里昂的就有些水了 感觉基本就是和雪梨出来露个脸的 还能随时切换第一第三视角 游戏机制上也加上了很多新东西 但瑕不掩瑜 真的好评,优化,正面
750,750,2026-02-28, 玩过最差的生化，关卡设计就是让玩家反复跑，剧情干涩。还有最主要的就是在浣熊市关卡设计逻辑混乱，同一关卡同样类型的地方有的给跳有的不给跳，有的给翻越有的不给翻越，想学美末学了个半吊子，BOSS特点都没有，存在感极低！,不推荐,16.4,28,187,玩过最差的生化 关卡设计就是让玩家反复跑 剧情干涩 还有最主要的就是在浣熊市关卡设计逻辑混乱 同一关卡同样类型的地方有的给跳有的不给跳 有的给翻越有的不给翻越 想学美末学了个半吊子 BOSS特点都没有 存在感极低,玩法,负面
751,751,2026-02-28,惊吓与割草的切换，游玩过程中，有期待。,推荐,9.3,10,69,惊吓与割草的切换 游玩过程中 有期待,玩法,正面
752,752,2026-02-28,无需多言,推荐,12.6,7,116,无需多言,其他,正面
753,753,2026-02-28,已通关，聊聊感受这一部算是把前2 4 7的元素和优点结合而且风格上有很大的创新，像在看电影一样，如果你是老粉那你绝对喜欢里昂里浣熊市那里，还有和暴君时隔多年又一次拉扯战斗，如果你是新粉那也能在格蕾丝紧张刺激的捉迷藏后又在里昂的屠杀体验得到巨大的爽感和满足！相信我！你会喜欢！,推荐,13.8,26,35,已通关 聊聊感受这一部算是把前2 4 7的元素和优点结合而且风格上有很大的创新 像在看电影一样 如果你是老粉那你绝对喜欢里昂里浣熊市那里 还有和暴君时隔多年又一次拉扯战斗 如果你是新粉那也能在格蕾丝紧张刺激的捉迷藏后又在里昂的屠杀体验得到巨大的爽感和满足 相信我 你会喜欢,情怀,正面
754,754,2026-02-28,从解禁起一口气打了15个小时不带停的，刚才才通关，我愿称之为系列巅峰集大成之作，战斗爽和恐怖惊吓并不冲突，属于是融会贯通了，感觉像是生4和生7的融合，打起来很带感，格蕾丝篇躲猫猫恐怖氛围营造，里昂篇物资充足一路平推战斗爽。唯一想吐槽的是为什么浣熊市核爆这么多年了还能有丧尸，太不科学了。,推荐,15.5,43,52,从解禁起一口气打了15个小时不带停的 刚才才通关 我愿称之为系列巅峰集大成之作 战斗爽和恐怖惊吓并不冲突 属于是融会贯通了 感觉像是生4和生7的融合 打起来很带感 格蕾丝篇躲猫猫恐怖氛围营造 里昂篇物资充足一路平推战斗爽 唯一想吐槽的是为什么浣熊市核爆这么多年了还能有丧尸 太不科学了,剧情,正面
755,755,2026-02-28,格蕾丝实在是太美了,推荐,10.6,15,124,格蕾丝实在是太美了,其他,正面
756,756,2026-02-28,里昂很帅,推荐,4.5,44,103,里昂很帅,情怀,正面
757,757,2026-02-28,"挺好的，就是有点贵,打的怪就那几种",推荐,13.9,49,208,挺好的 就是有点贵 打的怪就那几种,价格,正面
758,758,2026-02-28,感谢老轩送来的礼物，期待已久的生化9，好结局坏结局全都通关，完后心里五味杂陈，我的里昂还能再战两部,推荐,13.9,16,75,感谢老轩送来的礼物 期待已久的生化9 好结局坏结局全都通关 完后心里五味杂陈 我的里昂还能再战两部,情怀,正面
759,759,2026-02-28,YES,推荐,14.0,38,197,YES,其他,正面
760,760,2026-02-28,闺女可爱捏,推荐,14.9,26,135,闺女可爱捏,其他,正面
761,761,2026-02-28,里昂线太暴力战斗爽了，公路开摩托对掏那段演出是真的爽飞了，卡普空赶紧把生化5重置吧，我都不敢想克里斯打起来有多爽。,推荐,10.1,29,138,里昂线太暴力战斗爽了 公路开摩托对掏那段演出是真的爽飞了 卡普空赶紧把生化5重置吧 我都不敢想克里斯打起来有多爽,玩法,正面
762,762,2026-02-28,我的危机来源于火力与生命的不足，风灵月影宗，你能不能赐予弟子神器,推荐,0.6,2,11,我的危机来源于火力与生命的不足 风灵月影宗 你能不能赐予弟子神器,玩法,正面
763,763,2026-02-28,已通关，游戏流程7-10小时左右，个人评价8分，游戏有所创新但不够大胆，体验下来能感觉到卡普空还是很保守的。游戏流程量大管饱，箱庭式关卡体验也是一如既往的优秀，游戏画质和优化很顶，2K高画质光追拉满也有120帧，但有段追逐戏掉帧很严重，希望后续能优化。格蕾丝和里昂的交叉关卡各有各的特色，里昂关爽爽爽，杀杀杀，体术处决和战术斧用起来简直爽的不行，格蕾丝关则是偏向潜行解密和沉浸体验（我讨厌和无敌怪玩找东西躲猫猫），溶血剂这个设定也让格蕾丝的玩法别具一格，打击体验上与前几作无差，但僵尸的受击反馈比起2代3代重制版退步很明显。其次怪的类型比较少，了解解法后很容易对付，种类上少了点搭配，最后就是BOSS人设缺乏个性与目标，比起8代简直是严重退步。后面涉及部分剧透的扣分项，请酌情阅读，[spoiler] 在扣分项里0.5分扣在对斯宾塞的强行洗白，生化危机这个IP三十年来都在讲斯宾塞怎么怎么坏，搞了病毒让这个世界观里的人因为生物武器成天担惊受怕，多少人因为这病毒丧失了生命，毁掉了人生，现在他老人家上了年纪突然就想通了要赎罪拯救人类，毫无铺垫和逻辑。另外0.5分扣在里昂与格蕾丝交叉体验相当割裂，虽然上面赞扬他们玩法特色鲜明，但这种一会爽，一会憋屈的体验跟三上真司的恶灵附身太像了，玩的憋着一肚子气，可能是我不适合当这作的受众吧。最后1分扣在吹嘘回归浣熊市，纯靠吹噱头卖情怀，很多经典角色都缺席这次回归，克里斯、克莱尔、吉尔、艾达王、瑞贝卡等等人物都在浣熊市有各自传奇般的故事经历，但在剧情里只是里昂和雪梨几句感慨，浣熊市也只是美政府内鬼与联盟地下交易所，牵引出联盟和政府内鬼这些势力，并没有预想中对浣熊市秘密和伞公司进行深挖或拓展，总体而言还是比较失望的[/spoiler],推荐,0.9,48,207,已通关 游戏流程7 10小时左右 个人评价8分 游戏有所创新但不够大胆 体验下来能感觉到卡普空还是很保守的 游戏流程量大管饱 箱庭式关卡体验也是一如既往的优秀 游戏画质和优化很顶 2K高画质光追拉满也有120帧 但有段追逐戏掉帧很严重 希望后续能优化 格蕾丝和里昂的交叉关卡各有各的特色 里昂关爽爽爽 杀杀杀 体术处决和战术斧用起来简直爽的不行 格蕾丝关则是偏向潜行解密和沉浸体验 我讨厌和无敌怪玩找东西躲猫猫 溶血剂这个设定也让格蕾丝的玩法别具一格 打击体验上与前几作无差 但僵尸的受击反馈比起2代3代重制版退步很明显 其次怪的类型比较少 了解解法后很容易对付 种类上少了点搭配 最后就是BOSS人设缺乏个性与目标 比起8代简直是严重退步 后面涉及部分剧透的扣分项 请酌情阅读 spoiler 在扣分项里0 5分扣在对斯宾塞的强行洗白 生化危机这个IP三十年来都在讲斯宾塞怎么怎么坏 搞了病毒让这个世界观里的人因为生物武器成天担惊受怕 多少人因为这病毒丧失了生命 毁掉了人生 现在他老人家上了年纪突然就想通了要赎罪拯救人类 毫无铺垫和逻辑 另外0 5分扣在里昂与格蕾丝交叉体验相当割裂 虽然上面赞扬他们玩法特色鲜明 但这种一会爽 一会憋屈的体验跟三上真司的恶灵附身太像了 玩的憋着一肚子气 可能是我不适合当这作的受众吧 最后1分扣在吹嘘回归浣熊市 纯靠吹噱头卖情怀 很多经典角色都缺席这次回归 克里斯 克莱尔 吉尔 艾达王 瑞贝卡等等人物都在浣熊市有各自传奇般的故事经历 但在剧情里只是里昂和雪梨几句感慨 浣熊市也只是美政府内鬼与联盟地下交易所 牵引出联盟和政府内鬼这些势力 并没有预想中对浣熊市秘密和伞公司进行深挖或拓展 总体而言还是比较失望的 spoiler,剧情,正面
764,764,2026-02-28,自己的命运，是逃不了的~,推荐,9.7,47,56,自己的命运 是逃不了的,剧情,正面
765,765,2026-02-28,明明说了让玩家有相同的体验，在PC上偏偏砍了DS控制器，体验差太多了。做都做出来了为什么还要区别对待！,不推荐,2.1,34,193,明明说了让玩家有相同的体验 在PC上偏偏砍了DS控制器 体验差太多了 做都做出来了为什么还要区别对待,玩法,负面
766,766,2026-02-28,非常的棒~！,推荐,15.3,38,97,非常的棒,其他,正面
767,767,2026-02-28,"目前为止我对这作的评价是最好的生化危机，如果RE4我能打8.5分的话，这作品目前为止最少能打9分。因为体验太好所以想多说一点自己的感受。
优点：（主管意见）
1、没有过分追求变革和创新：30周年选择稳字当头恰恰是第一个优点。（我玩过太多因为创新把自己ip毁掉的作品）
2、游戏优化非常出色：我作为A卡用户基本是告别光追的，但没想到我电脑玩生9居然可以全最高画质的前提下，把光追开到最高也能保持120帧上下。这是我玩过这么多带光追的游戏中的独一份（其他大部分能稳定60就不错了，而且画面还没这个好）
3、画面很好：配得上2026年份出品的标签（但是有些瑕疵也很夸张，比如饮水机的水桶和厕所的镜子，以及女主过场时没戴眼镜，反光却能看到镜片斑点等等，但总体质量还是非常高的）
4、射击手感很好：我基本不会挑生化危机系列射击手感的毛病，因为它从来都不是专业射击游戏，但这一作射击手感非常扎实。虽然比起使命召唤那种级别还是明显次一些，但至少能吊打某场罐头，我觉得能做到这个份上也是用心了。
5、第三人称战斗爽与第一人称恐怖压迫的完美结合：里昂视角战斗的爽度无疑是历代之最，但格蕾丝视角同样把生存压迫和箱庭解密的平衡做到近乎完美，虽然很多设计都与前代别无二致，但体验绝对是历代最好。场景、音效、音乐、jumpscare...各种要素配合让你时刻保持紧张的同时，又没有过分压迫或者增加解密难度和繁琐程度。形成了你随时都提心吊胆，但也能保持理智思考。这么平衡的体验在历代作品里算上RE版本都几乎没有。
6、女主配音（英配）非常优秀：我玩的英配所以只评价英配，我心中生化危机历代最完美配音。不光是过场cg时那极具感染力的表演，就连她平时游戏中颤抖的喘息和自我对话都成了烘托恐怖气氛中很重要的一环。
7、电影感突出：无论是画面还是节奏，都非常像一部电影。这点优秀在它可以用意想不到的方式平衡玩家的压抑感。游戏往往比电影恐怖，在于游戏需要你自己动手反应而电影只需要看就好。生9的恐怖氛围塑造非常到位，如果是正常游戏节奏的话估计大部分玩家是会感到相当窒息的，但里昂视角的转换插入以及一些电影运镜、字幕美术的加持，让玩家适度放松、又适度跳脱，避免过长、过深地代入格蕾丝。
总结：
目前我的评价是，生9不是新纪元的开始，而是迄今为止所有次世代生化危机的集大成作品，一部非常优秀的阶段总结作品。它有前面那些名作有的所有东西，而且体验还更好。它是迄今为止，最爽、最恐怖、画面最好、音效最好、节奏最好、体验最平衡的生化危机。自然我的评价是：系列之最，如果一个朋友想且只想买一部生化危机，那毫无疑问就是这一作了！",推荐,4.0,36,95,目前为止我对这作的评价是最好的生化危机 如果RE4我能打8 5分的话 这作品目前为止最少能打9分 因为体验太好所以想多说一点自己的感受 优点 主管意见 1 没有过分追求变革和创新 30周年选择稳字当头恰恰是第一个优点 我玩过太多因为创新把自己ip毁掉的作品 2 游戏优化非常出色 我作为A卡用户基本是告别光追的 但没想到我电脑玩生9居然可以全最高画质的前提下 把光追开到最高也能保持120帧上下 这是我玩过这么多带光追的游戏中的独一份 其他大部分能稳定60就不错了 而且画面还没这个好 3 画面很好 配得上2026年份出品的标签 但是有些瑕疵也很夸张 比如饮水机的水桶和厕所的镜子 以及女主过场时没戴眼镜 反光却能看到镜片斑点等等 但总体质量还是非常高的 4 射击手感很好 我基本不会挑生化危机系列射击手感的毛病 因为它从来都不是专业射击游戏 但这一作射击手感非常扎实 虽然比起使命召唤那种级别还是明显次一些 但至少能吊打某场罐头 我觉得能做到这个份上也是用心了 5 第三人称战斗爽与第一人称恐怖压迫的完美结合 里昂视角战斗的爽度无疑是历代之最 但格蕾丝视角同样把生存压迫和箱庭解密的平衡做到近乎完美 虽然很多设计都与前代别无二致 但体验绝对是历代最好 场景 音效 音乐 jumpscare 各种要素配合让你时刻保持紧张的同时 又没有过分压迫或者增加解密难度和繁琐程度 形成了你随时都提心吊胆 但也能保持理智思考 这么平衡的体验在历代作品里算上RE版本都几乎没有 6 女主配音 英配 非常优秀 我玩的英配所以只评价英配 我心中生化危机历代最完美配音 不光是过场cg时那极具感染力的表演 就连她平时游戏中颤抖的喘息和自我对话都成了烘托恐怖气氛中很重要的一环 7 电影感突出 无论是画面还是节奏 都非常像一部电影 这点优秀在它可以用意想不到的方式平衡玩家的压抑感 游戏往往比电影恐怖 在于游戏需要你自己动手反应而电影只需要看就好 生9的恐怖氛围塑造非常到位 如果是正常游戏节奏的话估计大部分玩家是会感到相当窒息的 但里昂视角的转换插入以及一些电影运镜 字幕美术的加持 让玩家适度放松 又适度跳脱 避免过长 过深地代入格蕾丝 总结 目前我的评价是 生9不是新纪元的开始 而是迄今为止所有次世代生化危机的集大成作品 一部非常优秀的阶段总结作品 它有前面那些名作有的所有东西 而且体验还更好 它是迄今为止 最爽 最恐怖 画面最好 音效最好 节奏最好 体验最平衡的生化危机 自然我的评价是 系列之最 如果一个朋友想且只想买一部生化危机 那毫无疑问就是这一作了,画面,正面
768,768,2026-02-28,好玩。玩里昂线纯纯的战斗爽,推荐,14.4,38,47,好玩 玩里昂线纯纯的战斗爽,玩法,正面
769,769,2026-02-28,为了避免被剧透13点开始直接打到第二天凌晨5点，里昂官方结局没死太好了，第一次把阿尔卑斯毁灭了里昂就死了，字幕之后给了再选一次的机会，取出阿尔卑斯才是官方结局,推荐,13.4,2,61,为了避免被剧透13点开始直接打到第二天凌晨5点 里昂官方结局没死太好了 第一次把阿尔卑斯毁灭了里昂就死了 字幕之后给了再选一次的机会 取出阿尔卑斯才是官方结局,剧情,正面
770,770,2026-02-28,玩完流眼泪了,推荐,15.5,39,48,玩完流眼泪了,剧情,正面
771,771,2026-02-28,14个小时左右通关传统模式，这代既有7代的恐怖感，又有4代的动作性，总之好玩，爱玩,推荐,15.5,49,208,14个小时左右通关传统模式 这代既有7代的恐怖感 又有4代的动作性 总之好玩 爱玩,玩法,正面
772,772,2026-02-28,好玩 爱玩,推荐,10.8,33,142,好玩 爱玩,玩法,正面
773,773,2026-02-28,风格上很像启示录二【主要是一看到大口径左轮就想到巴瑞老爷子了】从恐怖的角度来讲中规中矩，里昂战斗这一块打爽了，在下水道小女孩会有bug，卡在灯下面不动，总之很期待DLC,推荐,11.5,34,193,风格上很像启示录二 主要是一看到大口径左轮就想到巴瑞老爷子了 从恐怖的角度来讲中规中矩 里昂战斗这一块打爽了 在下水道小女孩会有bug 卡在灯下面不动 总之很期待DLC,玩法,正面
774,774,2026-02-28,I'm back,推荐,6.7,11,20,I m back,其他,正面
775,775,2026-02-28,"玩的很爽 ,到警局后bgm一响  走在熟悉的走廊里 鸡皮疙瘩都起来了  一晚上没睡着",推荐,17.9,18,177,玩的很爽 到警局后bgm一响 走在熟悉的走廊里 鸡皮疙瘩都起来了 一晚上没睡着,情怀,正面
776,776,2026-02-28,"《生化危机：安魂曲》通关评价：作为系列第九代正统续作，卡普空成功地将四代的动作性与七代的生存恐怖感完美融合。流程安排合理，敌人设计兼顾挑战与爽快感，资源管理也令人舒适（至少我的弹药很充沛）。

剧情上，它既补完了浣熊市事件的一些遗留悬念，也首次揭露了贯穿系列至今的幕后黑手“联盟”的冰山一角。主角格蕾斯作为里昂的继承人，或许尚未完全成长，但那份既视感已足够动人（更何况还能见到某位五十多岁依旧活跃的传奇前辈）。结局处，克里斯麾下的“狼小队”神兵天降固然提振人心，但“联盟”的快速证据抹除，早已为未来埋下了更深的阴谋伏笔。

一些小期待与备注：衷心希望未来的DLC能补上艾达·王的故事线——她的视角对于解开“联盟”谜题至关重要。此外，目前游戏暂不支持二周目继承，传闻中的常驻“佣兵”或类似打怪模式也尚未上线，这多少影响了些重复游玩的动力，期待后续更新能尽快完善。

《安魂曲》既是对系列过去九部作品的某种总结，也是对“七、八、九”三部曲的郑重道别。第十部作品究竟会开启全新篇章，还是走向“复仇者联盟”式的全明星集结？一切令人期待。

个人评分：9.5​

——大重置与七代以来新时代的集大成之作，未来可期。",推荐,15.0,49,158,生化危机 安魂曲 通关评价 作为系列第九代正统续作 卡普空成功地将四代的动作性与七代的生存恐怖感完美融合 流程安排合理 敌人设计兼顾挑战与爽快感 资源管理也令人舒适 至少我的弹药很充沛 剧情上 它既补完了浣熊市事件的一些遗留悬念 也首次揭露了贯穿系列至今的幕后黑手 联盟 的冰山一角 主角格蕾斯作为里昂的继承人 或许尚未完全成长 但那份既视感已足够动人 更何况还能见到某位五十多岁依旧活跃的传奇前辈 结局处 克里斯麾下的 狼小队 神兵天降固然提振人心 但 联盟 的快速证据抹除 早已为未来埋下了更深的阴谋伏笔 一些小期待与备注 衷心希望未来的DLC能补上艾达 王的故事线 她的视角对于解开 联盟 谜题至关重要 此外 目前游戏暂不支持二周目继承 传闻中的常驻 佣兵 或类似打怪模式也尚未上线 这多少影响了些重复游玩的动力 期待后续更新能尽快完善 安魂曲 既是对系列过去九部作品的某种总结 也是对 七 八 九 三部曲的郑重道别 第十部作品究竟会开启全新篇章 还是走向 复仇者联盟 式的全明星集结 一切令人期待 个人评分 9 5 大重置与七代以来新时代的集大成之作 未来可期,剧情,正面
777,777,2026-02-28,牛逼 里昂天下第一 格蕾丝太漂亮了 克里斯你为什么脸都不露一个,推荐,20.2,29,138,牛逼 里昂天下第一 格蕾丝太漂亮了 克里斯你为什么脸都不露一个,情怀,正面
778,778,2026-02-28,"法拉利老了也是法拉利
✿✿ヽ(°▽°)ノ✿",推荐,11.6,3,12,法拉利老了也是法拉利 ヽ ノ,情怀,正面
779,779,2026-02-28,48岁老特工BOSS战连个闪避动作都用不了，合着T病毒三期连个翻滚都用不出来呗？养老院期间武器永远默认无法升级，等于是到了浣熊市之后才是真正让装备开始升级，合着你主角“鳄鱼”的手枪连射速都改不了是把？看看人家SR和哨兵，战斗乐趣你如果说RE4是100分，RE9就这水平70不能再多，BOSS战更是一坨；浣熊市半开放探索，整体战斗节奏枯燥无味，这是第一次让我觉得在RE这款游戏里面打僵尸打除了枯燥的疲惫感。啊对，就是玩育碧那种“重复刷刷刷的味二”男女交替剧情，你要么就分“男人篇”和“女人篇”，好不容易觉得要爽一下了然后又要要开始畏手畏脚。对，我就是被新23，4 56惯坏了，老纸玩分头就想踏马一个战斗爽。我搞不懂48岁特工为什么连一个闪避动作都做不出来。抽象。是的伙计，你在玩RE9的时候，就像你刚刚看完RE·无尽黑暗。,不推荐,14.8,18,127,48岁老特工BOSS战连个闪避动作都用不了 合着T病毒三期连个翻滚都用不出来呗 养老院期间武器永远默认无法升级 等于是到了浣熊市之后才是真正让装备开始升级 合着你主角 鳄鱼 的手枪连射速都改不了是把 看看人家SR和哨兵 战斗乐趣你如果说RE4是100分 RE9就这水平70不能再多 BOSS战更是一坨 浣熊市半开放探索 整体战斗节奏枯燥无味 这是第一次让我觉得在RE这款游戏里面打僵尸打除了枯燥的疲惫感 啊对 就是玩育碧那种 重复刷刷刷的味二 男女交替剧情 你要么就分 男人篇 和 女人篇 好不容易觉得要爽一下了然后又要要开始畏手畏脚 对 我就是被新23 4 56惯坏了 老纸玩分头就想踏马一个战斗爽 我搞不懂48岁特工为什么连一个闪避动作都做不出来 抽象 是的伙计 你在玩RE9的时候 就像你刚刚看完RE 无尽黑暗,玩法,负面
780,780,2026-02-28,9分佳作，能更进一步但却选择了保守打法，可以看出卡婊很认真在战斗和恐怖中做取舍。疗养院才是真正re2表里关设计，整个游戏前半部分真就梦回浣熊市警察局，可以很明显看得出来整个游戏的关卡设计是照着re2来的，疗养院=警察局，疗养院地下=警察局下水道，保护伞地下设施=保护伞地下设施（不过re9比re2多了个类似re4的过山车剧情，你昂子哥上到但丁号了，开摩托车飙车打怪）,推荐,14.0,41,100,9分佳作 能更进一步但却选择了保守打法 可以看出卡婊很认真在战斗和恐怖中做取舍 疗养院才是真正re2表里关设计 整个游戏前半部分真就梦回浣熊市警察局 可以很明显看得出来整个游戏的关卡设计是照着re2来的 疗养院 警察局 疗养院地下 警察局下水道 保护伞地下设施 保护伞地下设施 不过re9比re2多了个类似re4的过山车剧情 你昂子哥上到但丁号了 开摩托车飙车打怪,剧情,正面
781,781,2026-02-28,X喜欢,推荐,15.3,38,147,X喜欢,其他,正面
782,782,2026-02-28,"《生化危机9：安魂曲》评测：一曲献给老玩家的镇魂歌，一次稳扎稳打的辉煌谢幕


序言

       在系列迎来三十周年这一极具纪念意义的时刻，卡普空并没有选择用激进的变革来“震撼”玩家，而是交出《生化危机9：安魂曲》这样一份充满回溯与致敬意味的答卷。本作在Metacritic上荣获88分的均分，创下了自2006年以来原创正传的最高纪录。作为一款主打“回归”与“融合”的作品，《安魂曲》或许未能开辟全新的赛道，但它无疑是系列近二十年来最深情、最扎实的一次演出。


双线叙事与视角革命

        本作最核心的机制创新，在于将叙事与玩法深度绑定的双主角/双视角系统。新主角格蕾丝采用第一人称，主打“生存恐怖”玩法。她资源匮乏、战斗力羸弱，在面对丧尸时那种畏缩、跌倒的紧张感，完美重现了早期《生化危机》的压迫感与资源管理的精髓。而系列功勋老臣里昂则采用第三人称，代表着“动作恐怖”的一极。年近五十的他虽然沧桑，但经典的体术与流畅的射击手感，让玩家瞬间找回《生化危机4》时期的爽快感。
       这种设计不仅是情怀的堆砌，更形成了巧妙的节奏互补。当你在格蕾丝的线中被压抑得喘不过气时，切换到里昂线进行一场酣畅淋漓的战斗，张弛有度的节奏把控让十几小时的流程丝毫不显疲惫。


箱庭探索与敌人AI的复兴

       在关卡设计上，《安魂曲》放弃了前作《村庄》的半开放世界尝试，回归了系列经典的“洋馆”式箱庭地图。场景多层嵌套、捷径四通八达，那种“推开一扇门发现自己回到了熟悉地方”的安全感与惊喜感，足以让老玩家热泪盈眶。
      更值得一提的是敌人AI的进化。本作的丧尸不再是千篇律的移动活靶，而是保留了生前的行为逻辑：有的会循声而动，有的甚至会用简单的工具进行攻击。这迫使玩家不得不重新审视战斗策略，潜行与观察比单纯的火力压制更为重要。


遗憾与不足：未能触及巅峰的遗憾

       纵使《生化危机9：安魂曲》在情怀与创新之间找到了绝妙的平衡点，它距离真正的神作依然存在肉眼可见的差距。
       首先，恐怖感的曲线衰减过快是难以回避的问题。游戏前期的压抑氛围堪称系列之最，但随着流程推进，特别是当里昂线的重火力武器解锁后，生存恐怖迅速滑向动作爽游。对于追求纯粹心惊肉跳体验的玩家而言，后半段的心理压迫感甚至不及七代，这种割裂感破坏了沉浸感的统一性。
       其次，Boss战的设计缺乏新意。巨型化、多阶段的变异体固然视觉冲击力十足，但攻击模式过于模式化，无非是“躲技能-打弱点”的循环。相比起精巧的关卡设计，这些Boss战更像是为了撑场面而存在的“凑数之作”，缺乏令人铭记的机制巧思。
       此外，怪物类型的重复度较高。在长达十余小时的流程中，核心敌人种类的翻新速度远低于预期，中后期难免产生审美疲劳。而作为系列精髓的“佣兵模式”在发售初期缺席，也让追求重复可玩性的核心粉丝感到失望。
这些小瑕疵虽不致命，却足以让《安魂曲》止步于优秀，而非不朽。


技术力与微小缺憾

       作为RE引擎的又一力作，本作的画面表现堪称次世代标杆。完整的路径追踪技术让光影效果达到了以假乱真的地步，配合DLSS 4的多帧生成，即便是高画质下也能保持丝滑流畅。然而，正如我给出的8.5分所暗示的，本作并非完美无瑕。首先，尽管氛围营造顶级，但游戏的恐怖感在后半段随着火力增强而大幅削弱，甚至不及七代那般让人心悸。其次，部分外媒也指出，Boss战的设计缺乏新意，某些类型的敌人重复出现难免审美疲劳。此外，经典的“佣兵模式”在发售初期缺席，也让部分追求重复可玩性的核心粉丝感到遗憾。
结语


个人总评：8.5/10
      《生化危机9：安魂曲》是一部为三十周年献上的完美情书。它或许没有颠覆性的野心，但它通过双视角的绝妙平衡、回归初心的关卡设计以及极具压迫感的资源管理，精准地将“生存恐怖”与“动作射击”这两大系列灵魂完美融合。对于追随里昂多年的老玩家而言，这不仅是一场冒险，更是一次与老友的含泪告别；对于新玩家，新人格蕾丝则提供了一个绝佳的入坑视角。它用情怀与扎实的玩法证明了，有时候最稳扎稳打的回归，恰恰是最动人的进化。
",推荐,14.2,6,165,生化危机9 安魂曲 评测 一曲献给老玩家的镇魂歌 一次稳扎稳打的辉煌谢幕 序言 在系列迎来三十周年这一极具纪念意义的时刻 卡普空并没有选择用激进的变革来 震撼 玩家 而是交出 生化危机9 安魂曲 这样一份充满回溯与致敬意味的答卷 本作在Metacritic上荣获88分的均分 创下了自2006年以来原创正传的最高纪录 作为一款主打 回归 与 融合 的作品 安魂曲 或许未能开辟全新的赛道 但它无疑是系列近二十年来最深情 最扎实的一次演出 双线叙事与视角革命 本作最核心的机制创新 在于将叙事与玩法深度绑定的双主角 双视角系统 新主角格蕾丝采用第一人称 主打 生存恐怖 玩法 她资源匮乏 战斗力羸弱 在面对丧尸时那种畏缩 跌倒的紧张感 完美重现了早期 生化危机 的压迫感与资源管理的精髓 而系列功勋老臣里昂则采用第三人称 代表着 动作恐怖 的一极 年近五十的他虽然沧桑 但经典的体术与流畅的射击手感 让玩家瞬间找回 生化危机4 时期的爽快感 这种设计不仅是情怀的堆砌 更形成了巧妙的节奏互补 当你在格蕾丝的线中被压抑得喘不过气时 切换到里昂线进行一场酣畅淋漓的战斗 张弛有度的节奏把控让十几小时的流程丝毫不显疲惫 箱庭探索与敌人AI的复兴 在关卡设计上 安魂曲 放弃了前作 村庄 的半开放世界尝试 回归了系列经典的 洋馆 式箱庭地图 场景多层嵌套 捷径四通八达 那种 推开一扇门发现自己回到了熟悉地方 的安全感与惊喜感 足以让老玩家热泪盈眶 更值得一提的是敌人AI的进化 本作的丧尸不再是千篇律的移动活靶 而是保留了生前的行为逻辑 有的会循声而动 有的甚至会用简单的工具进行攻击 这迫使玩家不得不重新审视战斗策略 潜行与观察比单纯的火力压制更为重要 遗憾与不足 未能触及巅峰的遗憾 纵使 生化危机9 安魂曲 在情怀与创新之间找到了绝妙的平衡点 它距离真正的神作依然存在肉眼可见的差距 首先 恐怖感的曲线衰减过快是难以回避的问题 游戏前期的压抑氛围堪称系列之最 但随着流程推进 特别是当里昂线的重火力武器解锁后 生存恐怖迅速滑向动作爽游 对于追求纯粹心惊肉跳体验的玩家而言 后半段的心理压迫感甚至不及七代 这种割裂感破坏了沉浸感的统一性 其次 Boss战的设计缺乏新意 巨型化 多阶段的变异体固然视觉冲击力十足 但攻击模式过于模式化 无非是 躲技能 打弱点 的循环 相比起精巧的关卡设计 这些Boss战更像是为了撑场面而存在的 凑数之作 缺乏令人铭记的机制巧思 此外 怪物类型的重复度较高 在长达十余小时的流程中 核心敌人种类的翻新速度远低于预期 中后期难免产生审美疲劳 而作为系列精髓的 佣兵模式 在发售初期缺席 也让追求重复可玩性的核心粉丝感到失望 这些小瑕疵虽不致命 却足以让 安魂曲 止步于优秀 而非不朽 技术力与微小缺憾 作为RE引擎的又一力作 本作的画面表现堪称次世代标杆 完整的路径追踪技术让光影效果达到了以假乱真的地步 配合DLSS 4的多帧生成 即便是高画质下也能保持丝滑流畅 然而 正如我给出的8 5分所暗示的 本作并非完美无瑕 首先 尽管氛围营造顶级 但游戏的恐怖感在后半段随着火力增强而大幅削弱 甚至不及七代那般让人心悸 其次 部分外媒也指出 Boss战的设计缺乏新意 某些类型的敌人重复出现难免审美疲劳 此外 经典的 佣兵模式 在发售初期缺席 也让部分追求重复可玩性的核心粉丝感到遗憾 结语 个人总评 8 5 10 生化危机9 安魂曲 是一部为三十周年献上的完美情书 它或许没有颠覆性的野心 但它通过双视角的绝妙平衡 回归初心的关卡设计以及极具压迫感的资源管理 精准地将 生存恐怖 与 动作射击 这两大系列灵魂完美融合 对于追随里昂多年的老玩家而言 这不仅是一场冒险 更是一次与老友的含泪告别 对于新玩家 新人格蕾丝则提供了一个绝佳的入坑视角 它用情怀与扎实的玩法证明了 有时候最稳扎稳打的回归 恰恰是最动人的进化,剧情,正面
783,783,2026-02-28,好玩爱玩,推荐,6.7,20,179,好玩爱玩,玩法,正面
784,784,2026-02-28,"一口气通关了，意犹未尽，非常爽的一作。
格蕾丝的部分没想象的恐怖，格子危机，一针扎不死的就多扎几针。
里昂的部分就是生化的危机。还出现了生化危机复仇的类似桥段。
总感觉从到浣熊市部分开始有点像生化危机2→生化危机3→生化危机4的感觉。
第一次不小心选了坏结局看懵了，但是好结局会很爽。
缺点：里昂的跑图内容一层层的小路还多，容易迷路",推荐,14.1,50,109,一口气通关了 意犹未尽 非常爽的一作 格蕾丝的部分没想象的恐怖 格子危机 一针扎不死的就多扎几针 里昂的部分就是生化的危机 还出现了生化危机复仇的类似桥段 总感觉从到浣熊市部分开始有点像生化危机2 生化危机3 生化危机4的感觉 第一次不小心选了坏结局看懵了 但是好结局会很爽 缺点 里昂的跑图内容一层层的小路还多 容易迷路,剧情,正面
785,785,2026-02-28,"吓哭了！！！
喜欢生化8鬼婴那种流程的玩家们有福了",推荐,7.4,31,40,吓哭了 喜欢生化8鬼婴那种流程的玩家们有福了,剧情,正面
786,786,2026-02-28,"尽管偷跑依旧烦人，但可以看出制作组真的在尝试着延续经典桥段与开放大场景的创新举措。
生化危机9安魂曲可以分为前后两部分，分别是以格蕾丝为主的室内箱庭式解谜部分 和 以里昂为主的室外大场景搜集探索部分。与其说两个主角故事互相穿插，在我看来实际上仍然相对较为独立；格蕾丝部分里昂只是疗养院开头锯几个普通僵尸、打打暴食怪以及步枪狙击保驾护航与断后 存在感较低，反观里昂部分格蕾丝也就最后大战前“强势”出场。所以导致整个故事剧情有很明显的分界，甚至有点割裂。
对于前面格蕾丝的部分我是很称赞的，依旧保持了生化危机传统的解密优秀的品质。由于格蕾丝偏弱的能力，导致整个解密过程让玩家紧张压抑，充分回应了生化危机恐怖氛围的主题；巧妙的解密顺序设计层层相扣，到最后才让人有如梦初醒恍然大悟的感觉。故事的塑造更是颇具亮点，具有童年丧母阴影的柔弱女主，在绝境中不断磨练，在弱小女孩艾米莉前勇于承担克服恐惧，玩家随着剧情的推进无不体会到主角格蕾丝不断强大内心的转变，以及最后与艾米莉深深的羁绊，让人动人诀别让人心痛。90分优秀~！
后半部分只能说制作住的新尝试一如既往的拉！在光天化日之下的解密如同牵条狗在家门口的花园遛弯，无奈中多着几分好笑；我仿佛不在玩恐怖解密游戏而是在玩开放世界探索收集游戏？区别于格蕾丝的柔弱解密，我们要的里昂战斗爽哪儿去了？无论如何尝试，里昂总有一种动作迟缓僵硬的感觉，难道制作组把里昂生病的影响也考虑进去了？那我真实谢谢你，远不如生4重置的战斗爽！唯一能拿出手的个人感觉是与维克托互飙摩托对打的戏码还有些爽点，其他都是啥啥啥？非常普通60分！

当然你以为就这么简单结束了？不同的结局带给你不同的惊喜和惊吓。
毁灭：就这？里昂死了？里昂终于可以休息退休了！好耶！~
保留：哦吼~！维克托！战斗爽！这才是真正的致敬传统的结局~都活下来了！姨母笑~！
还是那句话：毁灭狗都不选；保留结局直接将后半部分从60分抬到70分

所以最终个人评分（90+70）/2=80分，不乏亮点但仍需完善的作品。",推荐,14.2,2,11,尽管偷跑依旧烦人 但可以看出制作组真的在尝试着延续经典桥段与开放大场景的创新举措 生化危机9安魂曲可以分为前后两部分 分别是以格蕾丝为主的室内箱庭式解谜部分 和 以里昂为主的室外大场景搜集探索部分 与其说两个主角故事互相穿插 在我看来实际上仍然相对较为独立 格蕾丝部分里昂只是疗养院开头锯几个普通僵尸 打打暴食怪以及步枪狙击保驾护航与断后 存在感较低 反观里昂部分格蕾丝也就最后大战前 强势 出场 所以导致整个故事剧情有很明显的分界 甚至有点割裂 对于前面格蕾丝的部分我是很称赞的 依旧保持了生化危机传统的解密优秀的品质 由于格蕾丝偏弱的能力 导致整个解密过程让玩家紧张压抑 充分回应了生化危机恐怖氛围的主题 巧妙的解密顺序设计层层相扣 到最后才让人有如梦初醒恍然大悟的感觉 故事的塑造更是颇具亮点 具有童年丧母阴影的柔弱女主 在绝境中不断磨练 在弱小女孩艾米莉前勇于承担克服恐惧 玩家随着剧情的推进无不体会到主角格蕾丝不断强大内心的转变 以及最后与艾米莉深深的羁绊 让人动人诀别让人心痛 90分优秀 后半部分只能说制作住的新尝试一如既往的拉 在光天化日之下的解密如同牵条狗在家门口的花园遛弯 无奈中多着几分好笑 我仿佛不在玩恐怖解密游戏而是在玩开放世界探索收集游戏 区别于格蕾丝的柔弱解密 我们要的里昂战斗爽哪儿去了 无论如何尝试 里昂总有一种动作迟缓僵硬的感觉 难道制作组把里昂生病的影响也考虑进去了 那我真实谢谢你 远不如生4重置的战斗爽 唯一能拿出手的个人感觉是与维克托互飙摩托对打的戏码还有些爽点 其他都是啥啥啥 非常普通60分 当然你以为就这么简单结束了 不同的结局带给你不同的惊喜和惊吓 毁灭 就这 里昂死了 里昂终于可以休息退休了 好耶 保留 哦吼 维克托 战斗爽 这才是真正的致敬传统的结局 都活下来了 姨母笑 还是那句话 毁灭狗都不选 保留结局直接将后半部分从60分抬到70分 所以最终个人评分 90 70 2 80分 不乏亮点但仍需完善的作品,剧情,正面
787,787,2026-02-28,"[h3] 有喜欢的系列游戏，并能看着喜欢的角色陪自己一起变老，这种感觉真的好奇妙。 [/h3]
[h3] 对里昂来说，浣熊市是28年前的事，是他人生重大变革的开始；对我来说可能没那么久，但也是我人生中非常重要的一段时光。 [/h3]
[h3] 时光荏苒，我们已不再年轻，纵使身躯不再挺拔，日渐衰颓，也会为了信念一直走下去。 [/h3]

[hr][/hr]
[h1] 家人们，让我们举起双手，把力量借给里昂好吗 [/h1]
😭✋😭✋😭✋😭✋😭✋😭✋😭✋😭✋😭✋😭✋😭✋",推荐,15.7,11,120,h3 有喜欢的系列游戏 并能看着喜欢的角色陪自己一起变老 这种感觉真的好奇妙 h3 h3 对里昂来说 浣熊市是28年前的事 是他人生重大变革的开始 对我来说可能没那么久 但也是我人生中非常重要的一段时光 h3 h3 时光荏苒 我们已不再年轻 纵使身躯不再挺拔 日渐衰颓 也会为了信念一直走下去 h3 hr hr h1 家人们 让我们举起双手 把力量借给里昂好吗 h1,情怀,正面
788,788,2026-02-28,9小时22分通关，生化的水准还是在线，美中不足是里昂找起爆器的流程过于冗长了，而且敌人的机动性即使比生化4都高，且难以打出僵直，格蕾丝的部分没什么好说的，神中神，虽然卡表在预告说格蕾丝主避战，但我还是疗养院清图了，里昂篇的子弹放心打，越打越多，而且警察局也有很多彩蛋对话，甚至还有原味豆腐会在窗外偷偷看，真的很有意思，结尾还是藏了尾巴，保护伞还会有动作，希望下一部能看到克里斯和里昂同台吧,推荐,13.7,17,26,9小时22分通关 生化的水准还是在线 美中不足是里昂找起爆器的流程过于冗长了 而且敌人的机动性即使比生化4都高 且难以打出僵直 格蕾丝的部分没什么好说的 神中神 虽然卡表在预告说格蕾丝主避战 但我还是疗养院清图了 里昂篇的子弹放心打 越打越多 而且警察局也有很多彩蛋对话 甚至还有原味豆腐会在窗外偷偷看 真的很有意思 结尾还是藏了尾巴 保护伞还会有动作 希望下一部能看到克里斯和里昂同台吧,玩法,正面
789,789,2026-02-28,"发售前还担心会不会搞毒二代超能力什么的，也害怕里昂线会弄得6代那样手感稀烂，但玩下来就知道担心全都是多余的，这是非常扎实的一作，声效、音乐、镜头感、格蕾丝的颜值都非常优秀，非常值得的10小时体验，我可能还会再通关几次，真的非常优秀。

遗憾也是有的，比如我是很期待更多现代城市外景的，但实际只有开篇那一点点，单关卡地图也是偏小了，双路线的互相影响几乎没有（玩格蕾丝时放心大胆的拿资源就好），生前执念系统发挥的也不够好，感觉就是多了几个兵种而已。

从此刻开始期待生化10，希望能把双路线发扬光大，里昂和艾达的婚礼该安排也安排一下。",推荐,15.0,39,48,发售前还担心会不会搞毒二代超能力什么的 也害怕里昂线会弄得6代那样手感稀烂 但玩下来就知道担心全都是多余的 这是非常扎实的一作 声效 音乐 镜头感 格蕾丝的颜值都非常优秀 非常值得的10小时体验 我可能还会再通关几次 真的非常优秀 遗憾也是有的 比如我是很期待更多现代城市外景的 但实际只有开篇那一点点 单关卡地图也是偏小了 双路线的互相影响几乎没有 玩格蕾丝时放心大胆的拿资源就好 生前执念系统发挥的也不够好 感觉就是多了几个兵种而已 从此刻开始期待生化10 希望能把双路线发扬光大 里昂和艾达的婚礼该安排也安排一下,剧情,正面
790,790,2026-02-28,游戏生涯中第一条评价 但是是差评 满怀期待打开安魂曲发现难度高的离谱 游戏流程也很短 感觉就是单纯流程不够难度来凑 小怪血量巨厚 本来游戏地图里面资源很少 子弹不够 道具也不够 小怪清不完 也没有能周旋的余地 很多时候就是只有一条路强制被干一下 回来照样被咬一口 并且手特别长 在地图里面为数不多能溜的地方有时候莫名其妙让咬一口  并且游戏到第二阶段之后本来辛辛苦苦干死的小怪会特别大概率的直接他妈从地上做起来 20多发子弹都干不死一个孢子 他妈铜墙铁壁来的 并且数量还及其惊人 基本上每个之前已经确认死亡的小怪都会变成精英怪 全他妈当在路上过也过不去 安魂曲里面确实有反制的手段 但是前面提到过资源少的可怜 正面碰上一个基本上跟重开没区别    还有物品机制 背包空间特别少中后期扩容也只能扩容两个格子 一堆东西因为剧情需要扔不出去 剧情不需要的我又需要 物品丢出去直接消失 储藏点远的离谱麻烦的要死 后期解锁的储藏点又他妈跟上一个点死近 走两步就到了我要你干鸡毛   后面抱小女孩去解密码他妈五六个孢子跟那个雷霆大肥直接挡住所有通道 这他妈玩你妈呢 测试了一下一个孢子女主手枪在带了浣熊配件和两个增强稳定剂的情况下要25枪才死 125发子弹我上你妈逼里找吗 马格南子弹到我目前只有两处材料能做出来 雷霆大肥还他妈没算在里面 等什么时候风灵月影能他妈飞天遁地了这游戏才能玩 全程跑图绕路密室逃脱 400豪华买屎吃,不推荐,5.0,43,152,游戏生涯中第一条评价 但是是差评 满怀期待打开安魂曲发现难度高的离谱 游戏流程也很短 感觉就是单纯流程不够难度来凑 小怪血量巨厚 本来游戏地图里面资源很少 子弹不够 道具也不够 小怪清不完 也没有能周旋的余地 很多时候就是只有一条路强制被干一下 回来照样被咬一口 并且手特别长 在地图里面为数不多能溜的地方有时候莫名其妙让咬一口 并且游戏到第二阶段之后本来辛辛苦苦干死的小怪会特别大概率的直接他妈从地上做起来 20多发子弹都干不死一个孢子 他妈铜墙铁壁来的 并且数量还及其惊人 基本上每个之前已经确认死亡的小怪都会变成精英怪 全他妈当在路上过也过不去 安魂曲里面确实有反制的手段 但是前面提到过资源少的可怜 正面碰上一个基本上跟重开没区别 还有物品机制 背包空间特别少中后期扩容也只能扩容两个格子 一堆东西因为剧情需要扔不出去 剧情不需要的我又需要 物品丢出去直接消失 储藏点远的离谱麻烦的要死 后期解锁的储藏点又他妈跟上一个点死近 走两步就到了我要你干鸡毛 后面抱小女孩去解密码他妈五六个孢子跟那个雷霆大肥直接挡住所有通道 这他妈玩你妈呢 测试了一下一个孢子女主手枪在带了浣熊配件和两个增强稳定剂的情况下要25枪才死 125发子弹我上你妈逼里找吗 马格南子弹到我目前只有两处材料能做出来 雷霆大肥还他妈没算在里面 等什么时候风灵月影能他妈飞天遁地了这游戏才能玩 全程跑图绕路密室逃脱 400豪华买屎吃,玩法,负面
791,791,2026-02-28,格蕾斯生7plus，里昂生4plus，疗养院地图设计无敌了，本次还制作了一个浣熊市地图供探索，除了两种玩法穿插有些断节奏外找不出啥大毛病，至于剧情继承重置234，旧生化啥的丢掉就行了，生5斯宾塞和威斯克被莫名写死后端上来一盆生6然后把自己ip差点写死,推荐,10.2,15,24,格蕾斯生7plus 里昂生4plus 疗养院地图设计无敌了 本次还制作了一个浣熊市地图供探索 除了两种玩法穿插有些断节奏外找不出啥大毛病 至于剧情继承重置234 旧生化啥的丢掉就行了 生5斯宾塞和威斯克被莫名写死后端上来一盆生6然后把自己ip差点写死,玩法,正面
792,792,2026-02-28,原来是个莫名其妙的男人啊，不知道的还以为是1998年生化危机2以新人警察身份出场，在浣熊市遭遇丧尸危机，与女学生克莱尔搭档救出雪莉柏肯，并通过艾达王协助，击败暴君和G病毒感染体威廉柏肯，一路过关斩将终于逃出浣熊市。然后为了保护雪莉柏肯自愿和美国政府达成协议，经过地狱一般的培训成为顶尖特工，然后经历一系列任务，在2005年的生化危机4里为了调查总统女儿失踪案来到西班牙，发现其中有巨大阴谋，在艾达王以及路易斯的协助下，清除自己及总统女儿的寄生虫，并破坏阴谋救出总统女儿在政府内部名声大噪，期间在电影生化危机诅咒和恶化里多次对抗生化，并被下一任总统亚当重用，志同意合决定揭露浣熊市真相，但总统被以首席国家安全顾问西蒙斯为首的神秘家族刺杀，并诬陷自己为凶手，而老朋友艾达似乎也遭遇了问题，最终不断的逃亡和调查终于击败西蒙斯并证明一身清白。然后因为其形象在游戏界深受欢迎，2009年，任天堂力量将他列为他们第14位最喜爱的任天堂游戏英雄。在2011年的吉尼斯世界纪录玩家版中，被投票成为最佳电子游戏人物的第36位。2012年，在GamesRadar的电子游戏中“最有影响力和最无法无天”的英雄投票中，位列第11位。在《帝国杂志》的50大电子游戏人物名单中，排名第44位里昂.斯科特.肯尼迪呢。差点误会了。,推荐,11.9,30,39,原来是个莫名其妙的男人啊 不知道的还以为是1998年生化危机2以新人警察身份出场 在浣熊市遭遇丧尸危机 与女学生克莱尔搭档救出雪莉柏肯 并通过艾达王协助 击败暴君和G病毒感染体威廉柏肯 一路过关斩将终于逃出浣熊市 然后为了保护雪莉柏肯自愿和美国政府达成协议 经过地狱一般的培训成为顶尖特工 然后经历一系列任务 在2005年的生化危机4里为了调查总统女儿失踪案来到西班牙 发现其中有巨大阴谋 在艾达王以及路易斯的协助下 清除自己及总统女儿的寄生虫 并破坏阴谋救出总统女儿在政府内部名声大噪 期间在电影生化危机诅咒和恶化里多次对抗生化 并被下一任总统亚当重用 志同意合决定揭露浣熊市真相 但总统被以首席国家安全顾问西蒙斯为首的神秘家族刺杀 并诬陷自己为凶手 而老朋友艾达似乎也遭遇了问题 最终不断的逃亡和调查终于击败西蒙斯并证明一身清白 然后因为其形象在游戏界深受欢迎 2009年 任天堂力量将他列为他们第14位最喜爱的任天堂游戏英雄 在2011年的吉尼斯世界纪录玩家版中 被投票成为最佳电子游戏人物的第36位 2012年 在GamesRadar的电子游戏中 最有影响力和最无法无天 的英雄投票中 位列第11位 在 帝国杂志 的50大电子游戏人物名单中 排名第44位里昂 斯科特 肯尼迪呢 差点误会了,剧情,正面
793,793,2026-02-28,神作！,推荐,15.7,34,93,神作,情怀,正面
794,794,2026-02-28,好玩,推荐,13.1,12,171,好玩,玩法,正面
795,795,2026-02-28,虽然不恐怖，但我今天睡觉都得想起小女孩要来找我玩,推荐,13.7,27,186,虽然不恐怖 但我今天睡觉都得想起小女孩要来找我玩,剧情,正面
796,796,2026-02-28,超级好玩，恐怖刺激,推荐,9.5,48,107,超级好玩 恐怖刺激,玩法,正面
797,797,2026-02-28,总流程有点短，但是好玩，期待生化10,推荐,12.7,48,157,总流程有点短 但是好玩 期待生化10,剧情,正面
798,798,2026-02-28,我去，今天才发现原来我不是里昂斯科特肯尼迪，怎么之前没人跟我说,推荐,11.9,12,21,我去 今天才发现原来我不是里昂斯科特肯尼迪 怎么之前没人跟我说,情怀,正面
799,799,2026-02-28,好玩！等了好几个月，终于玩到了！,推荐,13.5,15,24,好玩 等了好几个月 终于玩到了,情怀,正面
800,800,2026-02-28,好游戏就是流程有点短 里昂帅麻了,推荐,13.9,44,153,好游戏就是流程有点短 里昂帅麻了,情怀,正面
801,801,2026-02-28,好玩 真你妈的好玩 虽然现在才刚到浣熊市 期待通关,推荐,8.0,13,72,好玩 真你妈的好玩 虽然现在才刚到浣熊市 期待通关,玩法,正面
802,802,2026-02-28,"[h2] 这是我第一次给我最喜欢的游戏系列打差评 [/h2]
9h26m通关，非常失望的一部作品，生化9在我心中，全系列排名倒数第一。

[h3] 令人失望的解密 [/h3]
“解密”是生化危机系列不可或缺的一部分，甚至可以任何一部作品中找到解密的影子。生化9的解密做得相当差，贯穿了整个主线剧情，每一个解密都是反反复复来回折腾，完全就是折磨玩家，生化4的解密就很优秀，自己家的东西为什么连抄都不会呢？更不用说《神秘海域》《战神123》《塞尔达》的解密了，连人家的屁都闻不到…

[h3] 取其糟粕，去其精华的动作系统 [/h3]
….我从来没这么无语，生化456都有的“QTE闪避”在安魂曲中居然被删了….！boss向你攻击的时候只能主动奔跑躲避，我真的不知道制作人的猪脑是怎么想的，让玩家主动放弃攻击欲望，上一个让我这么干的游戏是《艾尔登法环》，如果不是里昂，我还以为我在玩魂。

[h3] 可悲的镜头语言和剧情 [/h3]
这是最让我无法忍受的地方，安魂曲的黑暗画面至少占了全剧情的90%！！！所有的恐怖画面只能靠Jump Scare，I have NO idea里昂是怎么感染的。进入浣熊市以后出现了莫名其妙的蜘蛛和植物，而且剧情里没有一丁点解释，你好歹告诉我来源吧？

总结：失望透顶，我没想到2026年还能做出不如前作的东西出来，既不恐怖，也没有战斗爽、没有QTE，全程都在黑暗中像个老鼠人艰难蹲过…难道RE4·remake真的是巅峰了吗？",不推荐,14.4,3,112,h2 这是我第一次给我最喜欢的游戏系列打差评 h2 9h26m通关 非常失望的一部作品 生化9在我心中 全系列排名倒数第一 h3 令人失望的解密 h3 解密 是生化危机系列不可或缺的一部分 甚至可以任何一部作品中找到解密的影子 生化9的解密做得相当差 贯穿了整个主线剧情 每一个解密都是反反复复来回折腾 完全就是折磨玩家 生化4的解密就很优秀 自己家的东西为什么连抄都不会呢 更不用说 神秘海域 战神123 塞尔达 的解密了 连人家的屁都闻不到 h3 取其糟粕 去其精华的动作系统 h3 我从来没这么无语 生化456都有的 QTE闪避 在安魂曲中居然被删了 boss向你攻击的时候只能主动奔跑躲避 我真的不知道制作人的猪脑是怎么想的 让玩家主动放弃攻击欲望 上一个让我这么干的游戏是 艾尔登法环 如果不是里昂 我还以为我在玩魂 h3 可悲的镜头语言和剧情 h3 这是最让我无法忍受的地方 安魂曲的黑暗画面至少占了全剧情的90 所有的恐怖画面只能靠Jump Scare I have NO idea里昂是怎么感染的 进入浣熊市以后出现了莫名其妙的蜘蛛和植物 而且剧情里没有一丁点解释 你好歹告诉我来源吧 总结 失望透顶 我没想到2026年还能做出不如前作的东西出来 既不恐怖 也没有战斗爽 没有QTE 全程都在黑暗中像个老鼠人艰难蹲过 难道RE4 remake真的是巅峰了吗,玩法,负面
803,803,2026-02-28,一直期待，没看偷跑视频，就为第一时间玩，目前玩了8小时就是生化那个味，玩完就看纯黑，随义的实况。,推荐,7.8,20,79,一直期待 没看偷跑视频 就为第一时间玩 目前玩了8小时就是生化那个味 玩完就看纯黑 随义的实况,情怀,正面
804,804,2026-02-28,good,推荐,13.0,35,44,good,其他,正面
805,805,2026-02-28,无需多言,推荐,12.4,29,88,无需多言,其他,正面
806,806,2026-02-28,好玩，爱玩。双视角切换不同风格真的绝了，先让你恐怖压抑再让你枪枪爆头,推荐,13.8,23,32,好玩 爱玩 双视角切换不同风格真的绝了 先让你恐怖压抑再让你枪枪爆头,玩法,正面
807,807,2026-02-28,卡普空nb，整个流程最喜欢的是格蕾丝线，唯一感觉差点意思的是里昂进浣熊市中心前那里有点折磨，其余部分真的做得很好，一口气打完了好爽好爽。,推荐,14.8,40,49,卡普空nb 整个流程最喜欢的是格蕾丝线 唯一感觉差点意思的是里昂进浣熊市中心前那里有点折磨 其余部分真的做得很好 一口气打完了好爽好爽,剧情,正面
808,808,2026-02-28,TNND，玩完序章我就想问，fbi心理素质就这么差么？找的替考吧！,推荐,1.1,5,114,TNND 玩完序章我就想问 fbi心理素质就这么差么 找的替考吧,剧情,正面
809,809,2026-02-28,"剧情烂完了
首先就这个假威斯克，从戏剧性上来说，威斯克和里昂交集几乎没有，也没碰过面，硬要说两人的关系就是艾达曾经是威斯克手下，九代里昂作为主角重返浣熊市，没有艾达，弄个假威斯克是何意味，就单纯蹭以前的人设，也不管创作出来角色之间效果好不好，而且最后假威斯克还死的跟小丑 m一样，这个角色拿出来和克里斯配戏不是更有效果？
还有bsaa一队人死在浣熊市好几年，没人收尸，没人管，装备和设施也都不要了，就算克里斯和本部闹分裂，也不至于派出的人联系断了就不管了吧，就单纯的设计能让里昂有补给用编出那么一段顾头不顾腚的桥段。
还有新角色强行和里昂起冲突的桥段，先不管里昂救过你几次吧，维克多可是把你妈杀了，这事你又不是不知道，还能跟维克多走，典型的结局写好了过程就随便糊弄
这作依然是典型的虎头蛇尾 开局都不错 加上宣传的天花乱坠 结果越玩越蛋疼 反派就是俩翻版的跳梁小丑玩cos 结局果不其然还是巨型大便状态 真没活了 还是好好做重置吧我看",不推荐,9.2,38,47,剧情烂完了 首先就这个假威斯克 从戏剧性上来说 威斯克和里昂交集几乎没有 也没碰过面 硬要说两人的关系就是艾达曾经是威斯克手下 九代里昂作为主角重返浣熊市 没有艾达 弄个假威斯克是何意味 就单纯蹭以前的人设 也不管创作出来角色之间效果好不好 而且最后假威斯克还死的跟小丑 m一样 这个角色拿出来和克里斯配戏不是更有效果 还有bsaa一队人死在浣熊市好几年 没人收尸 没人管 装备和设施也都不要了 就算克里斯和本部闹分裂 也不至于派出的人联系断了就不管了吧 就单纯的设计能让里昂有补给用编出那么一段顾头不顾腚的桥段 还有新角色强行和里昂起冲突的桥段 先不管里昂救过你几次吧 维克多可是把你妈杀了 这事你又不是不知道 还能跟维克多走 典型的结局写好了过程就随便糊弄 这作依然是典型的虎头蛇尾 开局都不错 加上宣传的天花乱坠 结果越玩越蛋疼 反派就是俩翻版的跳梁小丑玩cos 结局果不其然还是巨型大便状态 真没活了 还是好好做重置吧我看,剧情,负面
810,810,2026-02-28,"爽 简直太好玩了；

看到本作跟生化5&6相关的素材后我就知道肯定要出这两部的重置啦！",推荐,13.0,12,121,爽 简直太好玩了 看到本作跟生化5 6相关的素材后我就知道肯定要出这两部的重置啦,情怀,正面
811,811,2026-02-28,封神之作 格蕾丝的恐怖氛围很好 就像RE2跟RE7一样 里昂就是加强版的RE4 总体流程下来质量都非常高 还能回溯到浣熊市的记忆 那个警察局 那份记忆 那些回不去的过往 都一一呈现在眼前 力推该作,推荐,14.9,46,105,封神之作 格蕾丝的恐怖氛围很好 就像RE2跟RE7一样 里昂就是加强版的RE4 总体流程下来质量都非常高 还能回溯到浣熊市的记忆 那个警察局 那份记忆 那些回不去的过往 都一一呈现在眼前 力推该作,情怀,正面
812,812,2026-02-28,恐怖气氛拉满 让我回到了大学时代玩恐怖游戏的岁月！,推荐,12.4,11,170,恐怖气氛拉满 让我回到了大学时代玩恐怖游戏的岁月,情怀,正面
813,813,2026-02-28,我真他妈服了，能不能别弄个胆小如鼠一惊一乍还体弱的女主恶心我，下一部我帮你设计主角团，像GTA一样三主角，每个都是两心三肺的肌肉壮汉，不是喜欢逼着玩家抠搜省子弹吗？这下手枪你都多余给我,推荐,6.3,7,116,我真他妈服了 能不能别弄个胆小如鼠一惊一乍还体弱的女主恶心我 下一部我帮你设计主角团 像GTA一样三主角 每个都是两心三肺的肌肉壮汉 不是喜欢逼着玩家抠搜省子弹吗 这下手枪你都多余给我,玩法,正面
814,814,2026-02-28,PC首发第一时间通关。个人感觉是RE引擎生化系列目前第二佳（生四是卡普空永远翻不过去的高山）。与其说是双主角，玩Grace和Leon，但实际上你在玩生二的Leon和生四的Leon。如果真如卡普空所说为Leon主角的最后一部生化，那么可以说这一作是在对这个三十岁IP最重要的男主角生涯的富有诚意的致敬。在二代、四代、七代之后卡普空可能很难再在这个系列上实现某些开创性的想法，但我认为这一代已经算是该系列相当扎实且优秀的一作了。,推荐,15.6,4,13,PC首发第一时间通关 个人感觉是RE引擎生化系列目前第二佳 生四是卡普空永远翻不过去的高山 与其说是双主角 玩Grace和Leon 但实际上你在玩生二的Leon和生四的Leon 如果真如卡普空所说为Leon主角的最后一部生化 那么可以说这一作是在对这个三十岁IP最重要的男主角生涯的富有诚意的致敬 在二代 四代 七代之后卡普空可能很难再在这个系列上实现某些开创性的想法 但我认为这一代已经算是该系列相当扎实且优秀的一作了,情怀,正面
815,815,2026-02-28,"完美诠释了什么叫“公式找对，数字也套对了”——它几乎继承了从原版4代到8代，外加两部《启示录》的所有优点。如果你是从来没接触过《生化危机》系列的新手，那我真的觉得，没有哪一作比这代更适合入门了。
相比21的生8 23年的Re4，画质进步不明显，很多细节的美术资源处理甚至低于预期，或者说并不惊艳，生化危机曾经那种画质不是断档领先，但永远小巧精致、经得起细看的设计感，优势已经并不明显了。
正如前面所说的，我认为最大的缺点就是公式，所有场景里的所有布置，在我第一次进入的时候就知道它是干什么的它会发生什么了，甚至我会反复经过这里几次心里都大概有数了--------疗养院的演出和游玩节奏实在和Re2的前期警察局太像了。很显然卡普空扬长避短了了每一代生化前期箱庭探索的元素，规避了生7岳父家的过于恐怖，Re3浣熊市街道的充沛补给,生8城堡的简单线性，启示录一的场景过于跳脱巨大，不论从解密节奏还是场景美术风格，你可以在它身上找到每一部生化危机的影子，但正如我前面所说这一部的resident部分，它的缺点似乎真的太像太像Re2和启示录二了，抛开序章的街道场景，如果你不太了解系列背景，你很难分清：这到底是90年代的浣熊市警局？2000年初的西班牙小岛实验室？2010年代初的泽诺比亚女王号？还是2026年的疗养院？因为美术永远是那一套换汤不换药的路数——从布满机关的“洋馆”解谜开道，进入工业风的地下区域，最后钻出一个高科技秘密实验室……剧情推进也标准得令人安心：开局被掳走，自救途中靠文件拼凑阴谋，中期偶遇反派听他自述野心，最后搅局成功，BOSS巨大化变身收尾。它已经不太像一场充满未知的冒险了，本作最大的惊喜也许是疗养院开始第三人称视角下格蕾丝会在逃跑路上的踉跄趴地，相比Re2和七代，这才是真二八经的新人菜鸟的体验——狼狈、笨拙，最后在勇气与责任中成长。
他的功过似乎正是它的美术一样正是“一切都如预期的完美”，对我来说比不上他开创性的原版4代和惊为天人的7代以及Re2,可能是这是9年来对re引擎表现的“审美疲劳”，我会把他排在7代和RE2代原版4代之后，与8代RE4和启示录一持平
(顺带一提，我认为一名普通生化老粉如果不特意停下欣赏细节收集全文件和道具的话，标准难度初见应该只有8个小时以内的流程，与其说是9代的初见，不如说是隔了很多年没碰的re2 启示录的多周目，因为真的，太熟练了：）",推荐,8.7,3,12,完美诠释了什么叫 公式找对 数字也套对了 它几乎继承了从原版4代到8代 外加两部 启示录 的所有优点 如果你是从来没接触过 生化危机 系列的新手 那我真的觉得 没有哪一作比这代更适合入门了 相比21的生8 23年的Re4 画质进步不明显 很多细节的美术资源处理甚至低于预期 或者说并不惊艳 生化危机曾经那种画质不是断档领先 但永远小巧精致 经得起细看的设计感 优势已经并不明显了 正如前面所说的 我认为最大的缺点就是公式 所有场景里的所有布置 在我第一次进入的时候就知道它是干什么的它会发生什么了 甚至我会反复经过这里几次心里都大概有数了 疗养院的演出和游玩节奏实在和Re2的前期警察局太像了 很显然卡普空扬长避短了了每一代生化前期箱庭探索的元素 规避了生7岳父家的过于恐怖 Re3浣熊市街道的充沛补给 生8城堡的简单线性 启示录一的场景过于跳脱巨大 不论从解密节奏还是场景美术风格 你可以在它身上找到每一部生化危机的影子 但正如我前面所说这一部的resident部分 它的缺点似乎真的太像太像Re2和启示录二了 抛开序章的街道场景 如果你不太了解系列背景 你很难分清 这到底是90年代的浣熊市警局 2000年初的西班牙小岛实验室 2010年代初的泽诺比亚女王号 还是2026年的疗养院 因为美术永远是那一套换汤不换药的路数 从布满机关的 洋馆 解谜开道 进入工业风的地下区域 最后钻出一个高科技秘密实验室 剧情推进也标准得令人安心 开局被掳走 自救途中靠文件拼凑阴谋 中期偶遇反派听他自述野心 最后搅局成功 BOSS巨大化变身收尾 它已经不太像一场充满未知的冒险了 本作最大的惊喜也许是疗养院开始第三人称视角下格蕾丝会在逃跑路上的踉跄趴地 相比Re2和七代 这才是真二八经的新人菜鸟的体验 狼狈 笨拙 最后在勇气与责任中成长 他的功过似乎正是它的美术一样正是 一切都如预期的完美 对我来说比不上他开创性的原版4代和惊为天人的7代以及Re2 可能是这是9年来对re引擎表现的 审美疲劳 我会把他排在7代和RE2代原版4代之后 与8代RE4和启示录一持平 顺带一提 我认为一名普通生化老粉如果不特意停下欣赏细节收集全文件和道具的话 标准难度初见应该只有8个小时以内的流程 与其说是9代的初见 不如说是隔了很多年没碰的re2 启示录的多周目 因为真的 太熟练了,玩法,正面
816,816,2026-02-28,确实好玩,推荐,11.1,28,37,确实好玩,玩法,正面
817,817,2026-02-28,"有里昂在的生化危机，那就是好的生化危机
",推荐,8.3,26,35,有里昂在的生化危机 那就是好的生化危机,情怀,正面
818,818,2026-02-28,卡表现在是萝莉控厂商，专门搞一个萝莉身材的女主，然后还让萝莉变成萝莉妈妈，卡表太变态了。,推荐,12.9,3,62,卡表现在是萝莉控厂商 专门搞一个萝莉身材的女主 然后还让萝莉变成萝莉妈妈 卡表太变态了,剧情,正面
819,819,2026-02-28,这不挺好的游戏，除了子弹有点不够用之外,推荐,9.5,22,181,这不挺好的游戏 除了子弹有点不够用之外,玩法,正面
820,820,2026-02-28,最好玩的生化危机超强的战斗和体术优化也很顶好玩的,推荐,2.6,17,126,最好玩的生化危机超强的战斗和体术优化也很顶好玩的,玩法,正面
821,821,2026-02-28,15个小时初见通关，生化危机全系列都玩过说下评价吧，总的来说能给到8.5/10，算的上佳作，神作勉强沾边（前期），中后期有水时长的嫌疑，尤其是各种找钥匙开门，找电池通电，有点太重复了，相比之下我更喜欢去解密，但这代解谜约等于木有，反派塑造有点水说实话，不过缝了以往系列很多东西，而且还有里昂战斗爽，对于系列死忠粉大大加分属于是，好结局包饺子，算是平稳落地吧（优化对比以往比较一般，经常掉帧，不过bug不多，就见过一个,推荐,15.8,33,192,15个小时初见通关 生化危机全系列都玩过说下评价吧 总的来说能给到8 5 10 算的上佳作 神作勉强沾边 前期 中后期有水时长的嫌疑 尤其是各种找钥匙开门 找电池通电 有点太重复了 相比之下我更喜欢去解密 但这代解谜约等于木有 反派塑造有点水说实话 不过缝了以往系列很多东西 而且还有里昂战斗爽 对于系列死忠粉大大加分属于是 好结局包饺子 算是平稳落地吧 优化对比以往比较一般 经常掉帧 不过bug不多 就见过一个,玩法,正面
822,822,2026-02-28,里昂的流程也太短了，为什么会觉得我们会介意再玩一遍量大管饱的生4呢，都到警察局旁边的枪店了，回忆居然给老板的都不给个王阿姨的，剧情到头来又是在挖坑，下一部又等着整生6复仇者集结是吧。,不推荐,11.6,23,32,里昂的流程也太短了 为什么会觉得我们会介意再玩一遍量大管饱的生4呢 都到警察局旁边的枪店了 回忆居然给老板的都不给个王阿姨的 剧情到头来又是在挖坑 下一部又等着整生6复仇者集结是吧,剧情,负面
823,823,2026-02-28,前期憋屈完用leno大杀特杀 战斗爽战斗爽战斗爽战斗爽战斗爽 第一人称更有代入感 这一作无敌！,推荐,11.4,32,141,前期憋屈完用leno大杀特杀 战斗爽战斗爽战斗爽战斗爽战斗爽 第一人称更有代入感 这一作无敌,玩法,正面
824,824,2026-02-28,"明明是个恐怖游戏，格蕾丝一出来我满脑子都是“好漂亮”———然后被丧尸咬死，格蕾丝满分!!
强烈推荐第一人称玩格蕾丝，视听效果超棒
然后切到李三光，直接画风突变，第三人称就是冲冲冲，什么资源管理什么潜行，不存在的。网上说三光五十岁了还在打丧尸，我只想说：五十岁正是闯的年纪，还有那个被咬的表情包谁看了，一脸“爽到了”是什么鬼",推荐,8.0,14,123,明明是个恐怖游戏 格蕾丝一出来我满脑子都是 好漂亮 然后被丧尸咬死 格蕾丝满分 强烈推荐第一人称玩格蕾丝 视听效果超棒 然后切到李三光 直接画风突变 第三人称就是冲冲冲 什么资源管理什么潜行 不存在的 网上说三光五十岁了还在打丧尸 我只想说 五十岁正是闯的年纪 还有那个被咬的表情包谁看了 一脸 爽到了 是什么鬼,画面,正面
825,825,2026-02-28,卡表你最好没真把汉克写死,推荐,13.3,45,204,卡表你最好没真把汉克写死,剧情,正面
826,826,2026-02-28,耗玩！！！,推荐,1.9,26,35,耗玩,其他,正面
827,827,2026-02-28,感觉比4代还好玩，M站应该90分,推荐,4.5,33,92,感觉比4代还好玩 M站应该90分,玩法,正面
828,828,2026-02-28,不知道未来还有没有机会跟里昂并肩作战,推荐,15.3,30,189,不知道未来还有没有机会跟里昂并肩作战,情怀,正面
829,829,2026-02-28,剧情有点抽象，其他的还行,推荐,13.1,38,147,剧情有点抽象 其他的还行,剧情,正面
830,830,2026-02-28,很值，里昂线延续了4代的爽 好玩，格蕾丝线有点像re2恐怖感很到位。疗养院的剧情很像当年浣熊市rpd警察局。总结一部优秀的re续作，情怀拉满,推荐,6.0,19,78,很值 里昂线延续了4代的爽 好玩 格蕾丝线有点像re2恐怖感很到位 疗养院的剧情很像当年浣熊市rpd警察局 总结一部优秀的re续作 情怀拉满,情怀,正面
831,831,2026-02-28,伟大无需多言,推荐,11.3,48,107,伟大无需多言,情怀,正面
832,832,2026-02-28,完美！,推荐,10.5,8,117,完美,其他,正面
833,833,2026-02-28,"刚上大街开无双 下一章 刚进医院练残心 下一章 
边上观看的女友一直吐槽多扫兴啊没爽够就完了 像昨晚那样.
 ""还好啊 近战挺爽......啊?""",推荐,4.4,47,106,刚上大街开无双 下一章 刚进医院练残心 下一章 边上观看的女友一直吐槽多扫兴啊没爽够就完了 像昨晚那样 还好啊 近战挺爽 啊,玩法,正面
834,834,2026-02-28,通关之后的感觉很特别，标准的流程，但是画质与玩法更为进步，在我心中是个很完美的一部续作。格蕾丝篇的恐怖压迫对于我来说适中，有挑战性，解谜也是标准的系列特色，谈不上深度，游戏体验节奏很舒适，味道很足。里昂篇则是一贯战斗爽，各种处决动作，展示某卡的打击感，加上里昂凹造型装逼却又感觉不尬刚刚好，这个男人的魅力还是太高了。重回警察局的记忆闪回，加上暴君扛着音响来干架，这个感觉真对了，这是对系列粉丝的奖励，很多细节让我们看到了里昂的变化，浣熊市的变化，同时也看到了玩家对系列作品的感受变化，一切都刚刚好。有拼刀和枪械暴击的爽，又有合适的恐怖元素，谈不上多神，但是我很喜欢，优化和画面表现没问题，最起码看到这个系列还在发光，希望以后生化作品都按照这个水准来！,推荐,12.8,44,103,通关之后的感觉很特别 标准的流程 但是画质与玩法更为进步 在我心中是个很完美的一部续作 格蕾丝篇的恐怖压迫对于我来说适中 有挑战性 解谜也是标准的系列特色 谈不上深度 游戏体验节奏很舒适 味道很足 里昂篇则是一贯战斗爽 各种处决动作 展示某卡的打击感 加上里昂凹造型装逼却又感觉不尬刚刚好 这个男人的魅力还是太高了 重回警察局的记忆闪回 加上暴君扛着音响来干架 这个感觉真对了 这是对系列粉丝的奖励 很多细节让我们看到了里昂的变化 浣熊市的变化 同时也看到了玩家对系列作品的感受变化 一切都刚刚好 有拼刀和枪械暴击的爽 又有合适的恐怖元素 谈不上多神 但是我很喜欢 优化和画面表现没问题 最起码看到这个系列还在发光 希望以后生化作品都按照这个水准来,情怀,正面
835,835,2026-02-28,"非常好玩
",推荐,13.9,50,159,非常好玩,玩法,正面
836,836,2026-02-28,可以,推荐,14.9,1,160,可以,其他,正面
837,837,2026-02-28,对里昂的热爱从生2开始一发不可收拾，由此延伸到慢慢了解每一部生化和每一个角色，希望生化能够一直开发下去，给我今后的生活中带来与众不同的体验。,推荐,13.8,3,162,对里昂的热爱从生2开始一发不可收拾 由此延伸到慢慢了解每一部生化和每一个角色 希望生化能够一直开发下去 给我今后的生活中带来与众不同的体验,情怀,正面
838,838,2026-02-28,"熬夜通关生化危机9：安魂曲，以下有剧透内容，如果不想破坏惊喜，请看到这句话直接划开！！！
纵观个人接触生化危机这部系列作品的一生：小学5年级新年在舅舅的iphone4s上玩到原版4代，再到初二接触电脑玩到的生化5，到生6，高中的生7，重置2，3，大学生8，毕业重置4，再到出社会2年多的生9，我也陪老昂子的特工生涯大半啦，虽然不及真正的老资历，不过也是感触良多，在7，8代升华伊森父爱的同时也引出了克里斯的回归，个人感觉新时代的生化7是创新，8剧情真是巅峰，dlc把伊森塑造的爱护女儿形象进一步推至顶点，而本作虽然在剧情塑造上没有打磨好格蕾丝这位新角，但是老角色回归这块情怀拉满没得说。
一、先说优点吧：
（1）本作绝对是绝对情怀向作品，看着里昂和克莱尔救出的雪莉在6代以后再次露面，已经成长为独当一面的特工真是百感交集（所以说我杰克已经被遗忘了？），里昂就不必多说，生2里幽灵生还者的死神汉克作为一个精英怪登场有点意外（不过感觉结局有点草率？），选择拿出Elpis的话最后还会听到BSAA提到克里斯要见里昂真的太惊喜！这两人给我印象最深刻的就是在生6里面的打架那段，一个经典猛男形象和帅哥特工的对抗，两个人也是谁也不服谁（大男孩说是，那种神秘的争强好胜感），死亡岛的神秘并肩作战可以忽略，讲真那电影让每代主角露个脸除此之外无他了（一言难尽）。
（2）经典越肩视角（坦克移动和摄像头领域大神就不提了），神秘的找钥匙、保险丝环节应有尽有，格子危机回归。
（3）里昂的狂野飙车那关确实爽，无限子弹的同时有种公路片追逐感，还挺有意思，风景的多场景过渡也比较喜欢。
二、缺点（纯主观，想喷随意）：
（1）小怪巨巨巨肉，生2的振金头骨丧尸回归的同时还强化成艾德曼合金身躯，打头7，8枪不死都是常态，变成蕾塞形态更是肉到发昏，满改喷子近身腰射全弹丸打中3，4枪不死，抡着斧头砍十几下，丧尸血狂飙不止，除了能看出来丧尸出了淤血，根本没感觉受伤（tmd从jojo里出来的是吧，狂喷血实际小伤），甚至还能给你两下，伤害还不低。
（2）蜜汁近战机制，特别是里昂拿战术斧的时候，格挡时机判定奇妙有时候对面抬手就防可以，有时候又不行，砍怪不论是按左键轻击还是按住空格左键的重击，都容易雨露均沾，然后被围起来一顿咬。
（3）刷怪机制不太行，会出现神秘墙角杀（概率跑图发昏），不过遇到过2次刷怪在脸上一堆，然后被围到死角一顿咬，特别格蕾丝关，要不是我把所有资源都用在提升生命值而不是枪械伤害上面早就被咬死了，电闸那关抱着艾米莉被6，7个丧尸咬到昏厥〒▽〒
（4）神秘的距离补偿机制，有时候想绕过丧尸，结果明明看着还有距离，直接开始播放qte动画，主角就突然违和地与丧尸吸附在了一起（？）然后开始被咬得大叫，遇到过好几次这样，真的头晕(:3_ヽ)_
（5）疯狂虐待老头！tmd克里斯在回归片场真的一点鳖没吃，而且还体壮如牛，顺便收了个天神做女儿。反观老昂头这里，被病毒感染到一直咳，走路大喘气到后面上不来气的声音，真的听得贼难受，30多年特工生涯终究还是磨损了超人一样的身躯，唉，真的唏嘘，虽然也不算缺点吧，毕竟最后因为血清重返青春，不过前面真的是捏了把汗，我真以为要噶了给毒二代们让路开辟新篇章，不过还好没献祭！我感谢卡普空！ ദ്ദിᵔ.˛.ᵔ₎✧
三、总评：我个人觉得综合下来8分肯定是有的，媒体均分9.5我管不着，因为主要是想还原7的恐怖氛围又没到位，又想照顾前几作入坑的玩家继续爽又“寸止”，两边都没就到，反而显得不伦不类，一句话就是：前面玩得憋屈，后面又没爽起来，麻完了。
四、期待后续重置作品和新作吧，卡普空求你拿走我的钱吧，赶紧端上来，真的等不及要品鉴一下力！🥰",推荐,9.4,27,36,熬夜通关生化危机9 安魂曲 以下有剧透内容 如果不想破坏惊喜 请看到这句话直接划开 纵观个人接触生化危机这部系列作品的一生 小学5年级新年在舅舅的iphone4s上玩到原版4代 再到初二接触电脑玩到的生化5 到生6 高中的生7 重置2 3 大学生8 毕业重置4 再到出社会2年多的生9 我也陪老昂子的特工生涯大半啦 虽然不及真正的老资历 不过也是感触良多 在7 8代升华伊森父爱的同时也引出了克里斯的回归 个人感觉新时代的生化7是创新 8剧情真是巅峰 dlc把伊森塑造的爱护女儿形象进一步推至顶点 而本作虽然在剧情塑造上没有打磨好格蕾丝这位新角 但是老角色回归这块情怀拉满没得说 一 先说优点吧 1 本作绝对是绝对情怀向作品 看着里昂和克莱尔救出的雪莉在6代以后再次露面 已经成长为独当一面的特工真是百感交集 所以说我杰克已经被遗忘了 里昂就不必多说 生2里幽灵生还者的死神汉克作为一个精英怪登场有点意外 不过感觉结局有点草率 选择拿出Elpis的话最后还会听到BSAA提到克里斯要见里昂真的太惊喜 这两人给我印象最深刻的就是在生6里面的打架那段 一个经典猛男形象和帅哥特工的对抗 两个人也是谁也不服谁 大男孩说是 那种神秘的争强好胜感 死亡岛的神秘并肩作战可以忽略 讲真那电影让每代主角露个脸除此之外无他了 一言难尽 2 经典越肩视角 坦克移动和摄像头领域大神就不提了 神秘的找钥匙 保险丝环节应有尽有 格子危机回归 3 里昂的狂野飙车那关确实爽 无限子弹的同时有种公路片追逐感 还挺有意思 风景的多场景过渡也比较喜欢 二 缺点 纯主观 想喷随意 1 小怪巨巨巨肉 生2的振金头骨丧尸回归的同时还强化成艾德曼合金身躯 打头7 8枪不死都是常态 变成蕾塞形态更是肉到发昏 满改喷子近身腰射全弹丸打中3 4枪不死 抡着斧头砍十几下 丧尸血狂飙不止 除了能看出来丧尸出了淤血 根本没感觉受伤 tmd从jojo里出来的是吧 狂喷血实际小伤 甚至还能给你两下 伤害还不低 2 蜜汁近战机制 特别是里昂拿战术斧的时候 格挡时机判定奇妙有时候对面抬手就防可以 有时候又不行 砍怪不论是按左键轻击还是按住空格左键的重击 都容易雨露均沾 然后被围起来一顿咬 3 刷怪机制不太行 会出现神秘墙角杀 概率跑图发昏 不过遇到过2次刷怪在脸上一堆 然后被围到死角一顿咬 特别格蕾丝关 要不是我把所有资源都用在提升生命值而不是枪械伤害上面早就被咬死了 电闸那关抱着艾米莉被6 7个丧尸咬到昏厥 4 神秘的距离补偿机制 有时候想绕过丧尸 结果明明看着还有距离 直接开始播放qte动画 主角就突然违和地与丧尸吸附在了一起 然后开始被咬得大叫 遇到过好几次这样 真的头晕 3 ヽ 5 疯狂虐待老头 tmd克里斯在回归片场真的一点鳖没吃 而且还体壮如牛 顺便收了个天神做女儿 反观老昂头这里 被病毒感染到一直咳 走路大喘气到后面上不来气的声音 真的听得贼难受 30多年特工生涯终究还是磨损了超人一样的身躯 唉 真的唏嘘 虽然也不算缺点吧 毕竟最后因为血清重返青春 不过前面真的是捏了把汗 我真以为要噶了给毒二代们让路开辟新篇章 不过还好没献祭 我感谢卡普空 ദ ദ ᵔ ᵔ 三 总评 我个人觉得综合下来8分肯定是有的 媒体均分9 5我管不着 因为主要是想还原7的恐怖氛围又没到位 又想照顾前几作入坑的玩家继续爽又 寸止 两边都没就到 反而显得不伦不类 一句话就是 前面玩得憋屈 后面又没爽起来 麻完了 四 期待后续重置作品和新作吧 卡普空求你拿走我的钱吧 赶紧端上来 真的等不及要品鉴一下力,情怀,正面
839,839,2026-02-28,在前两个小时的体验过来，我不会推荐非生化粉丝来玩这一款新作，我哪怕推荐生化三都不会推荐这款游戏，标准难度至少在我体验的前两个小时可以说格蕾丝视角资源完全不够，如果只是略微紧张我是可以接受的，如果你是生2身法老玩家，我非常推荐游玩，其他轻度、休闲、剧情，建议辅助模式，格蕾丝视角玩的感觉不像玩生化危机，想在一直玩生4碍事梨视角，甚至不如碍事梨视角玩的舒服，至少碍事梨那些怪好躲，能躲，线性，不需要规划路线,不推荐,2.5,38,97,在前两个小时的体验过来 我不会推荐非生化粉丝来玩这一款新作 我哪怕推荐生化三都不会推荐这款游戏 标准难度至少在我体验的前两个小时可以说格蕾丝视角资源完全不够 如果只是略微紧张我是可以接受的 如果你是生2身法老玩家 我非常推荐游玩 其他轻度 休闲 剧情 建议辅助模式 格蕾丝视角玩的感觉不像玩生化危机 想在一直玩生4碍事梨视角 甚至不如碍事梨视角玩的舒服 至少碍事梨那些怪好躲 能躲 线性 不需要规划路线,玩法,负面
840,840,2026-02-28,好玩,推荐,1.5,47,56,好玩,玩法,正面
841,841,2026-02-28,是的，我就是生化危机脑残粉！,推荐,14.0,43,102,是的 我就是生化危机脑残粉,情怀,正面
842,842,2026-02-28,"里昂 = 但丁 ，官方给正名。
手斧打磨 = 无限耐久 ，枪弹均多余。
射击强化 = 三枪爆头 ，喘气枪神顶。
血源炼金 = 越战越多，火毒大法师。

啥叫电锯对砍啊？？
舔舐者成杂兵了啊？？
子弹多的用不完啊？？
李三光全图找丧失杀啊？？

一本正经整活还得是你卡婊，这一作游戏性拉满。
剧情？吃书吃完了。

正经评价15hr一周目，躲猫猫不好玩，纯为剧情服务。其他方面无可挑剔。",推荐,15.6,26,185,里昂 但丁 官方给正名 手斧打磨 无限耐久 枪弹均多余 射击强化 三枪爆头 喘气枪神顶 血源炼金 越战越多 火毒大法师 啥叫电锯对砍啊 舔舐者成杂兵了啊 子弹多的用不完啊 李三光全图找丧失杀啊 一本正经整活还得是你卡婊 这一作游戏性拉满 剧情 吃书吃完了 正经评价15hr一周目 躲猫猫不好玩 纯为剧情服务 其他方面无可挑剔,玩法,正面
843,843,2026-02-28,"好玩，里昂线纯爽游，后边警察局情怀拉满，在里面多注意窗外，能看见豆腐僵尸的彩蛋
格蕾丝篇的恐怖氛围也很棒，但是资源感觉给的有点多了，打完疗养院兜里揣着七八根满血针出门。
几个病人的互动也很有意思
就是想不明白为啥格蕾丝一个成年人甚至都当上fbi了还像个小孩姐一样大喊大叫又哭又叫闹脾气的",推荐,12.2,6,65,好玩 里昂线纯爽游 后边警察局情怀拉满 在里面多注意窗外 能看见豆腐僵尸的彩蛋 格蕾丝篇的恐怖氛围也很棒 但是资源感觉给的有点多了 打完疗养院兜里揣着七八根满血针出门 几个病人的互动也很有意思 就是想不明白为啥格蕾丝一个成年人甚至都当上fbi了还像个小孩姐一样大喊大叫又哭又叫闹脾气的,剧情,正面
844,844,2026-02-28,挺不错，生化重置，出一个买一个，豪华送的女主外观和妆造挺好看的，玩着很爽，不够涩情下一部，能不能懂点事卡普空,推荐,19.5,5,64,挺不错 生化重置 出一个买一个 豪华送的女主外观和妆造挺好看的 玩着很爽 不够涩情下一部 能不能懂点事卡普空,情怀,正面
845,845,2026-02-28,好玩。的的确确有生存恐怖和战斗爽的双重体验。除了有一两段剧情过于逆天外，最大的槽点就是浣熊市地表的地图做的有点拉跨（和疗养院对比），不过对于一款低成本独立恐怖游戏来说能有这样的质量已经非常不错了:)。,推荐,11.8,24,133,好玩 的的确确有生存恐怖和战斗爽的双重体验 除了有一两段剧情过于逆天外 最大的槽点就是浣熊市地表的地图做的有点拉跨 和疗养院对比 不过对于一款低成本独立恐怖游戏来说能有这样的质量已经非常不错了,玩法,正面
846,846,2026-02-28,到浣熊市之后三光太带派,推荐,13.3,12,171,到浣熊市之后三光太带派,情怀,正面
847,847,2026-02-28,我愿意为了这个男人原谅这个游戏的所有缺点,推荐,12.7,37,196,我愿意为了这个男人原谅这个游戏的所有缺点,情怀,正面
848,848,2026-02-28,RE引擎太强了，这次的人体破坏效果很棒，如果还能加入像生化危机4那样的商人系统就好了,推荐,10.6,41,200,RE引擎太强了 这次的人体破坏效果很棒 如果还能加入像生化危机4那样的商人系统就好了,画面,正面
849,849,2026-02-28,希望有更多的后续DLC,推荐,12.4,47,156,希望有更多的后续DLC,其他,正面
850,850,2026-02-28,身为一名生化老粉，我可以负责任的为这款游戏打出95分，新颖的玩法，牛拜克拉死的里昂，不仅满足了我对生存恐怖和爽游的双重追求，又满足了我对情怀的追忆。时隔20多年，再次操控里昂跨进警察局，是只有老玩家才懂得的激动和情怀。,推荐,9.6,45,154,身为一名生化老粉 我可以负责任的为这款游戏打出95分 新颖的玩法 牛拜克拉死的里昂 不仅满足了我对生存恐怖和爽游的双重追求 又满足了我对情怀的追忆 时隔20多年 再次操控里昂跨进警察局 是只有老玩家才懂得的激动和情怀,情怀,正面
851,851,2026-02-28,好玩，爱玩,推荐,8.0,14,73,好玩 爱玩,玩法,正面
852,852,2026-02-28,系列的集大成之作（指全缝了），唯一缺点是流程还不够长后期方舟感觉有点赶工了,推荐,12.3,49,158,系列的集大成之作 指全缝了 唯一缺点是流程还不够长后期方舟感觉有点赶工了,玩法,正面
853,853,2026-02-28,里昂部分给我玩爽了,推荐,4.9,26,185,里昂部分给我玩爽了,情怀,正面
854,854,2026-02-28,流程体感上感觉比re4短一点，但是先进的画面和继承了re4的战斗系统再加上生存恐怖的格蕾丝关卡和动作感拉满的里昂关卡互补，整体来说还是质量很高的一作，生化粉必玩之作，期待dlc,推荐,12.5,17,126,流程体感上感觉比re4短一点 但是先进的画面和继承了re4的战斗系统再加上生存恐怖的格蕾丝关卡和动作感拉满的里昂关卡互补 整体来说还是质量很高的一作 生化粉必玩之作 期待dlc,画面,正面
855,855,2026-02-28,77年的我依旧是那么帅,推荐,14.9,7,166,77年的我依旧是那么帅,情怀,正面
856,856,2026-02-28,我的艾米莉小天使啊。,推荐,8.0,20,29,我的艾米莉小天使啊,情怀,正面
857,857,2026-02-28,历代以来最好玩的一部！迫击炮打丧尸，爽爆！老了的里昂还是帅爆了，格蕾丝美翻了！画质拉满细节太顶了！卡普空牛逼！,推荐,14.9,49,158,历代以来最好玩的一部 迫击炮打丧尸 爽爆 老了的里昂还是帅爆了 格蕾丝美翻了 画质拉满细节太顶了 卡普空牛逼,玩法,正面
858,858,2026-02-28,"没有什么是一发安魂解决不了的，如果有，就再来一发。（爽昏）
////////////////////////////////////////////////////////////////////////////////////////////
稳定发挥的续作，新创意有限，但是系列集大成作——恰到好处的箱庭探索，有效循环的资源分配，与探索战斗一体的经济系统，对未知的恐惧和重火力的暴力倾泻两种体验的交叉简直让人欲罢不能。本作体感上更像是对重制版2代风格的重新探索，我很喜欢。
里昂线简单粗暴，一路重火力从头到底打到尾，从没担心过资源问题。（爽昏）个人还蛮满意卡社对格蕾丝线的设计——面对即使1看起来死亡但仍会复活的敌人，格蕾丝有限的火力和匮乏的格子带来的生存压力一度爆大，而当我击败敌人并开始利用血液（机制）开始实现资源循环时，我只能说这种反复在死亡边际线上反复横跳的感觉的确很曼妙。
////////////////////////////////////////////////////////////////////////////////////////////
安魂:请输入文本。每当我走进未探索过的区域，而墙后又开始传来了未知物的阵阵嘶吼，一想到兜里的安魂和血剂，我的腰板瞬间挺直了起来。
",推荐,13.9,13,22,没有什么是一发安魂解决不了的 如果有 就再来一发 爽昏 稳定发挥的续作 新创意有限 但是系列集大成作 恰到好处的箱庭探索 有效循环的资源分配 与探索战斗一体的经济系统 对未知的恐惧和重火力的暴力倾泻两种体验的交叉简直让人欲罢不能 本作体感上更像是对重制版2代风格的重新探索 我很喜欢 里昂线简单粗暴 一路重火力从头到底打到尾 从没担心过资源问题 爽昏 个人还蛮满意卡社对格蕾丝线的设计 面对即使1看起来死亡但仍会复活的敌人 格蕾丝有限的火力和匮乏的格子带来的生存压力一度爆大 而当我击败敌人并开始利用血液 机制 开始实现资源循环时 我只能说这种反复在死亡边际线上反复横跳的感觉的确很曼妙 安魂 请输入文本 每当我走进未探索过的区域 而墙后又开始传来了未知物的阵阵嘶吼 一想到兜里的安魂和血剂 我的腰板瞬间挺直了起来,玩法,正面
859,859,2026-02-28,"里昂线牛批
女主脑瘫又弱鸡
像个大傻逼",推荐,9.8,43,152,里昂线牛批 女主脑瘫又弱鸡 像个大傻逼,剧情,正面
860,860,2026-02-28,好玩,推荐,8.5,44,153,好玩,玩法,正面
861,861,2026-02-28,"刚打完，爽阿！

咋说呢，问题没啥太大问题，这回是跑图太恶心人了，看地图都能找不到路呢种（特指里昂线浣熊市），除了这个基本上没啥太大问题了。
格蕾丝线物资太少，里昂线严格上来说算支线，不是主线，但是救不救里昂又会直接影响结局。其实整个剧情看来就是线性叙事且是固定大方向。

先说剧情吧，一笔带过后再结合游戏名讲讲含义。

我不按游戏叙事节奏走，因为那样会混淆很多剧情。
这回应该是书接上文，生化危机6，这回里昂的线上助手是雪莉，也就是生化危机2救下来的那个小女孩。
里昂为了结束这一切，也是四处打探线索，凑巧和格蕾丝顺路了；
格蕾丝是因为养母的死，为了调查真相，同意了上级的任务（说白了也是格蕾丝为了自己），路上被维克托（保护伞创始人的其中一个徒弟）抓走了，也是凑巧和里昂顺路了。

里昂一路上都在追格蕾丝，格蕾丝一路上要么在调查养母死的原因，要么就是被拐走了或者牵着鼻子走。开剧情主要还是格蕾丝。
整个游戏剧情都是在末尾体现了，前期中期没啥信息的。

格蕾丝的养母，其实是记者，当初采访了保护伞创始人，也是见到了原版的格蕾丝，格蕾丝原本就是一个路边被保护伞创始人收留的女婴，也是福大命大，让她误闯天家了，创始人是直接把格蕾丝当亲女儿养的，连他妈解药密码都只告诉她（由她养母的那个文件包得知）。
这里再说反派，威斯克克隆体泽诺是维克托的金主，为什么都来找格蕾丝，传闻说只有她知道密码，才能取出解药。传闻又说保护伞藏起来的那个解药，其实是可以控制人类思维的终极生物病毒武器。
结果只有看了当初采访视频的格蕾丝知道真相，创始人觉得自己做的太过了，有点愧疚，给全人类留下了后悔药，也就是解药。也就是说各方势力都被误导了，竹篮打水。送进去不知道多少人命。

也就是最后，格蕾丝给里昂打了解药，里昂自己给雪莉藏了一瓶解药，也就是雪莉也有救了。路上遇到的那个艾米莉，也就是格蕾丝线遇到的盲人小女孩（实际上是最接近原版格蕾丝的克隆体），最后被救出来了，本体是被包在肉球里的，也是最后成为了格蕾丝的养女。

这里着重说一下轮回，当初创始人死后，把格蕾丝交给了记者，记者死了。格蕾丝发现了与自己最接近的克隆体，最后救下后，也给她收养了。命运轮回属于是。

再结合游戏名安魂曲说说，安魂曲，这个词，本身是创始人在接受记者采访时，表达的一种愧疚，创始人希望解药会是死去的人的安魂曲，也就是说，让他们这些死人彻底死掉吧，别变丧尸了。
某种程度上来说，生化危机9安魂曲，其实是终章，也就是整个故事线的大结局，找到了创始人留下来的解药，人类可以彻底死去而不是受T病毒摆布。

不好说以后会不会出生化危机续作了，我估计以后都是炒冷饭了。

本作质量延续续作，不差阿，作为预购玩家，我可以放心告诉你，直接买，直接玩，真不亏。
打折买你就是赚。",推荐,14.3,48,57,刚打完 爽阿 咋说呢 问题没啥太大问题 这回是跑图太恶心人了 看地图都能找不到路呢种 特指里昂线浣熊市 除了这个基本上没啥太大问题了 格蕾丝线物资太少 里昂线严格上来说算支线 不是主线 但是救不救里昂又会直接影响结局 其实整个剧情看来就是线性叙事且是固定大方向 先说剧情吧 一笔带过后再结合游戏名讲讲含义 我不按游戏叙事节奏走 因为那样会混淆很多剧情 这回应该是书接上文 生化危机6 这回里昂的线上助手是雪莉 也就是生化危机2救下来的那个小女孩 里昂为了结束这一切 也是四处打探线索 凑巧和格蕾丝顺路了 格蕾丝是因为养母的死 为了调查真相 同意了上级的任务 说白了也是格蕾丝为了自己 路上被维克托 保护伞创始人的其中一个徒弟 抓走了 也是凑巧和里昂顺路了 里昂一路上都在追格蕾丝 格蕾丝一路上要么在调查养母死的原因 要么就是被拐走了或者牵着鼻子走 开剧情主要还是格蕾丝 整个游戏剧情都是在末尾体现了 前期中期没啥信息的 格蕾丝的养母 其实是记者 当初采访了保护伞创始人 也是见到了原版的格蕾丝 格蕾丝原本就是一个路边被保护伞创始人收留的女婴 也是福大命大 让她误闯天家了 创始人是直接把格蕾丝当亲女儿养的 连他妈解药密码都只告诉她 由她养母的那个文件包得知 这里再说反派 威斯克克隆体泽诺是维克托的金主 为什么都来找格蕾丝 传闻说只有她知道密码 才能取出解药 传闻又说保护伞藏起来的那个解药 其实是可以控制人类思维的终极生物病毒武器 结果只有看了当初采访视频的格蕾丝知道真相 创始人觉得自己做的太过了 有点愧疚 给全人类留下了后悔药 也就是解药 也就是说各方势力都被误导了 竹篮打水 送进去不知道多少人命 也就是最后 格蕾丝给里昂打了解药 里昂自己给雪莉藏了一瓶解药 也就是雪莉也有救了 路上遇到的那个艾米莉 也就是格蕾丝线遇到的盲人小女孩 实际上是最接近原版格蕾丝的克隆体 最后被救出来了 本体是被包在肉球里的 也是最后成为了格蕾丝的养女 这里着重说一下轮回 当初创始人死后 把格蕾丝交给了记者 记者死了 格蕾丝发现了与自己最接近的克隆体 最后救下后 也给她收养了 命运轮回属于是 再结合游戏名安魂曲说说 安魂曲 这个词 本身是创始人在接受记者采访时 表达的一种愧疚 创始人希望解药会是死去的人的安魂曲 也就是说 让他们这些死人彻底死掉吧 别变丧尸了 某种程度上来说 生化危机9安魂曲 其实是终章 也就是整个故事线的大结局 找到了创始人留下来的解药 人类可以彻底死去而不是受T病毒摆布 不好说以后会不会出生化危机续作了 我估计以后都是炒冷饭了 本作质量延续续作 不差阿 作为预购玩家 我可以放心告诉你 直接买 直接玩 真不亏 打折买你就是赚,剧情,正面
862,862,2026-02-28,好玩！,推荐,11.3,29,188,好玩,玩法,正面
863,863,2026-02-28,双主角+双视角  挺有意思的 4K分辨率+路径追踪 画质相当顶 女主挺漂亮的 前半部分女主解密还可以 后半部分切里昂就纯爽游了 直接化身战神模式  主打一个火力压制  缺点就是流程有点短 然后BOSS太少 最终BOSS几下就打死了 难度雀氏有点低了 还有一个槽点就是卡婊为什么在PC上不做PS5手柄的适配啊 没有触觉反馈+自适应扳机真的少了点味啊,推荐,14.8,31,40,双主角 双视角 挺有意思的 4K分辨率 路径追踪 画质相当顶 女主挺漂亮的 前半部分女主解密还可以 后半部分切里昂就纯爽游了 直接化身战神模式 主打一个火力压制 缺点就是流程有点短 然后BOSS太少 最终BOSS几下就打死了 难度雀氏有点低了 还有一个槽点就是卡婊为什么在PC上不做PS5手柄的适配啊 没有触觉反馈 自适应扳机真的少了点味啊,画面,正面
864,864,2026-02-28,"先说配置，5080，9900x，4k全高路径光追在浣熊市外围有压力，会出现明显的BUG卡顿，其他地方插帧基本160+
游戏还行，但需要DLC补充，而且没有特殊模式，希望卡普空未来能补上",推荐,16.9,36,45,先说配置 5080 9900x 4k全高路径光追在浣熊市外围有压力 会出现明显的BUG卡顿 其他地方插帧基本160 游戏还行 但需要DLC补充 而且没有特殊模式 希望卡普空未来能补上,优化,正面
865,865,2026-02-28,这是我第一个预购的游戏，感觉很棒，剧情不长不短，8小时通关好结局，威斯克从头到尾都被维克多蒙在鼓里，到好结局注射厄尔庇斯之后才发现是解药，cos路易十六不容易，让我们为威斯克默哀三秒钟🙏🙏🙏,推荐,12.1,14,73,这是我第一个预购的游戏 感觉很棒 剧情不长不短 8小时通关好结局 威斯克从头到尾都被维克多蒙在鼓里 到好结局注射厄尔庇斯之后才发现是解药 cos路易十六不容易 让我们为威斯克默哀三秒钟,剧情,正面
866,866,2026-02-28,上头了一连玩了13小时没休息，撑不住了明天再来打结局。,推荐,14.1,2,111,上头了一连玩了13小时没休息 撑不住了明天再来打结局,玩法,正面
867,867,2026-02-28,痛哭流涕了,推荐,14.9,37,96,痛哭流涕了,其他,正面
868,868,2026-02-28,太短了 8小时我还是一周目没有看偷跑自己摸索加全物品尽量收集的情况 还敢卖300 钱是大风刮来的是吧顶天198 没买的等打折吧,不推荐,18.7,16,125,太短了 8小时我还是一周目没有看偷跑自己摸索加全物品尽量收集的情况 还敢卖300 钱是大风刮来的是吧顶天198 没买的等打折吧,价格,负面
869,869,2026-02-28,已通关，剧情有突出的地方也有槽点，玩法结合了二代和四代我很喜欢，主角很帅很美，结局有点降智，瑕不掩瑜是部很好的续作。,推荐,13.8,44,103,已通关 剧情有突出的地方也有槽点 玩法结合了二代和四代我很喜欢 主角很帅很美 结局有点降智 瑕不掩瑜是部很好的续作,剧情,正面
870,870,2026-02-28,瑕不掩瑜，结局比起村庄略逊一筹，但大团圆也很不错。,推荐,14.4,3,112,瑕不掩瑜 结局比起村庄略逊一筹 但大团圆也很不错,剧情,正面
871,871,2026-02-28,"[h3] 结论：最多70分，还没打完就已经重复体验，烦腻。除了画面表现力略有提高，优化还不错外，其他一坨不如前作，评价为卡婊不思进取的中等水平产物 [/h3]

人物性能还是老一套，走得慢动作后摇长，鼠标灵敏度又不给改，连辅助瞄准都追不上怪物的头部摆动灵敏度
格蕾丝战斗真的设计得很敷衍，一天到晚推推推，但凡可以拿场景物体，拿个玻璃瓶打头都比推更有伤害感
里昂还是那个里昂，各种武器和高效处决

解密依然是老一套凹槽钥匙权限卡没有要到处找
场景依然是老一套“高效复用”来回跑
道具拾取交互提示不对准画面中心附近都不显示，导致经常反复跑路拾取浪费时间
某些交互点理应重点提示，非要放在犄角旮旯地方浪费时间去找

剧情比我的干嘛冰红茶还平淡，还没那些投资失败被迫飞人的情节来的深刻
真nm的最新的过时的玩意，别被一堆“怀旧、恋里、感叹童真”好评给蒙蔽了，都2026了，生9了，有点要求好不好",不推荐,10.3,30,139,h3 结论 最多70分 还没打完就已经重复体验 烦腻 除了画面表现力略有提高 优化还不错外 其他一坨不如前作 评价为卡婊不思进取的中等水平产物 h3 人物性能还是老一套 走得慢动作后摇长 鼠标灵敏度又不给改 连辅助瞄准都追不上怪物的头部摆动灵敏度 格蕾丝战斗真的设计得很敷衍 一天到晚推推推 但凡可以拿场景物体 拿个玻璃瓶打头都比推更有伤害感 里昂还是那个里昂 各种武器和高效处决 解密依然是老一套凹槽钥匙权限卡没有要到处找 场景依然是老一套 高效复用 来回跑 道具拾取交互提示不对准画面中心附近都不显示 导致经常反复跑路拾取浪费时间 某些交互点理应重点提示 非要放在犄角旮旯地方浪费时间去找 剧情比我的干嘛冰红茶还平淡 还没那些投资失败被迫飞人的情节来的深刻 真nm的最新的过时的玩意 别被一堆 怀旧 恋里 感叹童真 好评给蒙蔽了 都2026了 生9了 有点要求好不好,玩法,负面
872,872,2026-02-28,好玩，两回归，太帅了 ，还是第三人称的生化危机好玩,推荐,16.8,30,189,好玩 两回归 太帅了 还是第三人称的生化危机好玩,情怀,正面
873,873,2026-02-28,吓到濑尿,推荐,11.6,29,38,吓到濑尿,音效,正面
874,874,2026-02-28,牛逼,推荐,15.2,12,71,牛逼,其他,正面
875,875,2026-02-28,"我见过首发优化差的游戏，但是我没见过这种的
加载速度慢的要命，每打一章就让你歇一歇
过场动画更是无敌，我这辈子头一次见过场动画音画不同步的游戏
老子买首发就是为了体验剧情，整这么一出给我闹红温了
格蕾丝和三光的手感也是开倒车，沉的就像拿链子捆住了，老子散步都比格蕾丝跑的快，三光不用小刀改用那个b斧头，前后摇都大，结果砍一下跟小刀一样出不了硬直，格挡的手感也改了，再加上敌人配置高出4re，那剩下的不就剩挨打了
其他方面倒没什么大问题，剧情这块只能说见仁见智，不怕剧透的就云一下看看，怕剧透的也不要现在买，等卡婊修一修bug再说吧
总结，bug太多，最好不要无脑冲",不推荐,14.0,36,145,我见过首发优化差的游戏 但是我没见过这种的 加载速度慢的要命 每打一章就让你歇一歇 过场动画更是无敌 我这辈子头一次见过场动画音画不同步的游戏 老子买首发就是为了体验剧情 整这么一出给我闹红温了 格蕾丝和三光的手感也是开倒车 沉的就像拿链子捆住了 老子散步都比格蕾丝跑的快 三光不用小刀改用那个b斧头 前后摇都大 结果砍一下跟小刀一样出不了硬直 格挡的手感也改了 再加上敌人配置高出4re 那剩下的不就剩挨打了 其他方面倒没什么大问题 剧情这块只能说见仁见智 不怕剧透的就云一下看看 怕剧透的也不要现在买 等卡婊修一修bug再说吧 总结 bug太多 最好不要无脑冲,优化,负面
876,876,2026-02-28,10小时通关，预购的豪华版，我觉得最好玩的点就在疗养院了，丧尸都各有特色地图也不错，反倒是浣熊市给我的感受只有情怀。这作制作6年 系列30周年给我的感觉还是有点虎头蛇尾，可能是我对它的期待太高了吧，这是一部值得游玩的佳作，但巅峰还得是re4,推荐,13.1,41,50,10小时通关 预购的豪华版 我觉得最好玩的点就在疗养院了 丧尸都各有特色地图也不错 反倒是浣熊市给我的感受只有情怀 这作制作6年 系列30周年给我的感觉还是有点虎头蛇尾 可能是我对它的期待太高了吧 这是一部值得游玩的佳作 但巅峰还得是re4,剧情,正面
877,877,2026-02-28,好玩，一口气通关,推荐,14.7,48,57,好玩 一口气通关,玩法,正面
878,878,2026-02-28,经典IP正统续作，无需多言，卡普空的品质有保证,推荐,8.3,30,139,经典IP正统续作 无需多言 卡普空的品质有保证,情怀,正面
879,879,2026-02-28,无论是喜欢老生化还是新生化的都有照顾，里昂特好玩,推荐,14.1,32,41,无论是喜欢老生化还是新生化的都有照顾 里昂特好玩,情怀,正面
880,880,2026-02-28,本来看完坏结局发现竟然能重新选结局，就觉得双结局有点意义不明。后来发现合着坏结局是给速通做的，有点地狱了。。。,推荐,14.4,33,192,本来看完坏结局发现竟然能重新选结局 就觉得双结局有点意义不明 后来发现合着坏结局是给速通做的 有点地狱了,剧情,正面
881,881,2026-02-28,非常好，格蕾丝的部分更好玩一些，总体太刺激了，比8代好,推荐,12.1,12,171,非常好 格蕾丝的部分更好玩一些 总体太刺激了 比8代好,玩法,正面
882,882,2026-02-28,神,推荐,12.6,48,107,神,其他,正面
883,883,2026-02-28,这一作的惊喜点够多,推荐,9.2,19,78,这一作的惊喜点够多,玩法,正面
884,884,2026-02-28,"没白等这么久。
剧情没玩通，放一边。
画面，音效当然一流。
格蕾丝部分的氛围做的真的很好，有7代进化后的感觉。
里昂哥们儿就纯战斗爽，太他妈爽了。
除了第一人称7 8两代继承下来的容易疲劳头晕外，没觉得有什么缺点。
结论就是非常棒的一部生化危机作品。
另外，这代的丧尸让我想起了年轻时候玩的PS2上的死魂曲1和2。",推荐,7.0,20,129,没白等这么久 剧情没玩通 放一边 画面 音效当然一流 格蕾丝部分的氛围做的真的很好 有7代进化后的感觉 里昂哥们儿就纯战斗爽 太他妈爽了 除了第一人称7 8两代继承下来的容易疲劳头晕外 没觉得有什么缺点 结论就是非常棒的一部生化危机作品 另外 这代的丧尸让我想起了年轻时候玩的PS2上的死魂曲1和2,画面,正面
885,885,2026-02-28,"从1点解禁之后怒肝12个小时标准难度通关，除了最古早的生化危机1和0没玩，其他大多都玩过or云过，分享下感受：
还是先说缺点吧：
1.游戏节奏问题，里昂线爆杀和格蕾丝线恐怖交替着来我觉得是没问题的，这一点在疗养院阶段我感觉很不错，但自打重返浣熊市那一波所谓开放世界之后，游戏节奏有一种说不出来的便秘感。我说实话前面的游玩我是全程紧绷的，格蕾丝恐怖氛围我时刻专注，里昂线里也能获得爽感，但浣熊市之后劲就泄掉了，带着里昂在一片色调无差的地图跑来跑去，我其实不知道自己在干嘛，有一种育碧游戏支线的美感，你让我开放世界清任务我能清的下去，但我玩这游戏是抱着恐怖寻求刺激的心态来的吧，生八起码有区域划分，我对于不同区域风格不同可以有心理预期，前半流程生化7贝克老汉家急转到生化6东欧刺激战场，这样玩游戏我能有什么体验？
2.人物塑造问题，说实话，我不觉得格蕾丝的人物形象从最开始到最后有任何程度的成长，甚至中间有一部分我认为是崩掉的，在疗养院那里有人物弧光，但是之后在干嘛？为什么突然和明显是坏b的人走？为什么突然又反转站到里昂这边了？人物思想的转变你起码是有一些事件冲击吧，而这之间格蕾丝有任何戏份吗？伏笔揭晓的时候还是大结局之前了，到最后我对她的印象依旧停留在大呼小叫不分是非的圣母心泛滥。
3.场景问题，依旧依旧，浣熊市之前是没什么问题的，到浣熊市之后的废土风看的我内心烦躁，更别提我到处三百六十五里路找这里的把手开那里的门结果得到了几个弹药，下的是个核弹不是屎黄色的涂料，这里的设计者好像就是“哦，我们要重返浣熊市，必须要有警察局，必须要有孤儿院”，你告诉我把这俩场景删了对游戏流程有影响吗，而且依旧是屎黄色的警察局！屎黄色的孤儿院！我没从这里感受到一点情怀，我到这里的心态就是快过去吧，我不想再看屎黄色了！
4.怪物设计问题，没啥新意，不是生化危机正传新作该有的质量，玩到最后我没发现有啥印象很突出的怪物，生8有婴儿八尺夫人，生7有老汉，生6有变形金刚床垫和混沌丧尸。这一部想让人记住的怪物是谁？“女孩”吗，但这个怪物形象有任何生化危机塑造的创意所在吗？怕光，收集布娃娃，钻洞，感觉都是一些被玩烂的创意吧……良子毫无压迫感不用说了，到了浣熊市之后更是把生2的怪物原本不动搬出来，一点变化都没有，这是你们打出的情怀牌吗？就连最终boss还要蹭前代，那以后生10情怀生3，生11情怀生4，别再出新怪了，老怪返厂多够用啊。
5.整体质量问题，整体而言，我感觉目前的游戏质量对不起他目前这个价格，对不起他的宣发，对不起重返浣熊市这个噱头，对不起里昂的再次登台亮相。摘出恐怖的部分，疗养院是可以的但是生7珠玉在前；摘出地图设计的部分。疗养院是可以的但是生2珠玉在前；摘出打斗射击的部分，疗养院是可以的但是生4珠玉在前；就算单独比大场面也有生6珠玉在前。说白了是个大杂烩，什么都有什么都不精，都有前作更好的和他对比，而且这部分还是单独拿质量最好的疗养院部分来说的。

最后关于这游戏的优点，我玩完这个游戏之后，我其实并不觉得它很差，但我发现我说优点的时候其实有点说不出来，因为无论哪一点好像都有某一个前作比它做的更好。我认为生化危机作为一个游戏节奏为主，关卡设计为主的游戏，和博德之门天国拯救一类的游戏比时长是不需要的，因为他保证你在游戏时长里面得到的一直都是最直观的情绪刺激，那么我得到的感官刺激是不是应该连续一贯循循渐进一些，而不是东一榔头西一扫帚，哪都沾点哪都不精。

这游戏我推不推荐生化危机老粉游玩？推荐的，整体质量不差，老角色回归，还是那套玩法
这游戏我推不推荐刚入坑生化危机的新玩家玩？推荐的，毕竟26年新作，画质风格上新玩家更容易接受，质量也不差
这游戏我推不推荐作为生化危机的入坑作？真不推荐，因为无论冲着哪方面入坑，都有其他更好的",推荐,12.1,7,116,从1点解禁之后怒肝12个小时标准难度通关 除了最古早的生化危机1和0没玩 其他大多都玩过or云过 分享下感受 还是先说缺点吧 1 游戏节奏问题 里昂线爆杀和格蕾丝线恐怖交替着来我觉得是没问题的 这一点在疗养院阶段我感觉很不错 但自打重返浣熊市那一波所谓开放世界之后 游戏节奏有一种说不出来的便秘感 我说实话前面的游玩我是全程紧绷的 格蕾丝恐怖氛围我时刻专注 里昂线里也能获得爽感 但浣熊市之后劲就泄掉了 带着里昂在一片色调无差的地图跑来跑去 我其实不知道自己在干嘛 有一种育碧游戏支线的美感 你让我开放世界清任务我能清的下去 但我玩这游戏是抱着恐怖寻求刺激的心态来的吧 生八起码有区域划分 我对于不同区域风格不同可以有心理预期 前半流程生化7贝克老汉家急转到生化6东欧刺激战场 这样玩游戏我能有什么体验 2 人物塑造问题 说实话 我不觉得格蕾丝的人物形象从最开始到最后有任何程度的成长 甚至中间有一部分我认为是崩掉的 在疗养院那里有人物弧光 但是之后在干嘛 为什么突然和明显是坏b的人走 为什么突然又反转站到里昂这边了 人物思想的转变你起码是有一些事件冲击吧 而这之间格蕾丝有任何戏份吗 伏笔揭晓的时候还是大结局之前了 到最后我对她的印象依旧停留在大呼小叫不分是非的圣母心泛滥 3 场景问题 依旧依旧 浣熊市之前是没什么问题的 到浣熊市之后的废土风看的我内心烦躁 更别提我到处三百六十五里路找这里的把手开那里的门结果得到了几个弹药 下的是个核弹不是屎黄色的涂料 这里的设计者好像就是 哦 我们要重返浣熊市 必须要有警察局 必须要有孤儿院 你告诉我把这俩场景删了对游戏流程有影响吗 而且依旧是屎黄色的警察局 屎黄色的孤儿院 我没从这里感受到一点情怀 我到这里的心态就是快过去吧 我不想再看屎黄色了 4 怪物设计问题 没啥新意 不是生化危机正传新作该有的质量 玩到最后我没发现有啥印象很突出的怪物 生8有婴儿八尺夫人 生7有老汉 生6有变形金刚床垫和混沌丧尸 这一部想让人记住的怪物是谁 女孩 吗 但这个怪物形象有任何生化危机塑造的创意所在吗 怕光 收集布娃娃 钻洞 感觉都是一些被玩烂的创意吧 良子毫无压迫感不用说了 到了浣熊市之后更是把生2的怪物原本不动搬出来 一点变化都没有 这是你们打出的情怀牌吗 就连最终boss还要蹭前代 那以后生10情怀生3 生11情怀生4 别再出新怪了 老怪返厂多够用啊 5 整体质量问题 整体而言 我感觉目前的游戏质量对不起他目前这个价格 对不起他的宣发 对不起重返浣熊市这个噱头 对不起里昂的再次登台亮相 摘出恐怖的部分 疗养院是可以的但是生7珠玉在前 摘出地图设计的部分 疗养院是可以的但是生2珠玉在前 摘出打斗射击的部分 疗养院是可以的但是生4珠玉在前 就算单独比大场面也有生6珠玉在前 说白了是个大杂烩 什么都有什么都不精 都有前作更好的和他对比 而且这部分还是单独拿质量最好的疗养院部分来说的 最后关于这游戏的优点 我玩完这个游戏之后 我其实并不觉得它很差 但我发现我说优点的时候其实有点说不出来 因为无论哪一点好像都有某一个前作比它做的更好 我认为生化危机作为一个游戏节奏为主 关卡设计为主的游戏 和博德之门天国拯救一类的游戏比时长是不需要的 因为他保证你在游戏时长里面得到的一直都是最直观的情绪刺激 那么我得到的感官刺激是不是应该连续一贯循循渐进一些 而不是东一榔头西一扫帚 哪都沾点哪都不精 这游戏我推不推荐生化危机老粉游玩 推荐的 整体质量不差 老角色回归 还是那套玩法 这游戏我推不推荐刚入坑生化危机的新玩家玩 推荐的 毕竟26年新作 画质风格上新玩家更容易接受 质量也不差 这游戏我推不推荐作为生化危机的入坑作 真不推荐 因为无论冲着哪方面入坑 都有其他更好的,玩法,正面
886,886,2026-02-28,好结局通关，太特么好玩了，像他妈做梦一样，生化危机系列就没让我失望过，果然人活着啥都能等到，快点把DLC或者10端上来吧[cube_喜欢],推荐,13.8,6,165,好结局通关 太特么好玩了 像他妈做梦一样 生化危机系列就没让我失望过 果然人活着啥都能等到 快点把DLC或者10端上来吧 cube 喜欢,情怀,正面
887,887,2026-02-28,9小时24分普通（现代）难度首次通关，格蕾丝线路的紧张压抑和里昂线路的激情刺激对比鲜明，但衔接的恰到好处，让人刚刚杀到上头，突然间又变的紧张兮兮。总体来说值回票价。没有什么突破，不过游戏诚意满满。希望后续版本会更好吧,推荐,13.6,45,154,9小时24分普通 现代 难度首次通关 格蕾丝线路的紧张压抑和里昂线路的激情刺激对比鲜明 但衔接的恰到好处 让人刚刚杀到上头 突然间又变的紧张兮兮 总体来说值回票价 没有什么突破 不过游戏诚意满满 希望后续版本会更好吧,剧情,正面
888,888,2026-02-28,"稍微做个简评，惯例的只要不全成就那就不长评，资格不够

游戏性：作为一款恐怖射击游戏来说生九非常好的做到了恐怖潜行/动作射击这两种玩法的结合，两位角色各自全流程的大部分设计都可圈可点，但是角色之间的切换比较频繁，影响沉浸感和手感，游戏还开辟了之前生化危机从未有过的以动作射击为主的大建筑区域探索，实际玩法类似于地铁，但是这几个玩法之间的平衡做的不太好，我觉得动作部分就有点喧宾夺主的意思，不过战斗体验本身来说还是很不错的，打的非常爽

地图：前半段的疗养院是一个设计非常好的大地图，解谜相比前作非常简单易懂而且不会消耗玩家太多时间，各区域互相联通，推进到一定阶段之后还需要折返探索以前的新区域
个人觉得疗养院地下部分有点过于重复利用也就是一个图跑好几遍，更何况这是追逐战的常驻发生地，体感上来说完全不如生2的暴君常驻追逐
后半段的地图则过于为剧情演出和游戏机制服务，不过我觉得也不至于是重大减分项

剧情：有点为写而写了，倒是故事完整人物脉络清晰，不过转折强行生硬，伏笔一眼丁真，许多机械降神，经典套路频出，新的人物出身大部分介绍笼统而且出现的很意外，需要玩家自己细看档案，而且强需玩家是知道前作剧情的牢玩家，只能说及格分，最后还在挖坑

性价比：低，我文件差了1/4，其余基本是差了一两个的全收集情况，剧情文件后日谈报告全看了我估计才有12h左右，真正游戏时长只会更短，加上生九过多的前作内容与现在很高的原价，不建议新人购买
前两天看媒体评分觉得稳了，实际上也确实稳了，但是没有想象中的好，满分10分我个人应该能给个8分守门员的打分
至于老玩家，这你能忍住不买？这你能忍住不买？这你能忍住不买？😡

",推荐,13.9,22,81,稍微做个简评 惯例的只要不全成就那就不长评 资格不够 游戏性 作为一款恐怖射击游戏来说生九非常好的做到了恐怖潜行 动作射击这两种玩法的结合 两位角色各自全流程的大部分设计都可圈可点 但是角色之间的切换比较频繁 影响沉浸感和手感 游戏还开辟了之前生化危机从未有过的以动作射击为主的大建筑区域探索 实际玩法类似于地铁 但是这几个玩法之间的平衡做的不太好 我觉得动作部分就有点喧宾夺主的意思 不过战斗体验本身来说还是很不错的 打的非常爽 地图 前半段的疗养院是一个设计非常好的大地图 解谜相比前作非常简单易懂而且不会消耗玩家太多时间 各区域互相联通 推进到一定阶段之后还需要折返探索以前的新区域 个人觉得疗养院地下部分有点过于重复利用也就是一个图跑好几遍 更何况这是追逐战的常驻发生地 体感上来说完全不如生2的暴君常驻追逐 后半段的地图则过于为剧情演出和游戏机制服务 不过我觉得也不至于是重大减分项 剧情 有点为写而写了 倒是故事完整人物脉络清晰 不过转折强行生硬 伏笔一眼丁真 许多机械降神 经典套路频出 新的人物出身大部分介绍笼统而且出现的很意外 需要玩家自己细看档案 而且强需玩家是知道前作剧情的牢玩家 只能说及格分 最后还在挖坑 性价比 低 我文件差了1 4 其余基本是差了一两个的全收集情况 剧情文件后日谈报告全看了我估计才有12h左右 真正游戏时长只会更短 加上生九过多的前作内容与现在很高的原价 不建议新人购买 前两天看媒体评分觉得稳了 实际上也确实稳了 但是没有想象中的好 满分10分我个人应该能给个8分守门员的打分 至于老玩家 这你能忍住不买 这你能忍住不买 这你能忍住不买,玩法,正面
889,889,2026-02-28,皮鞋白袜丧尸好评！,推荐,16.8,24,183,皮鞋白袜丧尸好评,情怀,正面
890,890,2026-02-28,好玩，期待dlc,推荐,14.5,33,192,好玩 期待dlc,情怀,正面
891,891,2026-02-28,66666666666,推荐,3.3,4,113,66666666666,其他,正面
892,892,2026-02-28,无许多盐！无需多言！！！,推荐,13.1,19,28,无许多盐 无需多言,其他,正面
893,893,2026-02-28,最喜欢的生化危机是第二部，这部回到浣熊市给我玩的直接起立，情怀满分，其他的话怪总体设计的有点恶心，不过格挡真的很爽，还有这部能看见我最喜欢的舔食者老婆开心喵,推荐,13.5,4,163,最喜欢的生化危机是第二部 这部回到浣熊市给我玩的直接起立 情怀满分 其他的话怪总体设计的有点恶心 不过格挡真的很爽 还有这部能看见我最喜欢的舔食者老婆开心喵,情怀,正面
894,894,2026-02-28,"当时我没能做什么 这次我会不顾一切代价阻止的 
生化危机9 我又回到了那个充满回忆的地方 
女主的地方恐怖感做的想到到位
里昂的爽感非常可以 动作也到位
我的故事还没结束
",推荐,10.8,19,28,当时我没能做什么 这次我会不顾一切代价阻止的 生化危机9 我又回到了那个充满回忆的地方 女主的地方恐怖感做的想到到位 里昂的爽感非常可以 动作也到位 我的故事还没结束,情怀,正面
895,895,2026-02-28,太帅了,推荐,12.8,7,16,太帅了,其他,正面
896,896,2026-02-28,玩惯了生4重置，这版生9手感简直  就是一坨屎,不推荐,8.9,44,153,玩惯了生4重置 这版生9手感简直 就是一坨屎,玩法,负面
897,897,2026-02-28,还是那个味道 现在坐等佣兵模式和dlc！,推荐,11.4,22,131,还是那个味道 现在坐等佣兵模式和dlc,情怀,正面
898,898,2026-02-28,好玩爱玩，情怀拉满，前期格蕾丝玩的很窝火，到了浣熊市里昂开杀,推荐,16.5,39,148,好玩爱玩 情怀拉满 前期格蕾丝玩的很窝火 到了浣熊市里昂开杀,情怀,正面
899,899,2026-02-28,格蕾丝确实很棒,推荐,13.5,42,201,格蕾丝确实很棒,其他,正面
900,900,2026-02-28,谁在黑,推荐,15.4,35,144,谁在黑,其他,正面
901,901,2026-02-28,受不了了等我出疗养院再看要不要改好评吧，坐牢坐得实在是怒火冲天,不推荐,6.8,18,127,受不了了等我出疗养院再看要不要改好评吧 坐牢坐得实在是怒火冲天,玩法,负面
902,902,2026-02-28,"好玩！
只是明天的上班，
我请假领导也不批。
但是没关系，
我揍了领导一顿，
领导说我明天不用来了。",推荐,8.0,4,163,好玩 只是明天的上班 我请假领导也不批 但是没关系 我揍了领导一顿 领导说我明天不用来了,其他,正面
903,903,2026-02-28,剧情太短了，其他都很好，可惜克里斯没和齐诺见面,推荐,9.5,23,32,剧情太短了 其他都很好 可惜克里斯没和齐诺见面,剧情,正面
904,904,2026-02-28,估计后面还有克里斯dlc,推荐,15.0,1,160,估计后面还有克里斯dlc,情怀,正面
905,905,2026-02-28,兄弟 这才是你活到2026的理由,推荐,14.7,14,73,兄弟 这才是你活到2026的理由,情怀,正面
906,906,2026-02-28,我喜欢中年男人,推荐,14.5,35,194,我喜欢中年男人,其他,正面
907,907,2026-02-28,牛逼克拉斯啊,推荐,3.6,18,127,牛逼克拉斯啊,其他,正面
908,908,2026-02-28,首发购入，闪退模拟器,不推荐,2.3,49,158,首发购入 闪退模拟器,优化,负面
909,909,2026-02-28,还不错挺好玩的,推荐,6.7,43,152,还不错挺好玩的,玩法,正面
910,910,2026-02-28,战斗爽,推荐,0.8,32,91,战斗爽,玩法,正面
911,911,2026-02-28,"系列集大成之作，你想要的在这作全都有，类比艾尔登法环之于fromsoftware。
普通难度一周目14个小时，说实话对于三百多的游戏来说流程稍短，但是，这一作绝对算得上诚意满满，把生化系列这么多年的精华都浓缩在这部安魂曲中，量不大，却管饱，游玩过程中也没有遇到卡退和bug，从下午一点发行打到现在，作为预购入的游戏来说如此一气呵成的体验也是不可多得。
唯一不足的一点是，发售前听信了别人吹的牛，还以为这作的里昂可以开无双割草了，结果乱莽后被丧尸追着打…
反倒是玩格蕾丝的时候小心翼翼，和丧尸斗智斗勇，有点上头的。",推荐,13.7,50,209,系列集大成之作 你想要的在这作全都有 类比艾尔登法环之于fromsoftware 普通难度一周目14个小时 说实话对于三百多的游戏来说流程稍短 但是 这一作绝对算得上诚意满满 把生化系列这么多年的精华都浓缩在这部安魂曲中 量不大 却管饱 游玩过程中也没有遇到卡退和bug 从下午一点发行打到现在 作为预购入的游戏来说如此一气呵成的体验也是不可多得 唯一不足的一点是 发售前听信了别人吹的牛 还以为这作的里昂可以开无双割草了 结果乱莽后被丧尸追着打 反倒是玩格蕾丝的时候小心翼翼 和丧尸斗智斗勇 有点上头的,玩法,正面
912,912,2026-02-28,好玩，爱玩,推荐,5.5,18,27,好玩 爱玩,玩法,正面
913,913,2026-02-28,好玩！量大管饱的同时把生化历代的好玩法都缝进去了，剧情也是满足了我这个生化老粉的期待，求求卡普空赶紧出10或者5重制版吧！！！,推荐,13.6,22,181,好玩 量大管饱的同时把生化历代的好玩法都缝进去了 剧情也是满足了我这个生化老粉的期待 求求卡普空赶紧出10或者5重制版吧,情怀,正面
914,914,2026-02-28,神,推荐,15.9,49,158,神,其他,正面
915,915,2026-02-28,如果你使用的是win10报错了，那么尝试一下把系统升级到22h2版本，在保证显卡驱最新的情况下，基本就搞定了。,推荐,7.9,21,130,如果你使用的是win10报错了 那么尝试一下把系统升级到22h2版本 在保证显卡驱最新的情况下 基本就搞定了,优化,正面
916,916,2026-02-28,玩了一下午，给我报错闪退十一次,不推荐,12.8,35,94,玩了一下午 给我报错闪退十一次,优化,负面
917,917,2026-02-28,111,推荐,12.4,4,63,111,其他,正面
918,918,2026-02-28,优化一坨狗屎，3080显卡能关的全关了还是卡的一匹。本来丧尸就喜欢摇头晃脑的还给我掉帧我打格调。跑图帧数稳定一遇到丧尸就掉帧，是给你丧失爹打掩护是吧。生4重置都没有卡的这么让我恶心过。亏我还买的豪华版首发，真是有种抢着吃屎的感觉,不推荐,8.4,5,164,优化一坨狗屎 3080显卡能关的全关了还是卡的一匹 本来丧尸就喜欢摇头晃脑的还给我掉帧我打格调 跑图帧数稳定一遇到丧尸就掉帧 是给你丧失爹打掩护是吧 生4重置都没有卡的这么让我恶心过 亏我还买的豪华版首发 真是有种抢着吃屎的感觉,优化,负面
919,919,2026-02-28,老法拉利依旧是法拉利,推荐,12.2,47,56,老法拉利依旧是法拉利,情怀,正面
920,920,2026-02-28,急需解锁武器库的钥匙 ...   赶紧上架...   我受够了 ...,推荐,5.6,20,179,急需解锁武器库的钥匙 赶紧上架 我受够了,其他,正面
921,921,2026-02-28,"[h2] 游戏是好游戏，但我不推荐 [/h2]
镜子反射效果居然只有开路径光追才有，这次优化确实牛逼但也这样搞是不是有点畜了？泄露那个坏结局还没打到，先给个差评如果是真的就不该了，叫nm制作人恶心粉丝",不推荐,12.8,16,25,h2 游戏是好游戏 但我不推荐 h2 镜子反射效果居然只有开路径光追才有 这次优化确实牛逼但也这样搞是不是有点畜了 泄露那个坏结局还没打到 先给个差评如果是真的就不该了 叫nm制作人恶心粉丝,优化,负面
922,922,2026-02-28,"从晚上六点半折腾到凌晨三点，居然没进去游戏！你特么敢信？
先是进游戏提示显卡没有支持，感觉莫名其妙的我先是怀疑了一下华硕3060Ti难道不配玩这游戏？这卡再垃圾，就算跑幻灯片也不至于不让玩吧，抱着怀疑的态度上网开始查，B站，3DM都翻了个遍，发现居然是因为win10版本低了，查到有玩家22h2可以玩，然后开始做系统升级。
一通折腾总算升级完了，可以进游戏了，但是进去几秒钟，开头动画还没完事就卡住然后闪退，我一头雾水又开始查原因，然后跟着一些傻波B站恰烂钱的up开始排查原因，然后升级显卡驱动，然后排查c++，排查dll库，各种软件注册买会员优化，然而并没有什么卵用，又上b站查原因，然后买加速器修复，然后发现又被恰烂钱的up忽悠了
一个400R的游戏，发售日居然如此拉垮，闻所未闻，卡婊赶紧司马司全加，差评都不足以表达我的愤怒，真的，倒闭吧!赶紧的!
垃圾公司，垃圾游戏，垃圾程序员，垃圾中的垃圾，我呸",不推荐,1.9,24,83,从晚上六点半折腾到凌晨三点 居然没进去游戏 你特么敢信 先是进游戏提示显卡没有支持 感觉莫名其妙的我先是怀疑了一下华硕3060Ti难道不配玩这游戏 这卡再垃圾 就算跑幻灯片也不至于不让玩吧 抱着怀疑的态度上网开始查 B站 3DM都翻了个遍 发现居然是因为win10版本低了 查到有玩家22h2可以玩 然后开始做系统升级 一通折腾总算升级完了 可以进游戏了 但是进去几秒钟 开头动画还没完事就卡住然后闪退 我一头雾水又开始查原因 然后跟着一些傻波B站恰烂钱的up开始排查原因 然后升级显卡驱动 然后排查c 排查dll库 各种软件注册买会员优化 然而并没有什么卵用 又上b站查原因 然后买加速器修复 然后发现又被恰烂钱的up忽悠了 一个400R的游戏 发售日居然如此拉垮 闻所未闻 卡婊赶紧司马司全加 差评都不足以表达我的愤怒 真的 倒闭吧 赶紧的 垃圾公司 垃圾游戏 垃圾程序员 垃圾中的垃圾 我呸,优化,负面
923,923,2026-02-28,格蕾丝的章节代入感很强,推荐,14.4,40,199,格蕾丝的章节代入感很强,剧情,正面
924,924,2026-02-28,太好玩了，女主好看，画质精美，优化优秀，特别是孤儿院那一段的画质真是太好了，代入感太强了，换了好几条裤子才坚持玩完,推荐,0.5,3,112,太好玩了 女主好看 画质精美 优化优秀 特别是孤儿院那一段的画质真是太好了 代入感太强了 换了好几条裤子才坚持玩完,画面,正面
925,925,2026-02-28,"好玩9.2/10
就是到浣熊市会是不是卡一下，配置（983+4070）",推荐,10.8,29,38,好玩9 2 10 就是到浣熊市会是不是卡一下 配置 983 4070,优化,正面
926,926,2026-02-28,"合格的续作，但是并不优秀。
这代的恐怖氛围和7.8有一拼，没敢用第一人称，到现在也没敢玩上两代，还有一些情怀加成，以及这代体术系统特别特别炫酷，里昂已变斧头战神。
缺点也很明显，这一代是让我感到解密特别恶心的，尤其是浣熊市前半部分，大地图加上很烂的引导疯狂的迷路，而且这代的僵尸我认为比前面所有的都肉，特别特别难打，子弹补给完全不够用，玩的很不爽。
boss部分总是因为没有子弹被爆杀，而且有些解密部分给你堆怪很考验手法。。。普通玩家几乎要磨很久才能过。
这代像2和4加7和8的结合体，剧情方面也有点套路式的，然后女主真的是fbi吗看着我有点厌蠢症。
总的来说还是推荐入手的，解密环节如果真的不会还是看攻略吧不然真的很折磨，卡婊经典了属于是。
（这个好评是为那些老角色打的，以及我最爱的2代里的那些回忆，不然我真想打差评来着）",推荐,11.1,46,205,合格的续作 但是并不优秀 这代的恐怖氛围和7 8有一拼 没敢用第一人称 到现在也没敢玩上两代 还有一些情怀加成 以及这代体术系统特别特别炫酷 里昂已变斧头战神 缺点也很明显 这一代是让我感到解密特别恶心的 尤其是浣熊市前半部分 大地图加上很烂的引导疯狂的迷路 而且这代的僵尸我认为比前面所有的都肉 特别特别难打 子弹补给完全不够用 玩的很不爽 boss部分总是因为没有子弹被爆杀 而且有些解密部分给你堆怪很考验手法 普通玩家几乎要磨很久才能过 这代像2和4加7和8的结合体 剧情方面也有点套路式的 然后女主真的是fbi吗看着我有点厌蠢症 总的来说还是推荐入手的 解密环节如果真的不会还是看攻略吧不然真的很折磨 卡婊经典了属于是 这个好评是为那些老角色打的 以及我最爱的2代里的那些回忆 不然我真想打差评来着,情怀,正面
927,927,2026-02-28,第一天体验下来没什么问题。生7+生4的感觉。(❤ ω ❤)开了路径追踪画面提升很大。,推荐,9.1,38,97,第一天体验下来没什么问题 生7 生4的感觉 ω 开了路径追踪画面提升很大,画面,正面
928,928,2026-02-28,"神中神
IGN：10/10
超级无敌的卡普空情怀之作，从浣熊市开始，从浣熊市结束。从场景到怪物再到各路boss，情怀都给你拉满了。
就算已经死掉的人、卡普空也变着法让它登场，唤起你那个大反派的记忆。真神了，生化危机最强作品。100分",推荐,17.1,32,191,神中神 IGN 10 10 超级无敌的卡普空情怀之作 从浣熊市开始 从浣熊市结束 从场景到怪物再到各路boss 情怀都给你拉满了 就算已经死掉的人 卡普空也变着法让它登场 唤起你那个大反派的记忆 真神了 生化危机最强作品 100分,情怀,正面
929,929,2026-02-28,直接预购豪华版的含金量，卡普空的生化危机IP游戏毫无疑问绝对的好玩，RE引擎也是牛逼，虽然显存要6g但我的3050 4G玩起来根本感觉不到有多少卡顿，怪物多都能有60帧确实可以了这优化，但让人想吐槽的一点唯一就是格子太少了，抛开格子问题那这部生化危机9安魂曲绝地的好玩！,推荐,12.6,47,106,直接预购豪华版的含金量 卡普空的生化危机IP游戏毫无疑问绝对的好玩 RE引擎也是牛逼 虽然显存要6g但我的3050 4G玩起来根本感觉不到有多少卡顿 怪物多都能有60帧确实可以了这优化 但让人想吐槽的一点唯一就是格子太少了 抛开格子问题那这部生化危机9安魂曲绝地的好玩,情怀,正面
930,930,2026-02-28,法拉利老了，也是法拉利,推荐,12.5,24,183,法拉利老了 也是法拉利,情怀,正面
931,931,2026-02-28,非常好玩，刚玩到里昂觉得不爽的是这个,推荐,1.5,50,109,非常好玩 刚玩到里昂觉得不爽的是这个,玩法,正面
932,932,2026-02-28,我还没玩但我说好,推荐,5.3,14,123,我还没玩但我说好,其他,正面
933,933,2026-02-28,好！,推荐,10.0,37,146,好,其他,正面
934,934,2026-02-28,非常好玩，恐怖指数也很高,推荐,4.2,17,126,非常好玩 恐怖指数也很高,玩法,正面
935,935,2026-02-28,"PS手柄没有原生振动！默认的振动很普通，我直接键鼠了。而且FOV不能改，给的FOV感觉就70，默认屏幕晃动是拉满的，晕3D的建议直接第三人称。
一周目标准现代通关显示是9h，地图上标的东西拿一拿资源很多。这代推图打怪比前代难，但是BOSS战却简单不少，多周目正常打感觉难度比前代高。
里昂超级战斗爽的一代（里昂部分就是佣兵，Grace部分体感就是7和8）。里昂的战斗系统丰富并且流畅，Grace主要负责生存恐怖，一周目的装备种类挺少的。
这也导致了一个问题，前面对Grace不熟的时候还好，到后面要切换到Grace的时候开始逐渐痛苦。上一秒还在战斗爽，下一秒就开始Jump Scare糊脸然后开始东躲西藏。（感觉就像是打了多周目的自己和一周目的自己一样）放在一块儿感觉整体节奏上还是受到点影响，不过好像符合角色设定？
希望下代正传老角色能多出场几个，多点老角色之间的剧情。Grace和里昂的剧情在2和4里已经体验过一遍了[strike] 冷饭天王Capcom [/strike]",推荐,12.5,3,112,PS手柄没有原生振动 默认的振动很普通 我直接键鼠了 而且FOV不能改 给的FOV感觉就70 默认屏幕晃动是拉满的 晕3D的建议直接第三人称 一周目标准现代通关显示是9h 地图上标的东西拿一拿资源很多 这代推图打怪比前代难 但是BOSS战却简单不少 多周目正常打感觉难度比前代高 里昂超级战斗爽的一代 里昂部分就是佣兵 Grace部分体感就是7和8 里昂的战斗系统丰富并且流畅 Grace主要负责生存恐怖 一周目的装备种类挺少的 这也导致了一个问题 前面对Grace不熟的时候还好 到后面要切换到Grace的时候开始逐渐痛苦 上一秒还在战斗爽 下一秒就开始Jump Scare糊脸然后开始东躲西藏 感觉就像是打了多周目的自己和一周目的自己一样 放在一块儿感觉整体节奏上还是受到点影响 不过好像符合角色设定 希望下代正传老角色能多出场几个 多点老角色之间的剧情 Grace和里昂的剧情在2和4里已经体验过一遍了 strike 冷饭天王Capcom strike,玩法,正面
936,936,2026-02-28,已经通关了，格蕾丝那边有点紧张，里昂这边，战斗~爽！,推荐,13.3,14,173,已经通关了 格蕾丝那边有点紧张 里昂这边 战斗 爽,玩法,正面
937,937,2026-02-28,"标准传统一周目6时40分通关，对于游戏做出个人的主观见解

首先游戏本体对不住系列三十周年纪念作的名号，原因之一是制作组开售前画饼“令人上瘾的恐怖”“里昂和格蕾丝的章节分配就像是寿司，我们日本人最擅长做寿司，请相信我们”“会有很多与浣熊市事件息息相关的角色登场”，但在实际游玩的过程中基本上三不沾；第一个是主恐怖的格蕾丝，堆怪情节严重且角色性能孱弱，缺乏正反馈，与其宣传是明显不挨边，虽说难度也没有特别高；再说第二点，里昂和格蕾丝的章节没有平滑的过度，或者说并没有将两者章节的特点合而为一，那么请问有人吃寿司是把鱼片和饭分开吃的吗？；第三点，游戏里硬掰也就里昂、艾莉莎，维克多勉强算一个，然后就没了，可真是“多”。原因之二是游戏的流程设计过于糊弄，前半程的疗养院确实很好，地图设计非常好，但到重头戏浣熊市之后却充斥着大量的防守战，而且密度相当高，这么干就算是生化4的木屋战和村庄战也难免让人感到乏味；原因之三，整个游戏，boss的设计思路贫瘠到令人发指，植物43和变异化维克多的招式就是复读踩踩背，t501的解放形态毫无压迫感，且疑似智商有点低，打着打着莫名其妙扔车但却不是输出手段

再论剧情，两个反派的塑造几乎是纯啥子，前作人气角色艾莉莎似的毫无尊严，还有个疑似汉克的角色更是死的像条狗，连个cg都没有，和他打的难度还不如前面和他小弟打，但尚不能确认是不是汉克，不做评价；其次是女主的塑造过于懦弱，完全没有觉悟，区完了

以上，有亮点但不多，作为恐怖游戏其实还可以，但是官方吹牛逼吹那么大还是系列三十周年的纪念作，这个质量认不下",不推荐,14.1,33,192,标准传统一周目6时40分通关 对于游戏做出个人的主观见解 首先游戏本体对不住系列三十周年纪念作的名号 原因之一是制作组开售前画饼 令人上瘾的恐怖 里昂和格蕾丝的章节分配就像是寿司 我们日本人最擅长做寿司 请相信我们 会有很多与浣熊市事件息息相关的角色登场 但在实际游玩的过程中基本上三不沾 第一个是主恐怖的格蕾丝 堆怪情节严重且角色性能孱弱 缺乏正反馈 与其宣传是明显不挨边 虽说难度也没有特别高 再说第二点 里昂和格蕾丝的章节没有平滑的过度 或者说并没有将两者章节的特点合而为一 那么请问有人吃寿司是把鱼片和饭分开吃的吗 第三点 游戏里硬掰也就里昂 艾莉莎 维克多勉强算一个 然后就没了 可真是 多 原因之二是游戏的流程设计过于糊弄 前半程的疗养院确实很好 地图设计非常好 但到重头戏浣熊市之后却充斥着大量的防守战 而且密度相当高 这么干就算是生化4的木屋战和村庄战也难免让人感到乏味 原因之三 整个游戏 boss的设计思路贫瘠到令人发指 植物43和变异化维克多的招式就是复读踩踩背 t501的解放形态毫无压迫感 且疑似智商有点低 打着打着莫名其妙扔车但却不是输出手段 再论剧情 两个反派的塑造几乎是纯啥子 前作人气角色艾莉莎似的毫无尊严 还有个疑似汉克的角色更是死的像条狗 连个cg都没有 和他打的难度还不如前面和他小弟打 但尚不能确认是不是汉克 不做评价 其次是女主的塑造过于懦弱 完全没有觉悟 区完了 以上 有亮点但不多 作为恐怖游戏其实还可以 但是官方吹牛逼吹那么大还是系列三十周年的纪念作 这个质量认不下,玩法,负面
938,938,2026-02-28,非常棒的作品！！！没有任何优化问题！画面好的让我愈发感觉之前的荒野是一坨……很难想象，这两个游戏竟然是一家公司开发的！,推荐,12.5,19,28,非常棒的作品 没有任何优化问题 画面好的让我愈发感觉之前的荒野是一坨 很难想象 这两个游戏竟然是一家公司开发的,画面,正面
939,939,2026-02-28,卡婊这几年游戏质量越来越高了，做的挺好,推荐,16.4,26,85,卡婊这几年游戏质量越来越高了 做的挺好,情怀,正面
940,940,2026-02-28,五十多的超人里昂依旧能抗，但玩着玩着总感觉跟电影版有出入啊,推荐,13.9,32,141,五十多的超人里昂依旧能抗 但玩着玩着总感觉跟电影版有出入啊,剧情,正面
941,941,2026-02-28,"这才是2026年游戏该有的水平，可以说是系列的巅峰之作
非要做你那个破逼菌化危机，绕了两代的弯路到底是为什么？回答我！look in my eyes, tell me why
好好做里昂吉尔克里斯克莱尔不比那个破菌菇强一万倍",推荐,13.6,4,13,这才是2026年游戏该有的水平 可以说是系列的巅峰之作 非要做你那个破逼菌化危机 绕了两代的弯路到底是为什么 回答我 look in my eyes tell me why 好好做里昂吉尔克里斯克莱尔不比那个破菌菇强一万倍,情怀,正面
942,942,2026-02-28,前期第一人称确实感觉恐怖氛围进入了很多，吓人的话倒是没有吓到我，不过确实氛围很不错~！前面恐怖多了，后面就有点解密做的打瞌睡，因为怪后期打的费劲，又不得不打的情况下，而且有点重复的套娃了。唔，不过解密确实都不难。整体剧情两个结局都打出来了之后看到了不一样的结果。总之，整体很棒~而且反派也非常出色，甚至可以说是迷人的地步！！！！两位反派都让我非常喜欢。啊啊，人格魅力真的很吸引人。玩下来太爽了,推荐,11.4,23,132,前期第一人称确实感觉恐怖氛围进入了很多 吓人的话倒是没有吓到我 不过确实氛围很不错 前面恐怖多了 后面就有点解密做的打瞌睡 因为怪后期打的费劲 又不得不打的情况下 而且有点重复的套娃了 唔 不过解密确实都不难 整体剧情两个结局都打出来了之后看到了不一样的结果 总之 整体很棒 而且反派也非常出色 甚至可以说是迷人的地步 两位反派都让我非常喜欢 啊啊 人格魅力真的很吸引人 玩下来太爽了,玩法,正面
943,943,2026-02-28,近年最好的一部,推荐,11.4,46,205,近年最好的一部,情怀,正面
944,944,2026-02-28,"在疗养院就像回家了一样安心，直接化身格三光开始遨游 很爽
但相比生化2，这些个怪的b动静还是太多了些，玩久了真有点吵
突脸式的惊吓演出我更希望是一个都没有，“受到惊吓”和“感到恐怖”是两码事",推荐,6.4,7,116,在疗养院就像回家了一样安心 直接化身格三光开始遨游 很爽 但相比生化2 这些个怪的b动静还是太多了些 玩久了真有点吵 突脸式的惊吓演出我更希望是一个都没有 受到惊吓 和 感到恐怖 是两码事,音效,正面
945,945,2026-02-28,给个好评,推荐,0.4,30,139,给个好评,其他,正面
946,946,2026-02-28,我只能说有里昂的生化就是好生化，那段飙车戏份还是让我眼前一亮的（虽然有偷跑但我忍住了没多去看），还有那个re2的豆腐生还者出现在警察局窗口也是让我妙趣横生，格蕾丝的解密恐怖氛围感是很强烈的（前期的未戴，厨子，外科医生，中期毕竟一直被一个叫“女孩”的怪追杀中，正是她从天花板随机跳下增加了恐怖氛围和压迫感，而且恰到好处，照顾个个玩家）唯一遗憾就是这是里昂的收官之作，以后估计有可能出场但绝对不会以可操控角色形式出现，但其余的幸存者没出现我觉得有点遗憾，ada王生6之后就没有ada的任何消息了，希望卡婊能不忘初心圆玩家们的一些向往,推荐,13.9,28,137,我只能说有里昂的生化就是好生化 那段飙车戏份还是让我眼前一亮的 虽然有偷跑但我忍住了没多去看 还有那个re2的豆腐生还者出现在警察局窗口也是让我妙趣横生 格蕾丝的解密恐怖氛围感是很强烈的 前期的未戴 厨子 外科医生 中期毕竟一直被一个叫 女孩 的怪追杀中 正是她从天花板随机跳下增加了恐怖氛围和压迫感 而且恰到好处 照顾个个玩家 唯一遗憾就是这是里昂的收官之作 以后估计有可能出场但绝对不会以可操控角色形式出现 但其余的幸存者没出现我觉得有点遗憾 ada王生6之后就没有ada的任何消息了 希望卡婊能不忘初心圆玩家们的一些向往,情怀,正面
947,947,2026-02-28,"确实好玩，作为一部生化危机是还算合格的；
但是作为生化危机30周年纪念作，作为“重返浣熊市”的一作，它完全没有达到我的期待。
我标准（传统）模式初见，磨磨唧唧舔图，用格蕾丝在疗养院基本清空了丧尸，全流程里死了读档好几次，玩到最后通关时长仍然不到9小时，本作的体量实在是有点小了。
本作boss太少了。格蕾丝篇全是小怪尚且可以归因为设计风格，里昂篇也全是无尽的小怪竞技场，为数不多的几个boss甚至没法消耗多少我攒的弹药就倒下了，尤其是最终boss，我一背包弹药还没打三分之一他就直接进cg了，看着一背包没法继承到下周目的弹药我已急哭
这一作实际上赶工痕迹非常明显，往好了说，这就像是卡普空开的生化主题嘉年华，或者是重制进度述职会，你能从游戏内看到很多明显可以用于重制生化危机5/6/1/0/维罗妮卡的素材，但是从另一方面来说，本作基本上就是各种生化危机经典要素拼凑而成，只是卡普空这个炒饭大师厨力确实了得，把这些剩饭剩菜烹调成了和谐有味的好菜。
遗憾的是这一作实际上还有很多没能深入挖掘的角度就匆匆上菜：
    古钱币系统被局限在疗养院章节，为了简化合成系统删掉了经典的红草，同时让格蕾丝玩上了血魔法；
    格蕾丝和里昂的挂件/饰品系统初见几乎就只有两三个，而从奖励商店来看全解锁了总数加起来可能也就10个左右，尤其是里昂的挂件甚至无法做到给每把枪都配一个，真是食之无味弃之可惜；
    格蕾丝篇章只有手枪导致流程实际上注水严重，对比生7的贝克大宅和生8的古堡就会发现同样是大型箱庭解密，前辈们都有各种花样的武器和多场boss战，而本作的疗养院章节比起生化危机更像逃生，除了小怪之外的特殊敌人只有两个巡逻的屠夫，并且只要消耗一定资源完全可以不经过战斗解决掉；
    所谓的“重返浣熊市”实际上就是拼了一堆半开放世界街道再拿生2re的素材改了改搞了个风味景区，真正包含前作建筑元素的流程连半小时都没有；
    纵观整个作品，哪怕是在作为箱庭关卡的疗养院之外，浣熊市郊、rpd警局区域、方舟设施同样充斥着场景复用和一堆的“不能从此处打开”甚至是单纯的回头路，再结合本就不长的流程，本作的开发资源和时间恐怕非常不充裕。
当然，卡普空的开发人员们尽力用有限的资源打造了紧张刺激的格蕾丝章节和战斗爽的里昂章节，并且尽可能的塞入了名场景和彩蛋，老实说我玩得很爽，从1点解锁一口气打完了，意犹未尽。
但是我在玩过之后，还是忍不住对这个ip未来的计划感到担忧。
往好处想，生9开发资源比较少可能正是因为体量较大的生化危机5/6/维罗妮卡/0+1重制版正在开发，但这大概率只是我一厢情愿的美好幻想，更可能的原因是此前路边社说的那样，生化危机9本来是想要做成在浣熊市的开放世界游戏，半路上开发受阻改成了这样。
骗你的，我们没有任何正在进行的重制项目，生化危机9也没做好
致敬传奇20周年系列献礼作怪物猎人：荒野",推荐,13.7,47,206,确实好玩 作为一部生化危机是还算合格的 但是作为生化危机30周年纪念作 作为 重返浣熊市 的一作 它完全没有达到我的期待 我标准 传统 模式初见 磨磨唧唧舔图 用格蕾丝在疗养院基本清空了丧尸 全流程里死了读档好几次 玩到最后通关时长仍然不到9小时 本作的体量实在是有点小了 本作boss太少了 格蕾丝篇全是小怪尚且可以归因为设计风格 里昂篇也全是无尽的小怪竞技场 为数不多的几个boss甚至没法消耗多少我攒的弹药就倒下了 尤其是最终boss 我一背包弹药还没打三分之一他就直接进cg了 看着一背包没法继承到下周目的弹药我已急哭 这一作实际上赶工痕迹非常明显 往好了说 这就像是卡普空开的生化主题嘉年华 或者是重制进度述职会 你能从游戏内看到很多明显可以用于重制生化危机5 6 1 0 维罗妮卡的素材 但是从另一方面来说 本作基本上就是各种生化危机经典要素拼凑而成 只是卡普空这个炒饭大师厨力确实了得 把这些剩饭剩菜烹调成了和谐有味的好菜 遗憾的是这一作实际上还有很多没能深入挖掘的角度就匆匆上菜 古钱币系统被局限在疗养院章节 为了简化合成系统删掉了经典的红草 同时让格蕾丝玩上了血魔法 格蕾丝和里昂的挂件 饰品系统初见几乎就只有两三个 而从奖励商店来看全解锁了总数加起来可能也就10个左右 尤其是里昂的挂件甚至无法做到给每把枪都配一个 真是食之无味弃之可惜 格蕾丝篇章只有手枪导致流程实际上注水严重 对比生7的贝克大宅和生8的古堡就会发现同样是大型箱庭解密 前辈们都有各种花样的武器和多场boss战 而本作的疗养院章节比起生化危机更像逃生 除了小怪之外的特殊敌人只有两个巡逻的屠夫 并且只要消耗一定资源完全可以不经过战斗解决掉 所谓的 重返浣熊市 实际上就是拼了一堆半开放世界街道再拿生2re的素材改了改搞了个风味景区 真正包含前作建筑元素的流程连半小时都没有 纵观整个作品 哪怕是在作为箱庭关卡的疗养院之外 浣熊市郊 rpd警局区域 方舟设施同样充斥着场景复用和一堆的 不能从此处打开 甚至是单纯的回头路 再结合本就不长的流程 本作的开发资源和时间恐怕非常不充裕 当然 卡普空的开发人员们尽力用有限的资源打造了紧张刺激的格蕾丝章节和战斗爽的里昂章节 并且尽可能的塞入了名场景和彩蛋 老实说我玩得很爽 从1点解锁一口气打完了 意犹未尽 但是我在玩过之后 还是忍不住对这个ip未来的计划感到担忧 往好处想 生9开发资源比较少可能正是因为体量较大的生化危机5 6 维罗妮卡 0 1重制版正在开发 但这大概率只是我一厢情愿的美好幻想 更可能的原因是此前路边社说的那样 生化危机9本来是想要做成在浣熊市的开放世界游戏 半路上开发受阻改成了这样 骗你的 我们没有任何正在进行的重制项目 生化危机9也没做好 致敬传奇20周年系列献礼作怪物猎人 荒野,玩法,正面
948,948,2026-02-28,不孬，但感觉没RE4重制用心。,推荐,13.6,13,172,不孬 但感觉没RE4重制用心,情怀,正面
949,949,2026-02-28,都玩第一人称！,推荐,6.7,43,102,都玩第一人称,玩法,正面
950,950,2026-02-28,98年2代和里昂一起的过来人...别的不用多说,推荐,11.6,6,15,98年2代和里昂一起的过来人 别的不用多说,情怀,正面
951,951,2026-02-28,"非常有意思的一作，Grace线我唯唯诺诺，Leon线我重拳出击！！！
（没有玩过老版生化危机）与第4代重制版恐怖元素多一点，尤其是Leon打的更爽了！！！",推荐,13.1,22,31,非常有意思的一作 Grace线我唯唯诺诺 Leon线我重拳出击 没有玩过老版生化危机 与第4代重制版恐怖元素多一点 尤其是Leon打的更爽了,玩法,正面
952,952,2026-02-28,卡普空牛逼,推荐,7.5,24,133,卡普空牛逼,情怀,正面
953,953,2026-02-28,"下班狂玩7小时，现在刚到浣熊市，简单给个测评，供大家参考。

优点：生化味儿十足而又不失新意的生存恐怖体验；系列最爽快的战斗（是的没有之一）；堪称完美的游戏节奏（格线里线搭得非常舒服）；地图设计（疗养院图直接梦回警察局）。
缺点：暂无。

看媒体测评还担心格蕾丝线和里昂线很难有机结合，现在看来完全是多虑了。格蕾丝线有种最后生还者+生2的感觉，相较于生2，本作的策略和手段更丰富，指引也更充足；里昂线更多是动作射击。格蕾丝线和里昂线穿插的节奏把握得很好，每次格蕾丝这边压抑得差不多了，立马就给你换里昂开无双，两种游戏风格在同一部作品里的频繁切换不但没有让整体的节奏塌掉，反而营造了非常舒适的游玩体验。

打通后可能会视后续情况修改评价，但就前7个小时的游戏体验来说，可以给到10/10的满分。要不是明天要上班，下播是断然不可能的。",推荐,7.8,35,144,下班狂玩7小时 现在刚到浣熊市 简单给个测评 供大家参考 优点 生化味儿十足而又不失新意的生存恐怖体验 系列最爽快的战斗 是的没有之一 堪称完美的游戏节奏 格线里线搭得非常舒服 地图设计 疗养院图直接梦回警察局 缺点 暂无 看媒体测评还担心格蕾丝线和里昂线很难有机结合 现在看来完全是多虑了 格蕾丝线有种最后生还者 生2的感觉 相较于生2 本作的策略和手段更丰富 指引也更充足 里昂线更多是动作射击 格蕾丝线和里昂线穿插的节奏把握得很好 每次格蕾丝这边压抑得差不多了 立马就给你换里昂开无双 两种游戏风格在同一部作品里的频繁切换不但没有让整体的节奏塌掉 反而营造了非常舒适的游玩体验 打通后可能会视后续情况修改评价 但就前7个小时的游戏体验来说 可以给到10 10的满分 要不是明天要上班 下播是断然不可能的,玩法,正面
954,954,2026-02-28,游戏上线到现在连续玩了13小时还没通关，格蕾丝的恐怖氛围搭配里昂的战斗爽真的很不错。看到里昂回浣熊市的时候我感慨万千，以前玩re2的那段时光历历在目，警察局里的场景直接勾起我的回忆，里昂老了，我的童年也结束了。我觉得本作的一个遗憾是没有看到艾达王，卡普空，你还我王阿姨qwq,推荐,14.6,5,164,游戏上线到现在连续玩了13小时还没通关 格蕾丝的恐怖氛围搭配里昂的战斗爽真的很不错 看到里昂回浣熊市的时候我感慨万千 以前玩re2的那段时光历历在目 警察局里的场景直接勾起我的回忆 里昂老了 我的童年也结束了 我觉得本作的一个遗憾是没有看到艾达王 卡普空 你还我王阿姨qwq,情怀,正面
955,955,2026-02-28,连玩整整半天最后看里昂打完解药直接暴起，经典的打烂boss，这种爽感就是re独有的，三光最后笑着离场，仿佛变年轻的不止是他还有桌前的小小的老子，希望还能看到他。,推荐,13.7,30,89,连玩整整半天最后看里昂打完解药直接暴起 经典的打烂boss 这种爽感就是re独有的 三光最后笑着离场 仿佛变年轻的不止是他还有桌前的小小的老子 希望还能看到他,情怀,正面
956,956,2026-02-28,有点短，警察局再大点就好了 不要塌那么多嘛,推荐,13.6,3,12,有点短 警察局再大点就好了 不要塌那么多嘛,剧情,正面
957,957,2026-02-28,就一句话   比生灵重塑好玩！！！！！！！！！！！,推荐,9.3,5,64,就一句话 比生灵重塑好玩,其他,正面
958,958,2026-02-28,很完美的游戏，可惜没有艾达,推荐,13.8,18,27,很完美的游戏 可惜没有艾达,剧情,正面
959,959,2026-02-28,我说警察局放豆腐生还者的彩蛋是对的,推荐,14.2,9,68,我说警察局放豆腐生还者的彩蛋是对的,情怀,正面
960,960,2026-02-28,不负众望，正常发挥，游戏性很强，时长也很合适，当然昂子依然很好很帅，喜欢！,推荐,11.2,27,136,不负众望 正常发挥 游戏性很强 时长也很合适 当然昂子依然很好很帅 喜欢,玩法,正面
961,961,2026-02-28,爽玩！！！！！！,推荐,6.1,13,172,爽玩,其他,正面
962,962,2026-02-28,没有人觉得女主很吵吗，一直在叫比丧失还吓人。不是说不让叫，就，很吵emmm,推荐,6.3,14,23,没有人觉得女主很吵吗 一直在叫比丧失还吓人 不是说不让叫 就 很吵emmm,音效,正面
963,963,2026-02-28,无bug遇到，好玩，有老生化的味道，所有生化危机系列中集大成者，最伟大的一代,推荐,17.2,5,14,无bug遇到 好玩 有老生化的味道 所有生化危机系列中集大成者 最伟大的一代,情怀,正面
964,964,2026-02-28,还不错,推荐,21.6,5,14,还不错,其他,正面
965,965,2026-02-28,卧槽啊真尼玛的爽啊真爽，8小时打到凌晨3点了打昏头了要,推荐,8.1,2,11,卧槽啊真尼玛的爽啊真爽 8小时打到凌晨3点了打昏头了要,玩法,正面
966,966,2026-02-28,"刚刚通关，画面，节奏，恐惧和爽感双结合，重回浣熊市时那激动的心情，看着眼前熟悉却破败的一切，心里的感受是无法言表的。
我推荐这款游戏，是不错的游戏，是中规中矩能给玩家满意答卷的游戏。
但是卡普空，你愿意为这款作品的创新打上几分？还是为自己节约成本而沾沾自喜？

是格蕾丝“打开天窗说亮话”，晒死暗夜幽灵的追逐战斗，就像生化危机0里的水蛭女王一样？
是里昂再次遭遇暴君，想要看看脱离了ada的RPG，自己是否真正能与暴君做个了断一样？
是维克多变异后的Nemesis，与生化危机3的最终形态，甚至模型都几乎完全一样的简单战斗？

我不理解，所以我推荐这款游戏，他是合格的作品，但我对你失望，卡普空，作为一位老玩家的失望。",推荐,13.1,19,178,刚刚通关 画面 节奏 恐惧和爽感双结合 重回浣熊市时那激动的心情 看着眼前熟悉却破败的一切 心里的感受是无法言表的 我推荐这款游戏 是不错的游戏 是中规中矩能给玩家满意答卷的游戏 但是卡普空 你愿意为这款作品的创新打上几分 还是为自己节约成本而沾沾自喜 是格蕾丝 打开天窗说亮话 晒死暗夜幽灵的追逐战斗 就像生化危机0里的水蛭女王一样 是里昂再次遭遇暴君 想要看看脱离了ada的RPG 自己是否真正能与暴君做个了断一样 是维克多变异后的Nemesis 与生化危机3的最终形态 甚至模型都几乎完全一样的简单战斗 我不理解 所以我推荐这款游戏 他是合格的作品 但我对你失望 卡普空 作为一位老玩家的失望,情怀,正面
967,967,2026-02-28,告诉大家一个不好的消息，游戏开路径光追和其他差距过大，其实就是逼你买老黄的显卡，还有一点到目前为止英伟达还没对生化9进行驱动优化！游戏里dlss预设模型是d模式，开路径后，画面很模糊，dlss也是模糊的！等更新吧！现在我是真的玩不下去！,推荐,0.7,27,186,告诉大家一个不好的消息 游戏开路径光追和其他差距过大 其实就是逼你买老黄的显卡 还有一点到目前为止英伟达还没对生化9进行驱动优化 游戏里dlss预设模型是d模式 开路径后 画面很模糊 dlss也是模糊的 等更新吧 现在我是真的玩不下去,画面,正面
968,968,2026-02-28,Re从不让我失望,推荐,11.7,38,47,Re从不让我失望,情怀,正面
969,969,2026-02-28,伯拉纳警长，警员肯尼迪向您报到。,推荐,15.4,31,140,伯拉纳警长 警员肯尼迪向您报到,情怀,正面
970,970,2026-02-28,Totally worth it.,推荐,10.0,5,164,Totally worth it,价格,正面
971,971,2026-02-28,除去瞄准有点不太舒服，这是一部优秀的作品，值得一玩,推荐,13.9,3,12,除去瞄准有点不太舒服 这是一部优秀的作品 值得一玩,玩法,正面
972,972,2026-02-28,期待已久的大作，很好玩,推荐,7.5,20,179,期待已久的大作 很好玩,情怀,正面
973,973,2026-02-28,I love RE but can we speed up the characters? Trying to explore with really slow pace is a painful experience.,推荐,6.6,14,173,I love RE but can we speed up the characters Trying to explore with really slow pace is a painful experience,玩法,正面
974,974,2026-02-28,除了李昂线一段意义不明的大地图找炸弹，其他关卡设计水准都在8分往上，分角色叙事导致玩法割裂，但是也能适应，只是确实没有478的连贯感，多结局也让人耳目一新，总体而言还是值得推荐的,推荐,12.7,45,54,除了李昂线一段意义不明的大地图找炸弹 其他关卡设计水准都在8分往上 分角色叙事导致玩法割裂 但是也能适应 只是确实没有478的连贯感 多结局也让人耳目一新 总体而言还是值得推荐的,玩法,正面
975,975,2026-02-28,非常好玩,推荐,15.8,28,37,非常好玩,玩法,正面
976,976,2026-02-28,好玩,推荐,5.5,44,53,好玩,玩法,正面
977,977,2026-02-28,明明一起发售，但其他端已经提前大半天玩完并且网上剧透完了，纯馋人！所以我要先给个差评！等我玩完再给好评（恼）,不推荐,6.7,28,87,明明一起发售 但其他端已经提前大半天玩完并且网上剧透完了 纯馋人 所以我要先给个差评 等我玩完再给好评 恼,价格,负面
978,978,2026-02-28,比re7感觉好,推荐,9.7,21,80,比re7感觉好,情怀,正面
979,979,2026-02-28,怎么会有里昂这么帅的男人,推荐,11.2,3,62,怎么会有里昂这么帅的男人,情怀,正面
980,980,2026-02-28,妈的，好玩到我高潮了。还记得上一次玩儿2重置是我刚到美国的时候，那时候异国他乡什么都不熟悉只能在家里埋头打生化2，如今时过境迁，再次回到浣熊市的时候竟然恍如隔世，看到几个雕像的时候真的类目了，好游戏，直接冲吧,推荐,14.6,27,86,妈的 好玩到我高潮了 还记得上一次玩儿2重置是我刚到美国的时候 那时候异国他乡什么都不熟悉只能在家里埋头打生化2 如今时过境迁 再次回到浣熊市的时候竟然恍如隔世 看到几个雕像的时候真的类目了 好游戏 直接冲吧,情怀,正面
981,981,2026-02-28,技术表现力顶天，以前几代的彩蛋一大堆，总而言之就是玩爽了,推荐,12.3,43,152,技术表现力顶天 以前几代的彩蛋一大堆 总而言之就是玩爽了,情怀,正面
982,982,2026-02-28,好玩，爱玩,推荐,6.4,50,109,好玩 爱玩,玩法,正面
983,983,2026-02-28,"9个半小时 打完了,结论就是 一泡掺了糖的稀屎

优化很不错,场景设计也还行,剧情非常糟糕吃书,推翻了5之前的角色定位,为了卖续作写出这种剧本
本作依然没有解答三联到底要干嘛，7结尾紫色保护伞到底是何方神圣，8里的BSAA投的BOW是不是本作的前瞻
那你这一作到底写了个什么架空剧情

里昂太强 格蕾丝太弱导致游戏玩起来一边像是老4代国际难度的打头体术小刀,不过这一次就算打爆也打不死只能特殊手段终结.两个角色是极端的反方向体验 割裂 水时长的垃圾时间

花350打僵尸还不如打逆战，至少张杰是真发枪。
花350去浣熊市，你只能发现吉尔、克斯里真的太弱了，李三光肉身吃病毒还能带病颗秒。
组织不出语言喷了，你就当是个番外篇平行宇宙",不推荐,15.6,30,139,9个半小时 打完了 结论就是 一泡掺了糖的稀屎 优化很不错 场景设计也还行 剧情非常糟糕吃书 推翻了5之前的角色定位 为了卖续作写出这种剧本 本作依然没有解答三联到底要干嘛 7结尾紫色保护伞到底是何方神圣 8里的BSAA投的BOW是不是本作的前瞻 那你这一作到底写了个什么架空剧情 里昂太强 格蕾丝太弱导致游戏玩起来一边像是老4代国际难度的打头体术小刀 不过这一次就算打爆也打不死只能特殊手段终结 两个角色是极端的反方向体验 割裂 水时长的垃圾时间 花350打僵尸还不如打逆战 至少张杰是真发枪 花350去浣熊市 你只能发现吉尔 克斯里真的太弱了 李三光肉身吃病毒还能带病颗秒 组织不出语言喷了 你就当是个番外篇平行宇宙,剧情,负面
984,984,2026-02-28,完美的续作，卡普空的满分答案，不仅把生存恐怖与射击战斗的比例做到了平衡，甚至将浣熊市的故事也画上了句号。游戏长度适中不短，以往的枪械升级，体术，背包管理，解密统统都有，起码对于我这个生化系列粉丝来说是令人满意的。要说唯一的遗憾就是，室外的帧数真有点不尽人意，打里昂浣熊市找起爆器的那段真卡的不行了。希望卡普空后续优化吧。,推荐,13.2,4,13,完美的续作 卡普空的满分答案 不仅把生存恐怖与射击战斗的比例做到了平衡 甚至将浣熊市的故事也画上了句号 游戏长度适中不短 以往的枪械升级 体术 背包管理 解密统统都有 起码对于我这个生化系列粉丝来说是令人满意的 要说唯一的遗憾就是 室外的帧数真有点不尽人意 打里昂浣熊市找起爆器的那段真卡的不行了 希望卡普空后续优化吧,优化,正面
985,985,2026-02-28,里昂表现依旧权威  格蕾丝部分也不错,推荐,2.4,45,154,里昂表现依旧权威 格蕾丝部分也不错,情怀,正面
986,986,2026-02-28,"好玩，太好玩了，买了绝对不会后悔

原来一直陪伴我的是你啊绿色草药，你一直在我身边",推荐,12.7,40,149,好玩 太好玩了 买了绝对不会后悔 原来一直陪伴我的是你啊绿色草药 你一直在我身边,情怀,正面
987,987,2026-02-28,神作 买买买,推荐,4.3,25,84,神作 买买买,情怀,正面
988,988,2026-02-28,"       牛逼，玩格蕾丝用第一人称和第三人称分别玩出了生化危机7和生化危机2重制版的感觉，用里昂第一人称和第三人称分别玩出了生化危机8和生化危机4重制版的感觉，最后boss还有点生化危机3重制版那味，可谓是re引擎集大成者。
       但是，格蕾丝的变化似乎有点不自然，似乎转变的有点快，虽然可能制作人想要表达什么，但是就玩家体验而言，仅仅是隔了一会，她就打算和里昂分开，却和另一边更不像好人的人走到了一起，这让人感觉有点怪。
       还有，这个突然冒出来的方舟和厄尔庇斯比生化危机8里面突然冒出的“米兰达是斯宾塞老师”还令人惊奇。我靠，藏挺深，生化危机012345678里面是一点没有的东西，构建了生化危机9的主要的故事背景，你还不如说方舟是联盟在浣熊市爆炸后搞的，目的是回收蜂巢里的保护伞遗产接着研究BOW，格蕾丝作为FBI调查员意外卷入其中，里昂被拜托帮格蕾丝，Ada也来收集情报，然后BSAA也来了，吉尔来了，吉尔来和卡洛斯当拍档，雪莉和克莱尔当技术兵收集信息，威斯克当大boss，套皮生化危机6，翻版生化危机死亡岛，而且浣熊市主角齐活了
       地图变化间有点割裂，不像生化危机2重制版的理所当然和生化危机4重制版的水到渠成：从疗养院到地下的地图设计不如生化危机2重制版的从警察局到下水道那样紧密相连，或者生化危机4重制版的村庄和城堡那样分别自成一体，有一点生化危机4重制版里海岛的设计感。
       单论一小张地图设计疗养院确实有生化危机7的贝克家大宅子的感觉，下水道的黑暗氛围和那个大怪物就像生化危机二的警察局一样有压迫感。但是浣熊市的设计给我感觉有点枯燥，虽然我没有走多少重复路，但是要拿的道具相距间隔远，中间还得搞汽油，如果你想仔细探索一下地图，就会花大量时间得到一堆废墟（而且就我个人感觉，最后生还者1的废墟比这的废墟好看一点）。至于警察局，在剧情上似乎不是很重要，所以设计的仅剩情怀和彩蛋（我不太清楚为什么不直接把人带去方舟入口附近，孤儿院旁边那个篮球场都行，而是来警察局聊天，制作人意在表达什么？硬是给个来警察局的理由吗？）
       不过呢，这些只是我个人感觉上的小缺点，我仍然认为生化危机9是一款及其优秀的生存恐怖游戏，担的住生化危机的头衔，我会向你推荐这款游戏——等促销也行。",推荐,12.0,23,182,牛逼 玩格蕾丝用第一人称和第三人称分别玩出了生化危机7和生化危机2重制版的感觉 用里昂第一人称和第三人称分别玩出了生化危机8和生化危机4重制版的感觉 最后boss还有点生化危机3重制版那味 可谓是re引擎集大成者 但是 格蕾丝的变化似乎有点不自然 似乎转变的有点快 虽然可能制作人想要表达什么 但是就玩家体验而言 仅仅是隔了一会 她就打算和里昂分开 却和另一边更不像好人的人走到了一起 这让人感觉有点怪 还有 这个突然冒出来的方舟和厄尔庇斯比生化危机8里面突然冒出的 米兰达是斯宾塞老师 还令人惊奇 我靠 藏挺深 生化危机012345678里面是一点没有的东西 构建了生化危机9的主要的故事背景 你还不如说方舟是联盟在浣熊市爆炸后搞的 目的是回收蜂巢里的保护伞遗产接着研究BOW 格蕾丝作为FBI调查员意外卷入其中 里昂被拜托帮格蕾丝 Ada也来收集情报 然后BSAA也来了 吉尔来了 吉尔来和卡洛斯当拍档 雪莉和克莱尔当技术兵收集信息 威斯克当大boss 套皮生化危机6 翻版生化危机死亡岛 而且浣熊市主角齐活了 地图变化间有点割裂 不像生化危机2重制版的理所当然和生化危机4重制版的水到渠成 从疗养院到地下的地图设计不如生化危机2重制版的从警察局到下水道那样紧密相连 或者生化危机4重制版的村庄和城堡那样分别自成一体 有一点生化危机4重制版里海岛的设计感 单论一小张地图设计疗养院确实有生化危机7的贝克家大宅子的感觉 下水道的黑暗氛围和那个大怪物就像生化危机二的警察局一样有压迫感 但是浣熊市的设计给我感觉有点枯燥 虽然我没有走多少重复路 但是要拿的道具相距间隔远 中间还得搞汽油 如果你想仔细探索一下地图 就会花大量时间得到一堆废墟 而且就我个人感觉 最后生还者1的废墟比这的废墟好看一点 至于警察局 在剧情上似乎不是很重要 所以设计的仅剩情怀和彩蛋 我不太清楚为什么不直接把人带去方舟入口附近 孤儿院旁边那个篮球场都行 而是来警察局聊天 制作人意在表达什么 硬是给个来警察局的理由吗 不过呢 这些只是我个人感觉上的小缺点 我仍然认为生化危机9是一款及其优秀的生存恐怖游戏 担的住生化危机的头衔 我会向你推荐这款游戏 等促销也行,剧情,正面
989,989,2026-02-28,他妈的，我格蕾丝子弹会这么少的？等我到里昂那里，你们这群丧尸还能有头算我输,推荐,7.3,15,24,他妈的 我格蕾丝子弹会这么少的 等我到里昂那里 你们这群丧尸还能有头算我输,玩法,正面
990,990,2026-02-28,不知道，我的安魂曲很曼妙,推荐,11.6,27,86,不知道 我的安魂曲很曼妙,其他,正面
991,991,2026-02-28,男人，老男人，肌肉男人，成熟可靠的男人，好男人就像老酒，越老越香醇。,推荐,10.1,25,84,男人 老男人 肌肉男人 成熟可靠的男人 好男人就像老酒 越老越香醇,情怀,正面
992,992,2026-02-28,不怎么玩恐怖游戏玩女主章节的时候我还以为会被吓着结果朋友想看我玩让我开着播打再连个麦瞬间没这么吓人了一路冲，里昂章节更是没放过一只丧尸体术玩的太爽了，可惜不记得在打最终boss前存档只看见一个好结局，看坏结局的话还要再打一遍了唯一一个手动存的档还在浣熊市郊区那边去了,推荐,13.3,24,133,不怎么玩恐怖游戏玩女主章节的时候我还以为会被吓着结果朋友想看我玩让我开着播打再连个麦瞬间没这么吓人了一路冲 里昂章节更是没放过一只丧尸体术玩的太爽了 可惜不记得在打最终boss前存档只看见一个好结局 看坏结局的话还要再打一遍了唯一一个手动存的档还在浣熊市郊区那边去了,玩法,正面
993,993,2026-02-28,恐怖氛围做的太好了 已被吓哭,推荐,3.3,14,123,恐怖氛围做的太好了 已被吓哭,音效,正面
994,994,2026-02-28,中上水平吧，符合预期，但绝对没评测说的那么好。确实短了点，不过我会玩不止一遍，所以问题不大，剧情嘛，只能说很老套。不过总的来说我全程玩下来体验还是挺好的。,推荐,13.0,30,189,中上水平吧 符合预期 但绝对没评测说的那么好 确实短了点 不过我会玩不止一遍 所以问题不大 剧情嘛 只能说很老套 不过总的来说我全程玩下来体验还是挺好的,剧情,正面
995,995,2026-02-28,神作,推荐,14.2,7,66,神作,情怀,正面
996,996,2026-02-28,"好玩
",推荐,11.2,45,104,好玩,玩法,正面
997,997,2026-02-28,格蕾丝好漂亮！格蕾丝用第一人称可太来劲了！道理我都懂，但还是希望能多给点儿子弹啊啊啊啊啊！,推荐,5.2,47,206,格蕾丝好漂亮 格蕾丝用第一人称可太来劲了 道理我都懂 但还是希望能多给点儿子弹啊啊啊啊啊,玩法,正面
998,998,2026-02-28,好玩好玩，我要玩一辈子的里昂，太帅了，雪梨也好美，10分10分！！！,推荐,12.6,25,134,好玩好玩 我要玩一辈子的里昂 太帅了 雪梨也好美 10分10分,情怀,正面
999,999,2026-02-28,好玩，恐怖气氛还可以，但也还是老一套的贴脸杀，习惯了就好，这版的普通难度物资都少得可伶，不节约着用还真不够用，只能一直死。要说最遗憾的是最终BOSS都打完了，马格南都还没有用完  -。-   白攒了十几发,推荐,12.6,45,204,好玩 恐怖气氛还可以 但也还是老一套的贴脸杀 习惯了就好 这版的普通难度物资都少得可伶 不节约着用还真不够用 只能一直死 要说最遗憾的是最终BOSS都打完了 马格南都还没有用完 白攒了十几发,玩法,正面
1000,1000,2026-02-28,30周年了没吉尔先给个差评，这个纯属个人情绪宣泄与游戏好玩与否和品质无关，毕竟这游戏陪伴了半生如今让我期待落空。生化没有吉尔就如同街霸没有春丽，拳皇没有火舞，古墓没有劳拉。不说了通过后再给回好评。目前玩得正爽。,不推荐,12.1,48,157,30周年了没吉尔先给个差评 这个纯属个人情绪宣泄与游戏好玩与否和品质无关 毕竟这游戏陪伴了半生如今让我期待落空 生化没有吉尔就如同街霸没有春丽 拳皇没有火舞 古墓没有劳拉 不说了通过后再给回好评 目前玩得正爽,情怀,负面
1001,1001,2026-02-28,非常棒这画面效果和恐怖感。,推荐,5.8,39,98,非常棒这画面效果和恐怖感,画面,正面
1002,1002,2026-02-28,不如2和4  女主太拉胯  动作流畅度太低,不推荐,11.3,31,40,不如2和4 女主太拉胯 动作流畅度太低,玩法,负面
1003,1003,2026-02-28,"  心中最好的一代正传作品，把格蕾丝跟里昂的关卡设计做的非常贴合角色，在疗养院格蕾丝小心翼翼的潜行到后期浣熊市里昂大开杀戒太爽了,情怀也是拉满，里昂那句“伯拉纳警长，警员肯尼迪向您报道”我真的泪目了，格蕾丝也希望在后续作品继续出场，期待dlc！",推荐,14.5,14,73,心中最好的一代正传作品 把格蕾丝跟里昂的关卡设计做的非常贴合角色 在疗养院格蕾丝小心翼翼的潜行到后期浣熊市里昂大开杀戒太爽了 情怀也是拉满 里昂那句 伯拉纳警长 警员肯尼迪向您报道 我真的泪目了 格蕾丝也希望在后续作品继续出场 期待dlc,情怀,正面
1004,1004,2026-02-28,第一时间完成了游戏 格蕾丝的部分还是很好玩的 里昂中期那一部分重复性比较高 会感到一些疲倦 总体来说是合格的生化危机系列的作品 可以看出其中的沿用的以前系列的设计 期待DLC,推荐,12.1,27,186,第一时间完成了游戏 格蕾丝的部分还是很好玩的 里昂中期那一部分重复性比较高 会感到一些疲倦 总体来说是合格的生化危机系列的作品 可以看出其中的沿用的以前系列的设计 期待DLC,玩法,正面
1005,1005,2026-02-28,里昂就像美酒，越老越是香醇,推荐,3.9,24,133,里昂就像美酒 越老越是香醇,情怀,正面
1006,1006,2026-02-28,好玩爱玩，求点赞,推荐,6.0,30,39,好玩爱玩 求点赞,玩法,正面
1007,1007,2026-02-28,好玩,推荐,8.8,47,56,好玩,玩法,正面
1008,1008,2026-02-28,RE4 + RE 7/8 = RE9,推荐,8.8,17,26,RE4 RE 7 8 RE9,情怀,正面
1009,1009,2026-02-28,啥也不说了，玩到里昂登场对着丧尸嘎嘎乱杀了的时候，我一整个颅内高潮了，这几百块钱我就花值了！！.,推荐,3.4,1,110,啥也不说了 玩到里昂登场对着丧尸嘎嘎乱杀了的时候 我一整个颅内高潮了 这几百块钱我就花值了,情怀,正面
1010,1010,2026-02-28,真短啊，最后boss拉跨其他都还行，吃情怀还是得吃，警察局泪目了,推荐,10.2,28,187,真短啊 最后boss拉跨其他都还行 吃情怀还是得吃 警察局泪目了,剧情,正面
1011,1011,2026-02-28,好,推荐,13.7,3,162,好,其他,正面
1012,1012,2026-02-28,玩的很舒服。,推荐,9.6,30,39,玩的很舒服,玩法,正面
1013,1013,2026-02-28,心目中最佳的一部,推荐,12.7,13,72,心目中最佳的一部,情怀,正面
1014,1014,2026-02-28,好玩,推荐,5.2,28,187,好玩,玩法,正面
1015,1015,2026-02-28,太赞了！！！！刺激 紧张！！爽！！！,推荐,8.5,50,159,太赞了 刺激 紧张 爽,玩法,正面
1016,1016,2026-02-28,"好玩
",推荐,18.0,1,110,好玩,玩法,正面
1017,1017,2026-02-28,好玩 运气挺好没有遇到其他人说的崩溃卡顿什么的。这皮肤头发的纹理材质又是新巅峰，人物表情生动了不少,推荐,9.7,26,185,好玩 运气挺好没有遇到其他人说的崩溃卡顿什么的 这皮肤头发的纹理材质又是新巅峰 人物表情生动了不少,画面,正面
1018,1018,2026-02-28,关卡设计的恰到好处，解密刚刚好，不是很难，这次作品还是蛮成功的。,推荐,13.6,20,129,关卡设计的恰到好处 解密刚刚好 不是很难 这次作品还是蛮成功的,玩法,正面
1019,1019,2026-02-28,"还行吧，通了好结。睡醒再给三光弄死!!!
王阿姨下一步应该出来了吧，再不出来就人老珠黄了啊!!!",推荐,12.3,13,122,还行吧 通了好结 睡醒再给三光弄死 王阿姨下一步应该出来了吧 再不出来就人老珠黄了啊,剧情,正面
1020,1020,2026-02-28,好玩,推荐,10.1,48,207,好玩,玩法,正面
1021,1021,2026-02-28,nice，一如既往的发挥(σ｀д′)σ。但总觉得是为了re6重制做铺垫。,推荐,12.5,11,170,nice 一如既往的发挥 σ д σ 但总觉得是为了re6重制做铺垫,情怀,正面
1022,1022,2026-02-28,[h1] 首发享受者第一时间打完了哈。[/h1] steam时长11个半小时，游戏内最后统计是不到9小时的样子。体量不小，我是收集党虽然着急过剧情没有刻意打但还是强迫症多跑好几趟，有几段时间在迷路，所以我感觉全收集至少10个小时往上这样，体量还可以。整个主线对我完全不恐怖，全篇被吓到零次，格蕾丝就是解密居多，里昂就战斗爽。我是单推里昂所以剧情这块我肯定能给到一个夯。（剧透警告）。[spoiler]战损顶级美味，PTSD顶级美味，永远怀抱着使命和责任顶级美味。身不由己但是把所有周围人的命都算在自己脑袋上的劳碌命，在病毒、过去和对手几乎碾压级的实力下，感到疲倦、迷茫甚至是已经预见结局的不安，但依然站起来，走出去，从不逃避，从不做懦夫。生9的他和生2的青涩小警察，尽管性格、外貌、认知都遭受了重塑，周围的世界也颠倒成很糟糕、他很讨厌的样子，旧日与现在的他依然共享着纯粹的内核。救人，去拯救每一个人。更令人惶恐的是，我怀疑他心里甚至是：救下一个人不是你的荣誉，但是没救下的人是你的责任。是旧日的创伤让他无法停下脚步，不是有了希望的目的地。是因为心里藏着愧疚和恐慌，胸中才梗着一口气，上不去下不来，像走钢丝一样，撑着自己往前，所以最后，以为救下了格蕾丝阻止了阴谋，因为救下了一回，这一口气吐出去，就再也提不起力气来了，其实不是解脱，就是松了劲、落下去了，恰好是死亡来临。其实细想一下我甚至觉得可以理解这个结局。他真的看起来太累了，他上司真的有好好关注他的精神状态吗:( [/spoiler]Anyway，推荐！剧情中规中矩，其实没有生6那样出彩的交叉，解密就是生2的味道，战斗比生4要爽，中间还有里昂开摩托重现电影场景，缺点有的部分真的挺容易迷路的（我印象里前几部我都没遇见这样的问题，但是无伤大雅其实），然后就是吃情怀的可以直接入，孩子自从进了RPD看到WELCOME LEON就一直哭，从西一哭到东一，打字机、储物箱、雕像看得我直接坐不住了蹲在椅子上玩，感觉真的像梦一样，一场经年的噩梦。浣熊市是里昂的开始吗？我觉得浣熊市毁掉了里昂的开始，从这往后的每一步他都没有选择，我热爱的人格魅力是建立在他失去了自己安稳人生的基础上诞生的，所以其实从相逢开始，清醒着就无法不痛苦的悲剧就已经注定了。,推荐,11.5,5,14,h1 首发享受者第一时间打完了哈 h1 steam时长11个半小时 游戏内最后统计是不到9小时的样子 体量不小 我是收集党虽然着急过剧情没有刻意打但还是强迫症多跑好几趟 有几段时间在迷路 所以我感觉全收集至少10个小时往上这样 体量还可以 整个主线对我完全不恐怖 全篇被吓到零次 格蕾丝就是解密居多 里昂就战斗爽 我是单推里昂所以剧情这块我肯定能给到一个夯 剧透警告 spoiler 战损顶级美味 PTSD顶级美味 永远怀抱着使命和责任顶级美味 身不由己但是把所有周围人的命都算在自己脑袋上的劳碌命 在病毒 过去和对手几乎碾压级的实力下 感到疲倦 迷茫甚至是已经预见结局的不安 但依然站起来 走出去 从不逃避 从不做懦夫 生9的他和生2的青涩小警察 尽管性格 外貌 认知都遭受了重塑 周围的世界也颠倒成很糟糕 他很讨厌的样子 旧日与现在的他依然共享着纯粹的内核 救人 去拯救每一个人 更令人惶恐的是 我怀疑他心里甚至是 救下一个人不是你的荣誉 但是没救下的人是你的责任 是旧日的创伤让他无法停下脚步 不是有了希望的目的地 是因为心里藏着愧疚和恐慌 胸中才梗着一口气 上不去下不来 像走钢丝一样 撑着自己往前 所以最后 以为救下了格蕾丝阻止了阴谋 因为救下了一回 这一口气吐出去 就再也提不起力气来了 其实不是解脱 就是松了劲 落下去了 恰好是死亡来临 其实细想一下我甚至觉得可以理解这个结局 他真的看起来太累了 他上司真的有好好关注他的精神状态吗 spoiler Anyway 推荐 剧情中规中矩 其实没有生6那样出彩的交叉 解密就是生2的味道 战斗比生4要爽 中间还有里昂开摩托重现电影场景 缺点有的部分真的挺容易迷路的 我印象里前几部我都没遇见这样的问题 但是无伤大雅其实 然后就是吃情怀的可以直接入 孩子自从进了RPD看到WELCOME LEON就一直哭 从西一哭到东一 打字机 储物箱 雕像看得我直接坐不住了蹲在椅子上玩 感觉真的像梦一样 一场经年的噩梦 浣熊市是里昂的开始吗 我觉得浣熊市毁掉了里昂的开始 从这往后的每一步他都没有选择 我热爱的人格魅力是建立在他失去了自己安稳人生的基础上诞生的 所以其实从相逢开始 清醒着就无法不痛苦的悲剧就已经注定了,剧情,正面
1023,1023,2026-02-28,生化系列续作 只能说太牛逼了,推荐,7.2,4,63,生化系列续作 只能说太牛逼了,情怀,正面
1024,1024,2026-02-28,很好玩 没话说 不要被戾气过重的国区玩家带歪 更不要因为某些人错过这游戏,推荐,6.3,19,78,很好玩 没话说 不要被戾气过重的国区玩家带歪 更不要因为某些人错过这游戏,玩法,正面
1025,1025,2026-02-28,steam时长12小时，实际游戏时间9小时左右。虽然很早就有偷跑，但是忍住一直没去看，实际上自己玩下来剧情还是很出色的，情怀也拉满了。游戏性方面，re2和re4的结合，应该可以满足所有生化系列玩家了吧。格蕾丝视角很有恐怖氛围，jump scare并不多。但是战斗环节物资过于匮乏，而且很依赖溶血注射器。里昂视角就是单纯的战斗爽，重返浣熊市这一块。最后居然还有多结局。总之，尽情地享受吧，装兜吧。,推荐,12.8,44,203,steam时长12小时 实际游戏时间9小时左右 虽然很早就有偷跑 但是忍住一直没去看 实际上自己玩下来剧情还是很出色的 情怀也拉满了 游戏性方面 re2和re4的结合 应该可以满足所有生化系列玩家了吧 格蕾丝视角很有恐怖氛围 jump scare并不多 但是战斗环节物资过于匮乏 而且很依赖溶血注射器 里昂视角就是单纯的战斗爽 重返浣熊市这一块 最后居然还有多结局 总之 尽情地享受吧 装兜吧,剧情,正面
1026,1026,2026-02-28,卡普空的诚意之作,推荐,7.3,20,179,卡普空的诚意之作,情怀,正面
1027,1027,2026-02-28,"孩子们，我们Bio Hazard一直是玄幻题材作品，内部代号叫Devil May Cry
本作品的正统续作也很快会和大家见面，届时大伙的老朋友里昂S肯尼迪先生将会得道飞升并改名Dante与大家相会",推荐,10.1,5,14,孩子们 我们Bio Hazard一直是玄幻题材作品 内部代号叫Devil May Cry 本作品的正统续作也很快会和大家见面 届时大伙的老朋友里昂S肯尼迪先生将会得道飞升并改名Dante与大家相会,情怀,正面
1028,1028,2026-02-28,y,推荐,11.8,39,48,y,其他,正面
1029,1029,2026-02-28,"”能防止尸体变异“
为什么我感觉要完蛋了
-吓死了还以为是一代那种变异，原来只是变成大头儿子",推荐,6.5,46,155,能防止尸体变异 为什么我感觉要完蛋了 吓死了还以为是一代那种变异 原来只是变成大头儿子,剧情,正面
1030,1030,2026-02-28,9小时通关一周目，只能说流程不长不短，格瑞斯部分很刺激，里幻神部分爽到爆炸，个人给这代作品排到生化历史第二，第一生化4不用说，希望卡普空能早点把dlc搬上来,推荐,13.8,9,118,9小时通关一周目 只能说流程不长不短 格瑞斯部分很刺激 里幻神部分爽到爆炸 个人给这代作品排到生化历史第二 第一生化4不用说 希望卡普空能早点把dlc搬上来,剧情,正面
1031,1031,2026-02-28,伟大无需多言，不论你是哪种粉都可以得到满足,推荐,13.4,24,133,伟大无需多言 不论你是哪种粉都可以得到满足,情怀,正面
1032,1032,2026-02-28,"口瓜！这就是我想要的里昂啊！我敬佩你啊 Leon--------------游戏剧情给到夯，不过女主关卡设计有点重复 但紧张性还是拉满。很多地方出其不意给我一个scare！前期主要以女主为主要篇章,Leon只会在蘸斗爽的时候担任可操控角色。后面则是反过来，单说真的，Leon是真的玩不腻，还有这一作的瞄准镜有够辣鸡的，Pc端不如不改装这个瞄准镜配件，不然基本打不出硬直，判定有点迷惑。还有这个标准难度的物资都很少 需要玩家充分做到物资管理。不然很容易出现卡关的情况，还有一个南蚌的就是 为啥要把关键任务道具设定成占用背包空间，很不方便做物品管理，不带任务道具又怕再跑一趟，什么脑瘫设定。 但总的来说 游戏很不错 Leon还是玩不够 且坏结局看的很扎心 不过真心是好作品--------------------口瓜！这就是我想要的里昂啊！我敬佩你啊 Leon！",推荐,13.3,50,109,口瓜 这就是我想要的里昂啊 我敬佩你啊 Leon 游戏剧情给到夯 不过女主关卡设计有点重复 但紧张性还是拉满 很多地方出其不意给我一个scare 前期主要以女主为主要篇章 Leon只会在蘸斗爽的时候担任可操控角色 后面则是反过来 单说真的 Leon是真的玩不腻 还有这一作的瞄准镜有够辣鸡的 Pc端不如不改装这个瞄准镜配件 不然基本打不出硬直 判定有点迷惑 还有这个标准难度的物资都很少 需要玩家充分做到物资管理 不然很容易出现卡关的情况 还有一个南蚌的就是 为啥要把关键任务道具设定成占用背包空间 很不方便做物品管理 不带任务道具又怕再跑一趟 什么脑瘫设定 但总的来说 游戏很不错 Leon还是玩不够 且坏结局看的很扎心 不过真心是好作品 口瓜 这就是我想要的里昂啊 我敬佩你啊 Leon,剧情,正面
1033,1033,2026-02-28,确实好游戏第一人称玩 吓漏尿了 先撤退了,推荐,0.6,45,154,确实好游戏第一人称玩 吓漏尿了 先撤退了,玩法,正面
1034,1034,2026-02-28,"7小时通关，实际应该是打了十几个小时，剧情还是一如既往的生化味道，不好也不差，期待DLC补充。RE9玩法可以说是把前面所有系列的RE都来了一个大杂烩，两大管饱，符合我的期待。

另外，有里昂居然没有艾达，差评！！！十分的差评！！！！！！！！！！
还有里昂最后左手无名指的戒指是我像的那样嘛？和艾达的婚戒对吧对吧

",推荐,13.5,3,12,7小时通关 实际应该是打了十几个小时 剧情还是一如既往的生化味道 不好也不差 期待DLC补充 RE9玩法可以说是把前面所有系列的RE都来了一个大杂烩 两大管饱 符合我的期待 另外 有里昂居然没有艾达 差评 十分的差评 还有里昂最后左手无名指的戒指是我像的那样嘛 和艾达的婚戒对吧对吧,剧情,正面
1035,1035,2026-02-28,太短了，不够劲,推荐,13.2,42,151,太短了 不够劲,其他,正面
1036,1036,2026-02-28,"好玩，一口气通关了，也很适合一口气通关
两人的剧情穿插着来，保证了新鲜度，打起来也不会很累，也有种欲扬先抑的爽感
先用格蕾丝被各种欺负，然后用里昂屠杀
爽文这一块被玩明白了
重回RPD，我眼前也像里昂一样出现了闪回，进去办公室的那一瞬间眼前出现了曾经的警服僵尸，颇为奇妙的体验，仿佛一瞬之间跟里昂异体同心
总之里昂线有各种惊喜，感觉就这已经值回票价
就是里昂的枪斗术处决比较难打出
----------------
通关了去看里昂的概念设计图，有惊喜
",推荐,13.5,47,106,好玩 一口气通关了 也很适合一口气通关 两人的剧情穿插着来 保证了新鲜度 打起来也不会很累 也有种欲扬先抑的爽感 先用格蕾丝被各种欺负 然后用里昂屠杀 爽文这一块被玩明白了 重回RPD 我眼前也像里昂一样出现了闪回 进去办公室的那一瞬间眼前出现了曾经的警服僵尸 颇为奇妙的体验 仿佛一瞬之间跟里昂异体同心 总之里昂线有各种惊喜 感觉就这已经值回票价 就是里昂的枪斗术处决比较难打出 通关了去看里昂的概念设计图 有惊喜,剧情,正面
1037,1037,2026-02-28,里昂还是令人那么心安,推荐,5.3,28,137,里昂还是令人那么心安,情怀,正面
1038,1038,2026-02-28,郝玩！首发12小时爽玩除了吃饭就是玩，既有7的恐怖还有4的战斗爽。不太好的就是浣熊市李昂的流程有点太长了没剧情。目前还没玩完，等全成就再说。,推荐,15.2,34,193,郝玩 首发12小时爽玩除了吃饭就是玩 既有7的恐怖还有4的战斗爽 不太好的就是浣熊市李昂的流程有点太长了没剧情 目前还没玩完 等全成就再说,玩法,正面
1039,1039,2026-02-28,爽玩,推荐,7.9,31,190,爽玩,其他,正面
1040,1040,2026-02-28,"评分9/10
是一作生化味相当浓的续作，有生化系列的老优点：双线交汇叙事带来的电影级的叙事和表现力，相当有节奏的剧情安排，恰到好处的恐怖成分（尤其是最开始一段的恐怖氛围真的很强，避免了惊吓的jumpscare，能感觉到制作组的想法），以及很重要的优化做的相当不错，画质作为最顶尖一档的水平优化依然稳定。
但是也有相应的缺点，比如找东西放东西这类的重复性动作和大肉块boss，不过整体下来没有乏味感，整体的引导也不生硬，都是想一想就能过的程度；
ps:三光的故地重游和Flashback，让每一作都完整玩下来的我不禁还是有些伤感......",推荐,13.2,12,71,评分9 10 是一作生化味相当浓的续作 有生化系列的老优点 双线交汇叙事带来的电影级的叙事和表现力 相当有节奏的剧情安排 恰到好处的恐怖成分 尤其是最开始一段的恐怖氛围真的很强 避免了惊吓的jumpscare 能感觉到制作组的想法 以及很重要的优化做的相当不错 画质作为最顶尖一档的水平优化依然稳定 但是也有相应的缺点 比如找东西放东西这类的重复性动作和大肉块boss 不过整体下来没有乏味感 整体的引导也不生硬 都是想一想就能过的程度 ps 三光的故地重游和Flashback 让每一作都完整玩下来的我不禁还是有些伤感,剧情,正面
1041,1041,2026-02-28,好！,推荐,12.2,40,99,好,其他,正面
1042,1042,2026-02-28,我艾达王呢我艾达王呢我艾达王呢我艾达王呢我艾达王呢我艾达王呢我艾达王呢我艾达王呢我艾达王呢我艾达王呢我艾达王呢我艾达王呢我艾达王呢我艾达王呢我艾达王呢我艾达王呢我艾达王呢,推荐,5.2,50,159,我艾达王呢我艾达王呢我艾达王呢我艾达王呢我艾达王呢我艾达王呢我艾达王呢我艾达王呢我艾达王呢我艾达王呢我艾达王呢我艾达王呢我艾达王呢我艾达王呢我艾达王呢我艾达王呢我艾达王呢,情怀,正面
1043,1043,2026-02-28,刚到警察局，已经泪目了，欢迎回家里昂,推荐,10.0,50,209,刚到警察局 已经泪目了 欢迎回家里昂,情怀,正面
1044,1044,2026-02-28,"10/10 10/10 10/10 10/10 10/10 10/10 10/10 10/10 10/10 10/10 10/10 10/10 10/10 10/10 10/10 10/10 10/10 10/10
年度最佳有力竞选者",推荐,13.3,36,195,10 10 10 10 10 10 10 10 10 10 10 10 10 10 10 10 10 10 10 10 10 10 10 10 10 10 10 10 10 10 10 10 10 10 10 10 年度最佳有力竞选者,其他,正面
1045,1045,2026-02-28,"从27号下午一点一口气打到现在
RE9真的很出色，我个人游玩下来感觉十分不错。格雷斯部分是RE2➕7的融合十分考验资源管理能力，同时敌人新奇的ai行为嚷我在游玩时有莫大的压力，从一开始酒店到护士站初见“女儿”奠定了偏恐怖的氛围，整体游玩下来还是十分刺激
里昻部分伟大无须多言，比RE4还爽的体术，融合RE6的主动体术，好几个体术后外加斧头处决真的帅爆了，外加还有枪决。
并且里昂部分明显物质更充足，打起来更爽。在我心里这次双线并进反而达成了恐怖与爽感之间微妙的平衡
几个老熟人的回归还是很让我惊喜的，可惜boss战给我的感觉有点水，后面还是有赶工的痕迹。
不多说，卡普空速速端上dlc🥵",推荐,14.4,34,93,从27号下午一点一口气打到现在 RE9真的很出色 我个人游玩下来感觉十分不错 格雷斯部分是RE2 7的融合十分考验资源管理能力 同时敌人新奇的ai行为嚷我在游玩时有莫大的压力 从一开始酒店到护士站初见 女儿 奠定了偏恐怖的氛围 整体游玩下来还是十分刺激 里昻部分伟大无须多言 比RE4还爽的体术 融合RE6的主动体术 好几个体术后外加斧头处决真的帅爆了 外加还有枪决 并且里昂部分明显物质更充足 打起来更爽 在我心里这次双线并进反而达成了恐怖与爽感之间微妙的平衡 几个老熟人的回归还是很让我惊喜的 可惜boss战给我的感觉有点水 后面还是有赶工的痕迹 不多说 卡普空速速端上dlc,玩法,正面
1046,1046,2026-02-28,好玩爱玩,推荐,11.4,33,92,好玩爱玩,玩法,正面
1047,1047,2026-02-28,爽！,推荐,12.4,15,24,爽,其他,正面
1048,1048,2026-02-28,感觉格蕾丝和里昂两个视角就是一个在玩生化7一个在玩生化8,推荐,15.8,6,65,感觉格蕾丝和里昂两个视角就是一个在玩生化7一个在玩生化8,玩法,正面
1049,1049,2026-02-28,这代真的好喜欢,推荐,8.0,10,119,这代真的好喜欢,情怀,正面
1050,1050,2026-02-28,情怀大于剧情，即便是re系列玩家在回到浣熊市警局的那个瞬间，当过往种种浮现，也很难会没有感触,推荐,14.6,6,115,情怀大于剧情 即便是re系列玩家在回到浣熊市警局的那个瞬间 当过往种种浮现 也很难会没有感触,情怀,正面
1051,1051,2026-02-28,去年入坑的生化粉丝第一次追首发，好玩！极力推荐！,推荐,11.2,11,120,去年入坑的生化粉丝第一次追首发 好玩 极力推荐,情怀,正面
1052,1052,2026-02-28,超越前作,推荐,6.7,9,118,超越前作,情怀,正面
1053,1053,2026-02-28,格蕾丝部分紧张刺激，里昂部分依旧很爽，宝刀未老，多的不说，满分打底,推荐,10.7,8,67,格蕾丝部分紧张刺激 里昂部分依旧很爽 宝刀未老 多的不说 满分打底,情怀,正面
1054,1054,2026-02-28,"适配欺诈 完美适配是指不开映射用都没法用？
映射是steam是功劳不是你卡婊的能力",不推荐,1.1,34,193,适配欺诈 完美适配是指不开映射用都没法用 映射是steam是功劳不是你卡婊的能力,优化,负面
1055,1055,2026-02-28,一直盯着里昂的屁股看根本没法瞄准和开车了（悲）,推荐,11.2,2,61,一直盯着里昂的屁股看根本没法瞄准和开车了 悲,情怀,正面
1056,1056,2026-02-28,量大管饱，太好玩了,推荐,18.0,3,112,量大管饱 太好玩了,玩法,正面
1057,1057,2026-02-28,虽然之前全网偷跑差点被剧透了，但是这次周年庆的正传9代 给的惊喜还是很大，这个等待是值得的,推荐,4.1,8,17,虽然之前全网偷跑差点被剧透了 但是这次周年庆的正传9代 给的惊喜还是很大 这个等待是值得的,情怀,正面
1058,1058,2026-02-28,除了最终boss有点潦草外其他的还行，艾达和克莱尔居然没出现让我很失望，还有警察局是不是删了一堵墙啊，总感觉怪怪的。再补充一下，这一作的优化稀烂，9600x+5070ti，全拉满+路径追踪+dlss性能+2倍帧生成，进浣熊市打丧尸直接卡飞了，连20帧都没有,推荐,13.3,4,113,除了最终boss有点潦草外其他的还行 艾达和克莱尔居然没出现让我很失望 还有警察局是不是删了一堵墙啊 总感觉怪怪的 再补充一下 这一作的优化稀烂 9600x 5070ti 全拉满 路径追踪 dlss性能 2倍帧生成 进浣熊市打丧尸直接卡飞了 连20帧都没有,优化,正面
1059,1059,2026-02-28,不赖,推荐,13.3,5,114,不赖,其他,正面
1060,1060,2026-02-28,好玩好玩好玩，卡普空诚意很足的一作，除了女主塑造差点意思其他都给到夯,推荐,11.0,26,135,好玩好玩好玩 卡普空诚意很足的一作 除了女主塑造差点意思其他都给到夯,剧情,正面
1061,1061,2026-02-28,"你说它好玩嘛，一回想起来不是战神里昂，也不是弱小格蕾丝，而是找那各种各样的破钥匙，3块石头，3个电插头，3种电路板，钥匙被锁住了怎么办，那就找钥匙开锁。探索就是开锁，找钥匙就是探索。
战斗的话格蕾丝的战斗有点生化危机的那种恐怖氛围，在前期的探索战斗中真的很有代入感，在双主角交替战斗很能衬托格蕾丝的弱小和生化危机的恐怖氛围。说到里昂，里昂这也太战神了吧？在格蕾丝的衬托下里昂已经超越人类了，精英怪，怪海，没有我里哥射不爆的怪，特别是两场里昂的BOSS战，纯粹角斗场，没有任何场景交互，不仅我里哥1V1真男人单挑生化武器，而且BOSS的攻击我里托斯抬个斧头就挡完了。抬手不是抱歉，而是老弟你还得练，这句话第一次这么具象化地出现在游戏里。
剧情呢？莫名其妙，说了什么又好像什么也没说。某个反派100%纯小丑，装着威斯克的B，这么大排面，到最后装的原来是傻B。战斗也没战斗上，还不如个装克劳撒的小兵。在过场动画里B都给他装完了，然后又在过场动画里被另一个反派一巴掌拍死了，卧槽编剧你设计出来是干什么啊？你出来埋伏笔或是推动剧情的作用还不如收集品或者对话有来得有用，纯粹来凑动画时长的。不到8小时的剧情里不管是这剧情编排还是BOSS编排只有情怀情绪没有逻辑，战斗和剧情很割裂，一点深度没有，到最后好人都还能包个汉堡我也是没想到的。
12小时打通一周目最新的生化危机正统续作生化危机9，剧情纯靠播片，探索全靠钥匙，349确实贵了，下次不冲首发了。",推荐,12.3,28,137,你说它好玩嘛 一回想起来不是战神里昂 也不是弱小格蕾丝 而是找那各种各样的破钥匙 3块石头 3个电插头 3种电路板 钥匙被锁住了怎么办 那就找钥匙开锁 探索就是开锁 找钥匙就是探索 战斗的话格蕾丝的战斗有点生化危机的那种恐怖氛围 在前期的探索战斗中真的很有代入感 在双主角交替战斗很能衬托格蕾丝的弱小和生化危机的恐怖氛围 说到里昂 里昂这也太战神了吧 在格蕾丝的衬托下里昂已经超越人类了 精英怪 怪海 没有我里哥射不爆的怪 特别是两场里昂的BOSS战 纯粹角斗场 没有任何场景交互 不仅我里哥1V1真男人单挑生化武器 而且BOSS的攻击我里托斯抬个斧头就挡完了 抬手不是抱歉 而是老弟你还得练 这句话第一次这么具象化地出现在游戏里 剧情呢 莫名其妙 说了什么又好像什么也没说 某个反派100 纯小丑 装着威斯克的B 这么大排面 到最后装的原来是傻B 战斗也没战斗上 还不如个装克劳撒的小兵 在过场动画里B都给他装完了 然后又在过场动画里被另一个反派一巴掌拍死了 卧槽编剧你设计出来是干什么啊 你出来埋伏笔或是推动剧情的作用还不如收集品或者对话有来得有用 纯粹来凑动画时长的 不到8小时的剧情里不管是这剧情编排还是BOSS编排只有情怀情绪没有逻辑 战斗和剧情很割裂 一点深度没有 到最后好人都还能包个汉堡我也是没想到的 12小时打通一周目最新的生化危机正统续作生化危机9 剧情纯靠播片 探索全靠钥匙 349确实贵了 下次不冲首发了,玩法,正面
1062,1062,2026-02-28,玩李昂爽死，玩格蕾丝吓死，算是两边做的都挺好的吧，就是每次李昂操纵时间也太少了，根本爽不起来,推荐,7.8,18,177,玩李昂爽死 玩格蕾丝吓死 算是两边做的都挺好的吧 就是每次李昂操纵时间也太少了 根本爽不起来,玩法,正面
1063,1063,2026-02-28,keyi,推荐,4.3,35,194,keyi,其他,正面
1064,1064,2026-02-28,三光老英雄，越喝越奋勇，当浮一大白！,推荐,14.6,10,119,三光老英雄 越喝越奋勇 当浮一大白,情怀,正面
1065,1065,2026-02-28,真的，如果gta6又跳票。安魂曲年度最佳有了,推荐,7.6,25,34,真的 如果gta6又跳票 安魂曲年度最佳有了,其他,正面
1066,1066,2026-02-28,高开低走，平庸之作,不推荐,11.1,21,30,高开低走 平庸之作,剧情,负面
1067,1067,2026-02-28,卡普空牛逼,推荐,12.0,18,77,卡普空牛逼,情怀,正面
1068,1068,2026-02-28,玩过最棒的一部生化,推荐,12.3,35,144,玩过最棒的一部生化,情怀,正面
1069,1069,2026-02-28,好玩,推荐,14.3,35,194,好玩,玩法,正面
1070,1070,2026-02-28,  动作体验真不如2跟4   太难受了 ps 里昂太超级无敌帅了,推荐,1.9,4,163,动作体验真不如2跟4 太难受了 ps 里昂太超级无敌帅了,情怀,正面
1071,1071,2026-02-28,神作！！！,推荐,8.3,5,14,神作,情怀,正面
1072,1072,2026-02-28,我说24岁的里昂水灵灵，48岁的里昂是双倍的水灵。,推荐,1.0,49,208,我说24岁的里昂水灵灵 48岁的里昂是双倍的水灵,情怀,正面
1073,1073,2026-02-28,好玩，好久没玩这么上头了,推荐,8.1,34,43,好玩 好久没玩这么上头了,玩法,正面
1074,1074,2026-02-28,通关留念，真是个好游戏啊,推荐,12.2,8,117,通关留念 真是个好游戏啊,情怀,正面
1075,1075,2026-02-28,"剧情泄露，适配诈骗，流程过短，吃书，搞cosplay角色卖情怀，交互键超强吸力，部分关卡和敌人设计搞秒杀逼你打两遍拖时长，后半程里昂线又臭又长怪如血魔这些先不谈
女主中间纯害公降智害人，在屠杀一片男僵尸之后，被害死的小女孩还能原地复活这一点真给我这个莫名其妙的男人看爽了",推荐,11.3,18,177,剧情泄露 适配诈骗 流程过短 吃书 搞cosplay角色卖情怀 交互键超强吸力 部分关卡和敌人设计搞秒杀逼你打两遍拖时长 后半程里昂线又臭又长怪如血魔这些先不谈 女主中间纯害公降智害人 在屠杀一片男僵尸之后 被害死的小女孩还能原地复活这一点真给我这个莫名其妙的男人看爽了,剧情,正面
1076,1076,2026-02-28,我现在就要里昂家的青春岁月追忆包-解锁全部通关奖励dlc 我需要无限rpg,推荐,12.5,17,26,我现在就要里昂家的青春岁月追忆包 解锁全部通关奖励dlc 我需要无限rpg,情怀,正面
1077,1077,2026-02-28,好玩！！！！！,推荐,13.2,15,24,好玩,玩法,正面
1078,1078,2026-02-28,真好玩,推荐,8.7,1,10,真好玩,玩法,正面
1079,1079,2026-02-28,"王阿姨你在哪
还有克里斯
为什么你又迟到了",推荐,12.5,20,179,王阿姨你在哪 还有克里斯 为什么你又迟到了,情怀,正面
1080,1080,2026-02-28,前作有的他都有 流程偏短 佳作非神作 情怀加分,推荐,12.4,46,55,前作有的他都有 流程偏短 佳作非神作 情怀加分,情怀,正面
1081,1081,2026-02-28,"画面表现优秀，第一关的箱庭设计水平很不错，不过后面的有所下降，情怀也不少，总体来说是个佳作，人物走路手感和剧情发展要打上一个问号，这代的里昂走路特别粘，剧情也是个人觉得偏儿戏。
此外，这代的一些关卡设计似乎没有考虑到速通。",推荐,13.0,5,64,画面表现优秀 第一关的箱庭设计水平很不错 不过后面的有所下降 情怀也不少 总体来说是个佳作 人物走路手感和剧情发展要打上一个问号 这代的里昂走路特别粘 剧情也是个人觉得偏儿戏 此外 这代的一些关卡设计似乎没有考虑到速通,画面,正面
1082,1082,2026-02-28,系列最佳无需多言,推荐,10.6,7,16,系列最佳无需多言,情怀,正面
1083,1083,2026-02-28,感觉还可以，DLC速速端上来,推荐,12.7,16,125,感觉还可以 DLC速速端上来,其他,正面
1084,1084,2026-02-28,牛逼,推荐,11.3,45,104,牛逼,其他,正面
1085,1085,2026-02-28,好玩！很有压迫感……自动存档点略少……,推荐,5.1,42,151,好玩 很有压迫感 自动存档点略少,玩法,正面
1086,1086,2026-02-28,"女朋友送的，真无语。我本来还以为是什么呢，结果是生化危机9：安魂曲预购豪华版，看见其他女生给自己女朋友买了，她就也给我主动买了，主动买的，我说不要不要非给我买，无语。女朋友在2026年2月24日下午一点四十七分给我送了生化危机9：安魂曲豪华版这件事没必要天天提，因为我知道大家女朋友给买了生化危机9：安魂曲预购豪华版的人多的是。其实我一直觉得女朋友送生化危机9：安魂曲预购豪华版是一件很普通的事情，不理解为什么有人会刻意发出来炫耀，我觉得这没什么值得说的，这只是我生活中的一个小插曲，我也没有很高兴，毕竟我说了这是我的日常而已。没有什么值得炫耀的，只是想跟大家说明一下，这里面我真没花一分钱，完全是我女朋友觉得其他人有，我也得有才给我买的。我说这话不是为了炫耀什么，只是想特别强调一下这是我女朋友买的,真的不是为了显摆,毕竟是我女朋友送的，又不是我在炫耀。我女朋友买的就是好，我个人觉得这没什么可炫耀的，只是想让大家知道一下，这是我女朋友买的，仅此而已，真的没有任何炫耀的意思。只是单纯想告诉大家，这真的是我女朋友买的。",推荐,4.3,29,188,女朋友送的 真无语 我本来还以为是什么呢 结果是生化危机9 安魂曲预购豪华版 看见其他女生给自己女朋友买了 她就也给我主动买了 主动买的 我说不要不要非给我买 无语 女朋友在2026年2月24日下午一点四十七分给我送了生化危机9 安魂曲豪华版这件事没必要天天提 因为我知道大家女朋友给买了生化危机9 安魂曲预购豪华版的人多的是 其实我一直觉得女朋友送生化危机9 安魂曲预购豪华版是一件很普通的事情 不理解为什么有人会刻意发出来炫耀 我觉得这没什么值得说的 这只是我生活中的一个小插曲 我也没有很高兴 毕竟我说了这是我的日常而已 没有什么值得炫耀的 只是想跟大家说明一下 这里面我真没花一分钱 完全是我女朋友觉得其他人有 我也得有才给我买的 我说这话不是为了炫耀什么 只是想特别强调一下这是我女朋友买的 真的不是为了显摆 毕竟是我女朋友送的 又不是我在炫耀 我女朋友买的就是好 我个人觉得这没什么可炫耀的 只是想让大家知道一下 这是我女朋友买的 仅此而已 真的没有任何炫耀的意思 只是单纯想告诉大家 这真的是我女朋友买的,情怀,正面
1087,1087,2026-02-28,前期78代味道重，后期234味道重，品质还是不错的一部作品，可惜没看到我想看的王阿姨和里昂的饭,推荐,13.4,4,13,前期78代味道重 后期234味道重 品质还是不错的一部作品 可惜没看到我想看的王阿姨和里昂的饭,情怀,正面
1088,1088,2026-02-28,神作无需多言,推荐,15.3,40,49,神作无需多言,情怀,正面
1089,1089,2026-02-28,合大成之作，推荐,推荐,6.1,10,19,合大成之作 推荐,情怀,正面
1090,1090,2026-02-28,无敌好玩,推荐,15.8,20,179,无敌好玩,玩法,正面
1091,1091,2026-02-28,完美融合恐怖生存和射击战斗，这代李三光动作太帅就是我本人没错了,推荐,10.0,9,18,完美融合恐怖生存和射击战斗 这代李三光动作太帅就是我本人没错了,玩法,正面
1092,1092,2026-02-28,包饺子好啊，艾米莉真可爱，后面在进入浣熊市中心前找引爆器的那段感觉有点坐牢，占的时间太长，玩起来有点疲劳,推荐,12.2,42,101,包饺子好啊 艾米莉真可爱 后面在进入浣熊市中心前找引爆器的那段感觉有点坐牢 占的时间太长 玩起来有点疲劳,玩法,正面
1093,1093,2026-02-28,是的孩子们，我们 [b]“支持”[/b] 您的 DualSense 手柄👎,不推荐,6.1,40,49,是的孩子们 我们 b 支持 b 您的 DualSense 手柄,其他,负面
1094,1094,2026-02-28,我历代生化都是在ps平台买的，而生化9在商店界面写着完全支持ds手柄，所以这次破天荒的在pc上买了，顺带还能体验下第一次适配dlss的生化。进游戏时steam手柄映射提示弹了出来我心里咯噔一下，结果关掉steam这游戏甚至都无法识别ds手柄。卡普空不是没能力做ds适配，明明在ps上做了非常优秀的ds手柄适配，震动异常细腻，结果pc版却一边吹嘘完全适配一边默默阉割。我依稀记得首发玩的天国拯救2这种小作坊游戏都能在pc端完美适配ds5，走路时的震动反馈完爆xbox手柄，甚至还是最早一批支持transformer模型的游戏，我不知道卡普空这么大体量的游戏公司在干嘛。4k全开路径光追dlss平衡+二倍帧生成的画面有一种奇怪的模糊感，换成dlss质量档依然如此，不知道这是什么dlss模型。,不推荐,9.4,21,130,我历代生化都是在ps平台买的 而生化9在商店界面写着完全支持ds手柄 所以这次破天荒的在pc上买了 顺带还能体验下第一次适配dlss的生化 进游戏时steam手柄映射提示弹了出来我心里咯噔一下 结果关掉steam这游戏甚至都无法识别ds手柄 卡普空不是没能力做ds适配 明明在ps上做了非常优秀的ds手柄适配 震动异常细腻 结果pc版却一边吹嘘完全适配一边默默阉割 我依稀记得首发玩的天国拯救2这种小作坊游戏都能在pc端完美适配ds5 走路时的震动反馈完爆xbox手柄 甚至还是最早一批支持transformer模型的游戏 我不知道卡普空这么大体量的游戏公司在干嘛 4k全开路径光追dlss平衡 二倍帧生成的画面有一种奇怪的模糊感 换成dlss质量档依然如此 不知道这是什么dlss模型,优化,负面
1095,1095,2026-02-28,"关卡设计上基本还是复用以前的逻辑，没有多少新东西比较减分。。。
双线叙事可以同时体验re2的资源管理和re4的格斗术，打起来很刺激，特别是第一人称的格蕾丝线，恐怖感拉满！
英配好评，很符合人设，听着很喜人不会有突兀感。剧情则是老一套换个说法，也不算差，格蕾丝可爱捏~
优化中规中矩，大部分时候都比较流畅。在切入播片和在地图中间转悠的时候容易掉帧，至少不影响游玩
总体来说还是非常推荐的，可惜确实做的比较保守，期待dlc能来波大的吧",推荐,8.2,2,161,关卡设计上基本还是复用以前的逻辑 没有多少新东西比较减分 双线叙事可以同时体验re2的资源管理和re4的格斗术 打起来很刺激 特别是第一人称的格蕾丝线 恐怖感拉满 英配好评 很符合人设 听着很喜人不会有突兀感 剧情则是老一套换个说法 也不算差 格蕾丝可爱捏 优化中规中矩 大部分时候都比较流畅 在切入播片和在地图中间转悠的时候容易掉帧 至少不影响游玩 总体来说还是非常推荐的 可惜确实做的比较保守 期待dlc能来波大的吧,玩法,正面
1096,1096,2026-02-28,不想玩格蕾丝，牢底坐穿的感觉。,推荐,5.8,39,198,不想玩格蕾丝 牢底坐穿的感觉,玩法,正面
1097,1097,2026-02-28,"开头序章光追+帧生成bug导致的场景过曝，但不开光追那画质又肉眼可见的差，是真的难绷。不过这反而也能缓解下恐怖氛围，渡过序章。（相比只会发出吓人叫声的格蕾丝，后面切换到的里昂依旧安全感十足，割草蘸豆爽！）



第二章依旧经典恐怖逃生游戏躲猫猫环节（PS推车环节慢慢推可以避免杂物掉落导致的引怪）



进入疗养院大厅算是步入正题了。在经过洋馆警察局城堡等这么多代的设计之后，卡婊这次把大箱庭做得更像“开放冒险世界”了。削弱了（部分）前代的压迫感与解密要素后，强化了资源要素。特别是，在收集弹药,草药,武器的基础上，又加入了采血玩法，以及随处可见的采血资源点。这种玩法在整个疗养院箱庭中能很好的得到体现。

打个比方，就好比把收集资源换成等级养成的xb1：在一片区域分布着不同难度的敌人，面对必经之路的简单敌人能够解决，但面对高难度的敌人，前期你没有充足资源很难打过。你可以选择溜开他们，到处采集血液资源，提升作战能力，等资源累积足够了，便可以回头消灭他们，获取更高级的资源与战利品，投入到后续的战斗当中，从而形成资源-战斗循环。相比前作，疗养院里的每个区域从视觉画面到资源分布都是脉络分明的，“区域boss”的刷新点也十分固定。虽然没有了像4和8那种柳暗花明又一村的探索感，但当你打开地图时，你的目标感是很明确的，在面对看似杂乱无章的一片片区域时，你能很清楚你要怎么去做：当你在面对主线吃力的时候，卡婊就在提醒你，该回头收集资源了。而当你击杀“区域boss”得到奖励后，通过最大化利用资源攻略目标时所产生的成就感是不可言喻的。

此外，本作的偷袭机制，能使玩家处理敌人的手段得到进一步的拓展。在面对不同敌人的情况下，合理运用丰富的作战策略（枪,刀,针,体术），能够对手头上紧张的资源实现最大化的利用，再而进行资源滚雪球。

总的来说，这些安魂曲独特的要素都能够很好地丰富生化危机的核心玩法——资源管理。也算是一次十分成功的创新了。




整体来说还是推荐的。目前就这些了，等全部内容通关后再看情况补充吧。

（荒野拉了生化没拉）",推荐,6.1,30,89,开头序章光追 帧生成bug导致的场景过曝 但不开光追那画质又肉眼可见的差 是真的难绷 不过这反而也能缓解下恐怖氛围 渡过序章 相比只会发出吓人叫声的格蕾丝 后面切换到的里昂依旧安全感十足 割草蘸豆爽 第二章依旧经典恐怖逃生游戏躲猫猫环节 PS推车环节慢慢推可以避免杂物掉落导致的引怪 进入疗养院大厅算是步入正题了 在经过洋馆警察局城堡等这么多代的设计之后 卡婊这次把大箱庭做得更像 开放冒险世界 了 削弱了 部分 前代的压迫感与解密要素后 强化了资源要素 特别是 在收集弹药 草药 武器的基础上 又加入了采血玩法 以及随处可见的采血资源点 这种玩法在整个疗养院箱庭中能很好的得到体现 打个比方 就好比把收集资源换成等级养成的xb1 在一片区域分布着不同难度的敌人 面对必经之路的简单敌人能够解决 但面对高难度的敌人 前期你没有充足资源很难打过 你可以选择溜开他们 到处采集血液资源 提升作战能力 等资源累积足够了 便可以回头消灭他们 获取更高级的资源与战利品 投入到后续的战斗当中 从而形成资源 战斗循环 相比前作 疗养院里的每个区域从视觉画面到资源分布都是脉络分明的 区域boss 的刷新点也十分固定 虽然没有了像4和8那种柳暗花明又一村的探索感 但当你打开地图时 你的目标感是很明确的 在面对看似杂乱无章的一片片区域时 你能很清楚你要怎么去做 当你在面对主线吃力的时候 卡婊就在提醒你 该回头收集资源了 而当你击杀 区域boss 得到奖励后 通过最大化利用资源攻略目标时所产生的成就感是不可言喻的 此外 本作的偷袭机制 能使玩家处理敌人的手段得到进一步的拓展 在面对不同敌人的情况下 合理运用丰富的作战策略 枪 刀 针 体术 能够对手头上紧张的资源实现最大化的利用 再而进行资源滚雪球 总的来说 这些安魂曲独特的要素都能够很好地丰富生化危机的核心玩法 资源管理 也算是一次十分成功的创新了 整体来说还是推荐的 目前就这些了 等全部内容通关后再看情况补充吧 荒野拉了生化没拉,玩法,正面
1098,1098,2026-02-28,通关爽玩三光没死芜湖,推荐,14.8,28,137,通关爽玩三光没死芜湖,情怀,正面
1099,1099,2026-02-28,"好结局皆大欢喜 大伙都有个光明的未来
[spoiler] 还有汉克怎么跟路边一条一样被李昂踢死了 [/spoiler]
",推荐,14.1,2,111,好结局皆大欢喜 大伙都有个光明的未来 spoiler 还有汉克怎么跟路边一条一样被李昂踢死了 spoiler,剧情,正面
1100,1100,2026-02-28,打格蕾丝的时候要慢慢抽血做道具才能把丧尸彻底杀死，一切到里昂一斧头就能把丧尸爆头，斧头还能自己磨斩味的爽感有没有懂得,推荐,8.2,3,12,打格蕾丝的时候要慢慢抽血做道具才能把丧尸彻底杀死 一切到里昂一斧头就能把丧尸爆头 斧头还能自己磨斩味的爽感有没有懂得,玩法,正面
1101,1101,2026-02-28,"10/10
然後劇透狗死全家",推荐,15.6,25,34,10 10 然後劇透狗死全家,剧情,正面
1102,1102,2026-02-28,哈哈哈哈必须狠狠推荐好评啊！！！毕竟我请了两天假呢！！！狠狠好评，前面的几部都是看别的主播玩的实况，这次自己上手，直接爽玩入坑！！！三光真的安全感满满，在格蕾丝线受的委屈都在里昂线还回来了嘻嘻,推荐,7.0,19,128,哈哈哈哈必须狠狠推荐好评啊 毕竟我请了两天假呢 狠狠好评 前面的几部都是看别的主播玩的实况 这次自己上手 直接爽玩入坑 三光真的安全感满满 在格蕾丝线受的委屈都在里昂线还回来了嘻嘻,情怀,正面
1103,1103,2026-02-28,非常好游戏，让我疯狂飞踢,推荐,12.1,46,155,非常好游戏 让我疯狂飞踢,玩法,正面
1104,1104,2026-02-28,很棒,推荐,11.9,23,32,很棒,其他,正面
1105,1105,2026-02-28,流程长度还算可以，虽然总体所有流程都是找钥匙去开门这种大相径庭的环节，不过基本都是有捷径，玩起来不算特别枯燥。双主角设定更像是生化危机启示录2巴里救女儿，不过两者的时间是接近的，前者的选择会对后者有影响这个设计挺不错，总觉得可惜的是剧情明明可以做的更好，让更多前作的主角参与进来，哪怕是剧情里出现后续DLC再细说这类的也不是什么难事，剧情上还是太保守了。,推荐,9.3,16,125,流程长度还算可以 虽然总体所有流程都是找钥匙去开门这种大相径庭的环节 不过基本都是有捷径 玩起来不算特别枯燥 双主角设定更像是生化危机启示录2巴里救女儿 不过两者的时间是接近的 前者的选择会对后者有影响这个设计挺不错 总觉得可惜的是剧情明明可以做的更好 让更多前作的主角参与进来 哪怕是剧情里出现后续DLC再细说这类的也不是什么难事 剧情上还是太保守了,玩法,正面
1106,1106,2026-02-28,格蕾丝就是接近生7＋生2re的体验感，里昂更像4代re，还是传统生化的味道，赶快出新的dlc吧狠狠期待,推荐,9.3,28,87,格蕾丝就是接近生7 生2re的体验感 里昂更像4代re 还是传统生化的味道 赶快出新的dlc吧狠狠期待,情怀,正面
1107,1107,2026-02-28,dlc快来dlc快来dlc快来dlc快来dlc快来dlc快来dlc快来dlc快来dlc快来dlc快来dlc快来dlc快来dlc快来dlc快来dlc快来dlc快来dlc快来dlc快来dlc快来dlc快来dlc快来dlc快来dlc快来dlc快来dlc快来dlc快来dlc快来dlc快来dlc快来dlc快来dlc快来dlc快来dlc快来dlc快来dlc快来dlc快来dlc快来dlc快来dlc快来dlc快来dlc快来dlc快来dlc快来dlc快来dlc快来dlc快来dlc快来dlc快来dlc快来dlc快来,推荐,13.0,22,31,dlc快来dlc快来dlc快来dlc快来dlc快来dlc快来dlc快来dlc快来dlc快来dlc快来dlc快来dlc快来dlc快来dlc快来dlc快来dlc快来dlc快来dlc快来dlc快来dlc快来dlc快来dlc快来dlc快来dlc快来dlc快来dlc快来dlc快来dlc快来dlc快来dlc快来dlc快来dlc快来dlc快来dlc快来dlc快来dlc快来dlc快来dlc快来dlc快来dlc快来dlc快来dlc快来dlc快来dlc快来dlc快来dlc快来dlc快来dlc快来dlc快来dlc快来,其他,正面
1108,1108,2026-02-28,"格蕾丝见到就要逃跑的孢头怪，让昂子格挡加处决一斧子秒了
里昂，我的英雄，我的超人
（电锯老祖居然会夺舍了，吓哭了）",推荐,9.9,6,115,格蕾丝见到就要逃跑的孢头怪 让昂子格挡加处决一斧子秒了 里昂 我的英雄 我的超人 电锯老祖居然会夺舍了 吓哭了,剧情,正面
1109,1109,2026-02-28,你是我steam第一个不能直接进游戏的正版游戏  报错上网查 删这个删那个鼓捣半小时才进游戏,不推荐,0.2,9,168,你是我steam第一个不能直接进游戏的正版游戏 报错上网查 删这个删那个鼓捣半小时才进游戏,优化,负面
1110,1110,2026-02-28,好玩捏,推荐,13.0,26,185,好玩捏,玩法,正面
1111,1111,2026-02-28,不支持ps5手柄震动,不推荐,7.2,14,73,不支持ps5手柄震动,优化,负面
1112,1112,2026-02-28,很好,推荐,3.1,7,66,很好,其他,正面
1113,1113,2026-02-28,好玩 有爽突也有恐怖,推荐,4.7,1,160,好玩 有爽突也有恐怖,玩法,正面
1114,1114,2026-02-28,不知道各位小时候在晚上的时候有没有想象家里关灯后黑暗里就会出现恐怖的怪物，每次晚上要回房间睡觉，我都会快速关上客厅的灯后迅速跑向自己开着灯的房间！关上门，才松一口气，我恐怖游戏玩的少，一只手能数的过来，这个怕光的‘女孩怪物’真的是把我小时候害怕的东西具象化了，所以真的好有趣哈哈,推荐,13.1,11,120,不知道各位小时候在晚上的时候有没有想象家里关灯后黑暗里就会出现恐怖的怪物 每次晚上要回房间睡觉 我都会快速关上客厅的灯后迅速跑向自己开着灯的房间 关上门 才松一口气 我恐怖游戏玩的少 一只手能数的过来 这个怕光的 女孩怪物 真的是把我小时候害怕的东西具象化了 所以真的好有趣哈哈,情怀,正面
1115,1115,2026-02-28,通关了，爽了，好久没有一个游戏让我打完有种怅然若失的感觉了。不理性不剧透评价一下，格蕾丝部分设计的真的很好，成功做出了让怪很烦人的感觉以及依旧格子危机，里昂部分就是战斗爽，基本除了后期部分时候没什么压力。非常推荐系列粉丝购买，个人觉得是比8强不少的，总体算是过渡的一作，挖了不少坑（填不填不知道），期待dlc内容。,推荐,13.0,19,28,通关了 爽了 好久没有一个游戏让我打完有种怅然若失的感觉了 不理性不剧透评价一下 格蕾丝部分设计的真的很好 成功做出了让怪很烦人的感觉以及依旧格子危机 里昂部分就是战斗爽 基本除了后期部分时候没什么压力 非常推荐系列粉丝购买 个人觉得是比8强不少的 总体算是过渡的一作 挖了不少坑 填不填不知道 期待dlc内容,剧情,正面
1116,1116,2026-02-28,可惜不是里昂专场，不过能看到李三光，并时隔多年再次操纵李三光大杀四方已经满足了。不希望这是李三光出场的最后一部，还想这个男人继续陪伴着我。,推荐,3.7,30,89,可惜不是里昂专场 不过能看到李三光 并时隔多年再次操纵李三光大杀四方已经满足了 不希望这是李三光出场的最后一部 还想这个男人继续陪伴着我,情怀,正面
1117,1117,2026-02-28,风格鲜明，解谜有老生化的感觉。,推荐,4.8,6,115,风格鲜明 解谜有老生化的感觉,情怀,正面
1118,1118,2026-02-28,从win10升级到win11，还是进不去游戏，re9.exe程序一闪而过，ka婊的其他生化危机，怪猎都没问题，就这个游戏，从下午搞到现在，累了,不推荐,0.1,12,71,从win10升级到win11 还是进不去游戏 re9 exe程序一闪而过 ka婊的其他生化危机 怪猎都没问题 就这个游戏 从下午搞到现在 累了,优化,负面
1119,1119,2026-02-28,卡普空牛逼,推荐,5.2,22,131,卡普空牛逼,情怀,正面
1120,1120,2026-02-28,"女主篇还行，表面是生2的ui实际是生7前期阶段那样的资源管理，很穷但管理到位了难度不大，但里昂篇就有说法了，知道玩女主当鼠鼠玩累想让哥们爽一下，但这想爽又爽不起来属实给哥们整红温了。

里昂装备没升级前，小怪一个个蛮牛冲撞接投技（写这评论的之前，刚被一个顶着伍兹扫射依旧蛮牛冲撞的小怪扇了一巴掌，给哥们气笑了）精英怪一个又接着一个，子弹是管够，但那糖豆枪伤害跟不上，速度也跟不上，改枪第一件事就是把射速和换弹拉满，不然里昂这迟钝身法配迟钝枪法属实折磨。

回去记得叫里昂别在健身房练死劲了，动作各种前后摇，向前冲刺的时候按一下左右键想向左右前方跑都会触发反方向冲刺的动作，何意味？而且掏枪速度慢，举枪速度也慢，克劳瑟曾经那句“拖泥带水”的嘲讽里昂是真没学进去还是年纪大了忘了",不推荐,15.5,18,177,女主篇还行 表面是生2的ui实际是生7前期阶段那样的资源管理 很穷但管理到位了难度不大 但里昂篇就有说法了 知道玩女主当鼠鼠玩累想让哥们爽一下 但这想爽又爽不起来属实给哥们整红温了 里昂装备没升级前 小怪一个个蛮牛冲撞接投技 写这评论的之前 刚被一个顶着伍兹扫射依旧蛮牛冲撞的小怪扇了一巴掌 给哥们气笑了 精英怪一个又接着一个 子弹是管够 但那糖豆枪伤害跟不上 速度也跟不上 改枪第一件事就是把射速和换弹拉满 不然里昂这迟钝身法配迟钝枪法属实折磨 回去记得叫里昂别在健身房练死劲了 动作各种前后摇 向前冲刺的时候按一下左右键想向左右前方跑都会触发反方向冲刺的动作 何意味 而且掏枪速度慢 举枪速度也慢 克劳瑟曾经那句 拖泥带水 的嘲讽里昂是真没学进去还是年纪大了忘了,玩法,负面
1121,1121,2026-02-28,《安魂曲》完美融合了生化系列两大经典风格：格蕾丝线氛围拉满，恐怖感与关卡设计堪比《生化 2》；里昂线则主打爽快战斗，完美继承《生化 4》的精髓。剧情扎实完整，为斯宾塞、浣熊市与保护伞的故事画上圆满终章，优化出色、画质顶尖，是一部能让人一口气通关、值得强烈推荐的生化佳作。,推荐,12.1,45,54,安魂曲 完美融合了生化系列两大经典风格 格蕾丝线氛围拉满 恐怖感与关卡设计堪比 生化 2 里昂线则主打爽快战斗 完美继承 生化 4 的精髓 剧情扎实完整 为斯宾塞 浣熊市与保护伞的故事画上圆满终章 优化出色 画质顶尖 是一部能让人一口气通关 值得强烈推荐的生化佳作,剧情,正面
1122,1122,2026-02-28,"第一时间通关了！
好评：两个角色的差异化和时长都不错，游戏中很多大胆的演出和彩蛋都非常棒，剧情上来说喜忧参半吧，直接参与的角色还是少了点，而且明显有隐藏情节没说，看后续DLC吧",推荐,12.7,40,149,第一时间通关了 好评 两个角色的差异化和时长都不错 游戏中很多大胆的演出和彩蛋都非常棒 剧情上来说喜忧参半吧 直接参与的角色还是少了点 而且明显有隐藏情节没说 看后续DLC吧,剧情,正面
1123,1123,2026-02-28,老玩家看到角色从年轻到沧桑变老 他只是一个游戏角色却让人深深着迷 新老玩家都非常推荐,推荐,13.5,36,45,老玩家看到角色从年轻到沧桑变老 他只是一个游戏角色却让人深深着迷 新老玩家都非常推荐,情怀,正面
1124,1124,2026-02-28,最暴力最血腥的正传作品，非常优秀,推荐,12.1,45,104,最暴力最血腥的正传作品 非常优秀,画面,正面
1125,1125,2026-02-28,都说格蕾丝负责吓人，李三光负责无双，刚打通了疗养院章节重返了浣熊市，一路上好像都是格蕾丝在清图。不过总的体验还是挺不错的。,推荐,16.1,1,110,都说格蕾丝负责吓人 李三光负责无双 刚打通了疗养院章节重返了浣熊市 一路上好像都是格蕾丝在清图 不过总的体验还是挺不错的,情怀,正面
1126,1126,2026-02-28,"好玩氛围感拉满,优化做的不错,就是前期太坐牢了",推荐,4.8,43,102,好玩氛围感拉满 优化做的不错 就是前期太坐牢了,玩法,正面
1127,1127,2026-02-28,情怀满分，卡普空很大胆的尝试，双线不同氛围还是不错的，但是没有生化4带给我的那种全新体验感觉就是什么都想做但是做的都不是很好。,推荐,12.8,38,97,情怀满分 卡普空很大胆的尝试 双线不同氛围还是不错的 但是没有生化4带给我的那种全新体验感觉就是什么都想做但是做的都不是很好,情怀,正面
1128,1128,2026-02-28,流程短了点，没想到在探索了一定的地图的情况下也只是花了7小时就通关了。但是游戏肯定是好游戏，完全没得喷。好几个章节都很有张力。里昂你还是一点都没变啊，泪目。,推荐,14.2,48,157,流程短了点 没想到在探索了一定的地图的情况下也只是花了7小时就通关了 但是游戏肯定是好游戏 完全没得喷 好几个章节都很有张力 里昂你还是一点都没变啊 泪目,情怀,正面
1129,1129,2026-02-28,"帧数波动很频繁,部分场景卡顿明显,卡普空的优化让人失望,玩了6小时里昂线感觉1小时不到,疗养院流程感觉有点拉了,从A拿道具去B拿道具回到A又拿道具又回去,都出了这么多代了,还搞这种流程,何意味？",不推荐,6.7,48,207,帧数波动很频繁 部分场景卡顿明显 卡普空的优化让人失望 玩了6小时里昂线感觉1小时不到 疗养院流程感觉有点拉了 从A拿道具去B拿道具回到A又拿道具又回去 都出了这么多代了 还搞这种流程 何意味,优化,负面
1130,1130,2026-02-28,"男主线：人型疫苗，物理治疗
女主线：移到沙包，见面就逃",推荐,6.9,1,110,男主线 人型疫苗 物理治疗 女主线 移到沙包 见面就逃,剧情,正面
1131,1131,2026-02-28,第一人称分为恐怖效果极好，惊心动魄的压力十足，不过里昂老了有点不如当年，不过我给7.8分吧,推荐,17.3,1,60,第一人称分为恐怖效果极好 惊心动魄的压力十足 不过里昂老了有点不如当年 不过我给7 8分吧,情怀,正面
1132,1132,2026-02-28,"格蕾丝篇真的又臭又长，我并非不喜欢新角色，但是你能不能设计个正常点的新角色，FBI的调查员，遇到啥都是哇哇叫？至于解密更是毫无新意，经典的缺保险丝找钥匙拿螺丝刀然后被一脚踹到其他地方，这FBI性能还无敌羸弱，如果想用手枪打小怪，那全程下来肯定是资源不够使，做八颗子弹不如做针扎掉关键位置的丧尸，其他勾引到检查室一类只去一两次的位置，有预购挂件的可以拼拼运气看能不能一枪爆头，不然后期还会经典二次站起来，蛮麻烦。
----------
玩到凌晨进到地下格蕾丝这里了，一看遍地的怪就是两个经典场景，电池一插牢门打开，十多个小僵尸，我下来的时候手里一共20发手枪子弹，够不够打必须打的僵尸都不知道。",不推荐,8.2,31,140,格蕾丝篇真的又臭又长 我并非不喜欢新角色 但是你能不能设计个正常点的新角色 FBI的调查员 遇到啥都是哇哇叫 至于解密更是毫无新意 经典的缺保险丝找钥匙拿螺丝刀然后被一脚踹到其他地方 这FBI性能还无敌羸弱 如果想用手枪打小怪 那全程下来肯定是资源不够使 做八颗子弹不如做针扎掉关键位置的丧尸 其他勾引到检查室一类只去一两次的位置 有预购挂件的可以拼拼运气看能不能一枪爆头 不然后期还会经典二次站起来 蛮麻烦 玩到凌晨进到地下格蕾丝这里了 一看遍地的怪就是两个经典场景 电池一插牢门打开 十多个小僵尸 我下来的时候手里一共20发手枪子弹 够不够打必须打的僵尸都不知道,玩法,负面
1133,1133,2026-02-28,昂哥依旧权威，格蕾丝前面那几段真的挺恐怖的，玩下来只能说中等偏上吧，比生8高比生7低的一个评分,推荐,11.2,47,106,昂哥依旧权威 格蕾丝前面那几段真的挺恐怖的 玩下来只能说中等偏上吧 比生8高比生7低的一个评分,剧情,正面
1134,1134,2026-02-28,疗养院好玩啊！各种操作都试了一遍，格蕾丝太强了导致切到里昂的时候都没怪给打了，里昂疗养院的战斗曲贼好听，就是战斗时间太少了基本听一会就没了，玩了九小时刚到浣熊市，后面的明天再继续吧，前面疗养院部分非常喜欢，有一种浣熊市警察局的感觉了，希望后面浣熊市部分也这么好，能对得起系列粉丝！情怀拉满！,推荐,8.9,17,126,疗养院好玩啊 各种操作都试了一遍 格蕾丝太强了导致切到里昂的时候都没怪给打了 里昂疗养院的战斗曲贼好听 就是战斗时间太少了基本听一会就没了 玩了九小时刚到浣熊市 后面的明天再继续吧 前面疗养院部分非常喜欢 有一种浣熊市警察局的感觉了 希望后面浣熊市部分也这么好 能对得起系列粉丝 情怀拉满,情怀,正面
1135,1135,2026-02-28,对4 8这种村庄类生化危机毫无兴趣。对2 3 9超爱，这作可以。,推荐,14.6,10,69,对4 8这种村庄类生化危机毫无兴趣 对2 3 9超爱 这作可以,情怀,正面
1136,1136,2026-02-28,很美的画面营造了极具沉浸感的氛围。很满意的首发，浣熊市略微有点冗长但是箱庭地图的设计没啥毛病且风景好看，亮哥战斗爽👍,推荐,10.4,6,115,很美的画面营造了极具沉浸感的氛围 很满意的首发 浣熊市略微有点冗长但是箱庭地图的设计没啥毛病且风景好看 亮哥战斗爽,画面,正面
1137,1137,2026-02-28,"Guaranteed 2026 TGA Game of the Year
",推荐,9.6,28,37,Guaranteed 2026 TGA Game of the Year,情怀,正面
1138,1138,2026-02-28,good还是那个生化危机味儿，为了照顾不同的玩家两位角色不同的感受，格蕾丝线就是生化危机经典恐怖，里昂则是延续了爽杀的快感，看到里昂满满的安全感。还加入了7代8代的第一人称，第一人称枪不那么轻飘飘了但还差点意思,推荐,6.8,11,170,good还是那个生化危机味儿 为了照顾不同的玩家两位角色不同的感受 格蕾丝线就是生化危机经典恐怖 里昂则是延续了爽杀的快感 看到里昂满满的安全感 还加入了7代8代的第一人称 第一人称枪不那么轻飘飘了但还差点意思,玩法,正面
1139,1139,2026-02-28,里昂真正的美利坚超人。我要是格蕾丝看见里昂这么帅的人直接嫁给里昂了。还当什么FBI呀挣那三瓜两枣的。,推荐,6.2,1,10,里昂真正的美利坚超人 我要是格蕾丝看见里昂这么帅的人直接嫁给里昂了 还当什么FBI呀挣那三瓜两枣的,情怀,正面
1140,1140,2026-02-28,"趁着一口气通关了三句话简评
·质量极高的模型和动作动画实现了非常精美的表演，而演出和里昂篇的玩法都有非常明显的朝顽皮狗取经的痕迹
·只是抛却技术力的“皮肤”与玩法的“骨骼”，此作完完全全可以不叫作生化危机9（它不应该有这个序号
·我说格蕾丝是性转xqc有没有懂的（艾米丽是格里菲斯）

推荐最低250rmb以内的折后入手",推荐,12.3,28,87,趁着一口气通关了三句话简评 质量极高的模型和动作动画实现了非常精美的表演 而演出和里昂篇的玩法都有非常明显的朝顽皮狗取经的痕迹 只是抛却技术力的 皮肤 与玩法的 骨骼 此作完完全全可以不叫作生化危机9 它不应该有这个序号 我说格蕾丝是性转xqc有没有懂的 艾米丽是格里菲斯 推荐最低250rmb以内的折后入手,画面,正面
1141,1141,2026-02-28,目前除了DS手柄适配问题，没有缺点。再要说的话可能前面玩Grace比较坐牢吧,推荐,5.8,45,204,目前除了DS手柄适配问题 没有缺点 再要说的话可能前面玩Grace比较坐牢吧,玩法,正面
1142,1142,2026-02-28,他妈的卡普空不是会做游戏会买情怀吗，生5re也速速端上来吧。（这种的多做点爷爱玩）,推荐,11.4,3,162,他妈的卡普空不是会做游戏会买情怀吗 生5re也速速端上来吧 这种的多做点爷爱玩,情怀,正面
1143,1143,2026-02-28,最生化的生化，没玩过生化的玩这一部等于一次性玩了生化45678,推荐,8.3,32,141,最生化的生化 没玩过生化的玩这一部等于一次性玩了生化45678,情怀,正面
1144,1144,2026-02-28,好玩,推荐,11.6,21,180,好玩,玩法,正面
1145,1145,2026-02-28,"烂
把我这种7入坑的搞成遗老了，真挺有水平的，卡普空",不推荐,1.9,41,50,烂 把我这种7入坑的搞成遗老了 真挺有水平的 卡普空,情怀,负面
1146,1146,2026-02-28,"30周年纪念作，你大可再大胆一点，不过在我看来这一作是能够平稳落地的（虽然优化有那么一点点的挫），Grace的篇章像是2＆7的结合，Leon的则是4＆6的结合，作为一个老生化迷，我只能说这一锅“大杂烩”属实是把我喂的饱饱的（虽然8h通关也不算很长吧，但是这一作的堆怪确实有点。。。只能说管理物资确实能减少很多压力）
再来说这个游戏的人物塑造：
正派的人物塑造很好很nice[spoiler] 但是Leon单杀变异大蜘蛛，单杀超级暴君，一个人干爆一堆舔舔，单杀维克多。。。。还有那无敌的战斧弹反。。。你确定我玩的不是鬼泣吗？Grace这样一位noobFBI的成长塑造也还算说的过去吧，毕竟你也不能期望一个妈妈当着自己的面被杀死且留下心理阴影的小女孩在这样一种恐怖主义袭击下能够镇定自若的杀丧尸吧，其实作为一个普通人还是能够和女主共情的 [/spoiler]
反派就有点不是那个意思了，[spoiler]维克多的人格塑造略显单薄，只说是斯宾塞的大弟子。假威斯克更是背景板（还期待跟他好好打一架的说）[/spoiler]。
整体来说这是一部佳作而非神作，为下一作打好基础的同时，也成功让本作所托举的新主角的人物有了些许的弧光，所以我并不排斥Grace作为常驻主角，只要别像隔壁荒野的丁真一切都好说，希望下一部能够更好吧。",推荐,15.3,40,149,30周年纪念作 你大可再大胆一点 不过在我看来这一作是能够平稳落地的 虽然优化有那么一点点的挫 Grace的篇章像是2 7的结合 Leon的则是4 6的结合 作为一个老生化迷 我只能说这一锅 大杂烩 属实是把我喂的饱饱的 虽然8h通关也不算很长吧 但是这一作的堆怪确实有点 只能说管理物资确实能减少很多压力 再来说这个游戏的人物塑造 正派的人物塑造很好很nice spoiler 但是Leon单杀变异大蜘蛛 单杀超级暴君 一个人干爆一堆舔舔 单杀维克多 还有那无敌的战斧弹反 你确定我玩的不是鬼泣吗 Grace这样一位noobFBI的成长塑造也还算说的过去吧 毕竟你也不能期望一个妈妈当着自己的面被杀死且留下心理阴影的小女孩在这样一种恐怖主义袭击下能够镇定自若的杀丧尸吧 其实作为一个普通人还是能够和女主共情的 spoiler 反派就有点不是那个意思了 spoiler 维克多的人格塑造略显单薄 只说是斯宾塞的大弟子 假威斯克更是背景板 还期待跟他好好打一架的说 spoiler 整体来说这是一部佳作而非神作 为下一作打好基础的同时 也成功让本作所托举的新主角的人物有了些许的弧光 所以我并不排斥Grace作为常驻主角 只要别像隔壁荒野的丁真一切都好说 希望下一部能够更好吧,剧情,正面
1147,1147,2026-02-28,豪玩，优化无敌,推荐,1.0,35,94,豪玩 优化无敌,优化,正面
1148,1148,2026-02-28,好玩,推荐,8.4,17,126,好玩,玩法,正面
1149,1149,2026-02-28,好玩的一批,推荐,14.0,14,123,好玩的一批,玩法,正面
1150,1150,2026-02-28,希望DLC能让更多老角色出场,推荐,11.6,42,151,希望DLC能让更多老角色出场,情怀,正面
1151,1151,2026-02-28,好玩儿！！！,推荐,11.5,35,144,好玩儿,玩法,正面
1152,1152,2026-02-28,保住生化危机一贯水准,推荐,12.8,22,131,保住生化危机一贯水准,情怀,正面
1153,1153,2026-02-28,神级优化看哭千万猎批😭😭😭😭😭😭😭😭😭😭😭😭,推荐,9.9,27,36,神级优化看哭千万猎批,优化,正面
1154,1154,2026-02-28,总的来说，生化危机9的质量过硬，手感扎实，恐怖感营造到位，虽然没有跳脱出固定的传统故事框架，但好在故事也算精彩，给我一股新生代主角的活泼感，相信格蕾丝之后能为他人撑伞，完成角色成长和弧光，里昂或许老了，但他不是弱了，依旧是整部作品的领导者，重返浣熊市没有让里昂崩溃，而是和过去的自己告别，达成结局,推荐,13.0,6,15,总的来说 生化危机9的质量过硬 手感扎实 恐怖感营造到位 虽然没有跳脱出固定的传统故事框架 但好在故事也算精彩 给我一股新生代主角的活泼感 相信格蕾丝之后能为他人撑伞 完成角色成长和弧光 里昂或许老了 但他不是弱了 依旧是整部作品的领导者 重返浣熊市没有让里昂崩溃 而是和过去的自己告别 达成结局,剧情,正面
1155,1155,2026-02-28,好玩好玩好玩好玩好玩好玩好玩好玩好玩好玩好玩好玩好玩好玩好玩好玩好玩好玩好玩好玩好玩好玩好玩好玩好玩好玩好玩好玩,推荐,4.8,28,187,好玩好玩好玩好玩好玩好玩好玩好玩好玩好玩好玩好玩好玩好玩好玩好玩好玩好玩好玩好玩好玩好玩好玩好玩好玩好玩好玩好玩,玩法,正面
1156,1156,2026-02-28,保持了一贯的水准！两个字：流畅！,推荐,10.9,13,122,保持了一贯的水准 两个字 流畅,优化,正面
1157,1157,2026-02-28,三光这二头肌看硬了，老公快炒我,推荐,7.1,44,153,三光这二头肌看硬了 老公快炒我,情怀,正面
1158,1158,2026-02-28,玩到警察局那里看到暴君那迷之一笑有种莫名的喜感，只要出了疗养院就可以爽玩里昂了，我里昂哥那么多年过去还是这么帅o(￣▽￣)ｄ,推荐,13.6,1,110,玩到警察局那里看到暴君那迷之一笑有种莫名的喜感 只要出了疗养院就可以爽玩里昂了 我里昂哥那么多年过去还是这么帅o ｄ,情怀,正面
1159,1159,2026-02-28,好,推荐,9.9,4,13,好,其他,正面
1160,1160,2026-02-28,好玩！太好玩了！啊啊啊最喜欢分头了！小时候在亲戚家的大屁股电脑上打通的原版2代，还记得当时是和老妈去拜年，我就在人家房里打游戏，练成三个半小时速通是为了和老妈赶去下家拜年，哈哈！真想你啊，老妈！感谢生化危机给我带来的美好回忆！,推荐,11.4,46,205,好玩 太好玩了 啊啊啊最喜欢分头了 小时候在亲戚家的大屁股电脑上打通的原版2代 还记得当时是和老妈去拜年 我就在人家房里打游戏 练成三个半小时速通是为了和老妈赶去下家拜年 哈哈 真想你啊 老妈 感谢生化危机给我带来的美好回忆,情怀,正面
1161,1161,2026-02-28,生化9没让我失望，还是那个味道，很是好玩！,推荐,0.9,39,48,生化9没让我失望 还是那个味道 很是好玩,情怀,正面
1162,1162,2026-02-28,妥妥的一个神作，就那打击感，就拿恐怖氛围，就那画质，我的天没白花，里面还有一个小女孩，那简直是我的女儿呀，必须打完整座楼的丧尸，才能让我的女儿抱出来，太可爱了，香香软软的小女儿，这300多没白花，太爱了。,推荐,6.2,37,96,妥妥的一个神作 就那打击感 就拿恐怖氛围 就那画质 我的天没白花 里面还有一个小女孩 那简直是我的女儿呀 必须打完整座楼的丧尸 才能让我的女儿抱出来 太可爱了 香香软软的小女儿 这300多没白花 太爱了,画面,正面
1163,1163,2026-02-28,"VERY GOOD
",推荐,3.6,35,144,VERY GOOD,其他,正面
1164,1164,2026-02-28,这就是荒野本该有的次世代画面,推荐,9.5,1,60,这就是荒野本该有的次世代画面,画面,正面
1165,1165,2026-02-28,关卡和游戏性没话说,推荐,9.1,31,90,关卡和游戏性没话说,玩法,正面
1166,1166,2026-02-28,"《生化危机 安魂曲》
Lgn 9
我原谅了卡婊....至少在下一部怪猎出来之前(卡爹牛逼！)
如果让我用一句话来形容安魂曲的游戏体验那就是——新瓶装旧酒
全流程几乎等re7+re4+re2 的super pro max ultra 加强版。如果你是一个生化老玩家，那你看到re7一般的第一人称恐怖解密，再看到里昂用着变态一般的机能重返浣熊市。一定会发出赞叹，妈的卡普空又在炒冷饭，炒的真他妈香！
精美的箱庭设计，完美的音画表现，依旧业界顶尖的恐怖氛围塑造和动作射击体验，无一不在宣布着卡普空这位老牌大厂依旧有着其他人难以望其项背的工业实力
缺点也难以忽略
游戏节奏极其割裂，卡普空企图想要通过里昂的高性能来对冲掉从恐怖关卡到动作关卡所带来的惬意感，然而适得其反。里昂关卡的设计水平相较于格里斯下跌严重，给玩家的心流体验带来了难以忽略的影响(中间有一段水到让人怀疑这居然是卡普空做出的箱庭）
叙事过于保守，塑造的人物形象单薄而且不负责任用完就扔，我感觉卡普空压根就没想推进剧情，还想着抱着生化这颗摇钱树再吃三十年
(妈的再不推进剧情艾达王都快绝经了)

总之，这还是一款标志着生化危机系列最顶尖水平的佳作，老玩家不可错过，新玩家值得入坑

坏消息，缝合怪。
好消息！全缝了！
（全流程大概在10-12h左右，我也不知道为啥steam给我整成4h了）",推荐,5.2,6,115,生化危机 安魂曲 Lgn 9 我原谅了卡婊 至少在下一部怪猎出来之前 卡爹牛逼 如果让我用一句话来形容安魂曲的游戏体验那就是 新瓶装旧酒 全流程几乎等re7 re4 re2 的super pro max ultra 加强版 如果你是一个生化老玩家 那你看到re7一般的第一人称恐怖解密 再看到里昂用着变态一般的机能重返浣熊市 一定会发出赞叹 妈的卡普空又在炒冷饭 炒的真他妈香 精美的箱庭设计 完美的音画表现 依旧业界顶尖的恐怖氛围塑造和动作射击体验 无一不在宣布着卡普空这位老牌大厂依旧有着其他人难以望其项背的工业实力 缺点也难以忽略 游戏节奏极其割裂 卡普空企图想要通过里昂的高性能来对冲掉从恐怖关卡到动作关卡所带来的惬意感 然而适得其反 里昂关卡的设计水平相较于格里斯下跌严重 给玩家的心流体验带来了难以忽略的影响 中间有一段水到让人怀疑这居然是卡普空做出的箱庭 叙事过于保守 塑造的人物形象单薄而且不负责任用完就扔 我感觉卡普空压根就没想推进剧情 还想着抱着生化这颗摇钱树再吃三十年 妈的再不推进剧情艾达王都快绝经了 总之 这还是一款标志着生化危机系列最顶尖水平的佳作 老玩家不可错过 新玩家值得入坑 坏消息 缝合怪 好消息 全缝了 全流程大概在10 12h左右 我也不知道为啥steam给我整成4h了,剧情,正面
1167,1167,2026-02-28,还是熟悉的味道，画面质量动作细节设计的没话说！但流程感觉不是很长。没有RE4那样量大管饱过瘾的感觉（虽然我才玩了7个小时）。为什么要给差评（我也不想）真的是因为偷跑剧透的人太太太可恶，对得起我们两个月前预购的人么？？还有部分场景确实有点掉帧建议后期再优化优化，实在给不出好评 。,不推荐,10.7,18,177,还是熟悉的味道 画面质量动作细节设计的没话说 但流程感觉不是很长 没有RE4那样量大管饱过瘾的感觉 虽然我才玩了7个小时 为什么要给差评 我也不想 真的是因为偷跑剧透的人太太太可恶 对得起我们两个月前预购的人么 还有部分场景确实有点掉帧建议后期再优化优化 实在给不出好评,优化,负面
1168,1168,2026-02-28,神作,推荐,6.0,5,164,神作,情怀,正面
1169,1169,2026-02-28,一周目已经通关，作为系列迈向新篇章的转折来说是合格的作品，里昂部分战斗会有些为难人但是也还好。几个反派塑造的一般有点牵强，不剧透了，也仅代表个人观点。期待下看看DLC会是啥,推荐,12.2,5,114,一周目已经通关 作为系列迈向新篇章的转折来说是合格的作品 里昂部分战斗会有些为难人但是也还好 几个反派塑造的一般有点牵强 不剧透了 也仅代表个人观点 期待下看看DLC会是啥,剧情,正面
1170,1170,2026-02-28,整体来说不错，相比于前几作来说对物资的管理分配更加苛刻。但是你G8的胶片颗粒不能关是几个意思，开光追画面还会更糊，不开嘛女主的脸又跟鬼一样,推荐,3.3,10,119,整体来说不错 相比于前几作来说对物资的管理分配更加苛刻 但是你G8的胶片颗粒不能关是几个意思 开光追画面还会更糊 不开嘛女主的脸又跟鬼一样,画面,正面
1171,1171,2026-02-28,陪里昂一起老过来的 送给自己的生日礼物 很满意,推荐,1.3,46,155,陪里昂一起老过来的 送给自己的生日礼物 很满意,情怀,正面
1172,1172,2026-02-28,太帅了李三光,推荐,8.8,1,10,太帅了李三光,情怀,正面
1173,1173,2026-02-28,更逼真的小丧尸,推荐,5.3,41,200,更逼真的小丧尸,画面,正面
1174,1174,2026-02-28,axsa,推荐,10.9,36,145,axsa,其他,正面
1175,1175,2026-02-28,屌,推荐,11.8,2,11,屌,其他,正面
1176,1176,2026-02-28,一如既往的爽,推荐,7.8,13,22,一如既往的爽,情怀,正面
1177,1177,2026-02-28,好玩好玩好玩好玩好玩,推荐,14.9,29,88,好玩好玩好玩好玩好玩,玩法,正面
1178,1178,2026-02-28,可以,推荐,6.9,3,162,可以,其他,正面
1179,1179,2026-02-28,"好好做还是可以的哦。
卡婊硬气起来了。",推荐,8.8,23,32,好好做还是可以的哦 卡婊硬气起来了,情怀,正面
1180,1180,2026-02-28,豪万,推荐,8.6,2,61,豪万,其他,正面
1181,1181,2026-02-28,好玩 但有点短 有一说一,推荐,13.7,13,72,好玩 但有点短 有一说一,玩法,正面
1182,1182,2026-02-28,这格蕾丝篇的氛围咋比生化危机7都恐怖啊,推荐,4.7,39,148,这格蕾丝篇的氛围咋比生化危机7都恐怖啊,剧情,正面
1183,1183,2026-02-28,"爽就完了
",推荐,12.7,11,70,爽就完了,玩法,正面
1184,1184,2026-02-28,根本就不支持ds5手柄，商店界面完全是虚假宣传。早知道就应该在ps5上买。,不推荐,8.2,36,45,根本就不支持ds5手柄 商店界面完全是虚假宣传 早知道就应该在ps5上买,其他,负面
1185,1185,2026-02-28,牛逼就完了,推荐,11.9,29,188,牛逼就完了,其他,正面
1186,1186,2026-02-28,"目前这游戏对dualsense的适配好像有问题，无法正常连接，只能用steam输入，但是那样就又没震动了。。。。
感觉生9像是在为生6重制版铺路，生8给生4重制版铺路，又是工具人的一部作品",推荐,5.5,15,24,目前这游戏对dualsense的适配好像有问题 无法正常连接 只能用steam输入 但是那样就又没震动了 感觉生9像是在为生6重制版铺路 生8给生4重制版铺路 又是工具人的一部作品,优化,正面
1187,1187,2026-02-28,里昂你好香啊里昂你好香啊里昂你好香啊里昂你好香啊里昂你好香啊里昂你好香啊里昂你好香啊,推荐,3.5,47,106,里昂你好香啊里昂你好香啊里昂你好香啊里昂你好香啊里昂你好香啊里昂你好香啊里昂你好香啊,情怀,正面
1188,1188,2026-02-28,非常好玩的一代，无论画质和刺激度都有很大提升,推荐,0.7,13,72,非常好玩的一代 无论画质和刺激度都有很大提升,画面,正面
1189,1189,2026-02-28,游戏没啥毛病，画面表现和优化都没问题，格蕾丝的第一人称代入感是真的强，李昂玩起来也是真爽，整体还是非常优秀的！！！！但是，我这个差评是给卡普空的，作为一个大厂，你根本不做ds5手柄的适配是什么意思？震动约等于没有，ps平台上手柄适配堪称完美，然后不把pc的ds适配当回事，何意啊？,不推荐,7.6,48,107,游戏没啥毛病 画面表现和优化都没问题 格蕾丝的第一人称代入感是真的强 李昂玩起来也是真爽 整体还是非常优秀的 但是 我这个差评是给卡普空的 作为一个大厂 你根本不做ds5手柄的适配是什么意思 震动约等于没有 ps平台上手柄适配堪称完美 然后不把pc的ds适配当回事 何意啊,优化,负面
1190,1190,2026-02-28,ssbb,推荐,3.1,16,25,ssbb,其他,正面
1191,1191,2026-02-28,good,推荐,6.8,7,166,good,其他,正面
1192,1192,2026-02-28,赞！！！格蕾丝的关卡和分头的关卡都很不错！！就是最后，分头无名指的婚戒伏笔快给个DLC剧情圆一下梦吧。盼分头王阿姨结婚盼了快二十年了！！！,推荐,24.0,15,174,赞 格蕾丝的关卡和分头的关卡都很不错 就是最后 分头无名指的婚戒伏笔快给个DLC剧情圆一下梦吧 盼分头王阿姨结婚盼了快二十年了,剧情,正面
1193,1193,2026-02-28,"超级好玩 ！！
还是以前那个味！ 恐怖刺激感拉满 ！ 但是剧情我觉得一般般 ，瑕不掩瑜",推荐,8.1,3,162,超级好玩 还是以前那个味 恐怖刺激感拉满 但是剧情我觉得一般般 瑕不掩瑜,情怀,正面
1194,1194,2026-02-28,回来了。。。,推荐,9.1,36,145,回来了,情怀,正面
1195,1195,2026-02-28,好玩，爱玩,推荐,3.9,13,172,好玩 爱玩,玩法,正面
1196,1196,2026-02-28,痛快,推荐,14.8,36,195,痛快,其他,正面
1197,1197,2026-02-28,这部给到一个夯 恐怖解密回到老生2水平 里昂部分梦回6代 战斗爽 缺点 boss战水平一般 整体节奏平缓 缺少惊喜 下一部重制见,推荐,12.8,25,184,这部给到一个夯 恐怖解密回到老生2水平 里昂部分梦回6代 战斗爽 缺点 boss战水平一般 整体节奏平缓 缺少惊喜 下一部重制见,玩法,正面
1198,1198,2026-02-28,只能说剧情延续了生化危机的优良传统，本人已经无所谓卡婊吃书的问题了，能把剧情圆回来就说明剧情是有水平的。然而在设计方面，这部作品更像是生化2和4重制版的缝合版，但是由于视角的可替换选择，让人玩起来更像是两种游戏。后续就看DLC什么时候锦上添花了。,推荐,11.6,48,107,只能说剧情延续了生化危机的优良传统 本人已经无所谓卡婊吃书的问题了 能把剧情圆回来就说明剧情是有水平的 然而在设计方面 这部作品更像是生化2和4重制版的缝合版 但是由于视角的可替换选择 让人玩起来更像是两种游戏 后续就看DLC什么时候锦上添花了,剧情,正面
1199,1199,2026-02-28,优秀的作品，唯一遗憾的是在结局太潦草了，有电影视觉效果与音效,推荐,11.2,15,124,优秀的作品 唯一遗憾的是在结局太潦草了 有电影视觉效果与音效,剧情,正面
1200,1200,2026-02-28,"斯宾塞自我的救赎，格蕾丝对命运的解读，里昂守护他人的决意，造就了这部生化危机的感人故事，“Fighting the darkness holding me.”至少今天的我作为里昂，铭记住了这段跌宕起伏，痛苦至极。但又怀揣着些许美好的故事
",推荐,12.4,47,56,斯宾塞自我的救赎 格蕾丝对命运的解读 里昂守护他人的决意 造就了这部生化危机的感人故事 Fighting the darkness holding me 至少今天的我作为里昂 铭记住了这段跌宕起伏 痛苦至极 但又怀揣着些许美好的故事,剧情,正面
1201,1201,2026-02-28,不错，格蕾丝是老生化的味，里昂战斗爽，可惜没看到艾达,推荐,15.1,14,23,不错 格蕾丝是老生化的味 里昂战斗爽 可惜没看到艾达,情怀,正面
1202,1202,2026-02-28,制作水平越来越高了，剧情差了点意思,推荐,12.9,24,133,制作水平越来越高了 剧情差了点意思,画面,正面
1203,1203,2026-02-28,卡婊优化狗屎一坨，格蕾丝人物塑造依托答辩，剧情俗套没有看下去的欲望，格蕾丝篇又臭又长，格蕾丝角色宛如乌龟套王八全系最胆小最边缘的主角。卡普空依旧看不了剧情,不推荐,8.8,37,46,卡婊优化狗屎一坨 格蕾丝人物塑造依托答辩 剧情俗套没有看下去的欲望 格蕾丝篇又臭又长 格蕾丝角色宛如乌龟套王八全系最胆小最边缘的主角 卡普空依旧看不了剧情,优化,负面
1204,1204,2026-02-28,"建议先玩生4，更便宜又好玩
暴力摩托环节还是挺爽的",推荐,10.6,10,169,建议先玩生4 更便宜又好玩 暴力摩托环节还是挺爽的,玩法,正面
1205,1205,2026-02-28,Leon风采依旧，体术好爽，给个好评,推荐,6.8,37,146,Leon风采依旧 体术好爽 给个好评,情怀,正面
1206,1206,2026-02-28,好,推荐,14.8,44,103,好,其他,正面
1207,1207,2026-02-28,平稳落地，好玩！,推荐,14.7,12,121,平稳落地 好玩,玩法,正面
1208,1208,2026-02-28,游戏内容在疯狂的暗示生5RE,推荐,2.4,35,44,游戏内容在疯狂的暗示生5RE,情怀,正面
1209,1209,2026-02-28,疗养院要是还能再长点就好了，顺便TM的优化差评。,推荐,10.7,50,159,疗养院要是还能再长点就好了 顺便TM的优化差评,优化,正面
1210,1210,2026-02-28,RE2+RE4，原来这才是RE6,推荐,4.7,12,121,RE2 RE4 原来这才是RE6,情怀,正面
1211,1211,2026-02-28,李三光帅的,推荐,11.3,27,186,李三光帅的,情怀,正面
1212,1212,2026-02-28,好玩,推荐,11.4,12,21,好玩,玩法,正面
1213,1213,2026-02-28,虽然罐头  但是喜欢帅老头,推荐,7.3,8,67,虽然罐头 但是喜欢帅老头,情怀,正面
1214,1214,2026-02-28,好玩一如既往，生七和生四重置结合，里昂和格蕾丝体验不同，坏境体验很强，氛围感也很好，这代画质和质感提升很大，优化总体还行，期待下一作！！！！！,推荐,5.8,19,28,好玩一如既往 生七和生四重置结合 里昂和格蕾丝体验不同 坏境体验很强 氛围感也很好 这代画质和质感提升很大 优化总体还行 期待下一作,画面,正面
1215,1215,2026-02-28,熟悉的记忆，一样的配方，好玩,推荐,14.4,18,27,熟悉的记忆 一样的配方 好玩,情怀,正面
1216,1216,2026-02-28,佣兵模式什么时候补？！,推荐,11.5,28,87,佣兵模式什么时候补,玩法,正面
1217,1217,2026-02-28,已通关，爽的一比，前期的格蕾丝第一人称恐怖氛围很强，后期的里昂过肩第三人称就是一个战斗爽。里昂part的摩托战太帅了，警察局那一部分是感触最深的，肯尼迪报道真让人好哭吧？警察局暴君追逐战也是情怀拉满。最终boss差点味儿啊，打果子这也是老传统了，9/10！,推荐,13.2,42,51,已通关 爽的一比 前期的格蕾丝第一人称恐怖氛围很强 后期的里昂过肩第三人称就是一个战斗爽 里昂part的摩托战太帅了 警察局那一部分是感触最深的 肯尼迪报道真让人好哭吧 警察局暴君追逐战也是情怀拉满 最终boss差点味儿啊 打果子这也是老传统了 9 10,情怀,正面
1218,1218,2026-02-28,草泥马标记的ds5完全支持，支持你吗了支持,不推荐,1.2,30,39,草泥马标记的ds5完全支持 支持你吗了支持,情怀,负面
1219,1219,2026-02-28,我真的要起诉卡普空了，为什么要一直跟踪我这么多年就为了做里昂这个角色出来？我就不能有一点隐私吗？,推荐,8.2,38,97,我真的要起诉卡普空了 为什么要一直跟踪我这么多年就为了做里昂这个角色出来 我就不能有一点隐私吗,情怀,正面
1220,1220,2026-02-28,"他妈的个逼卡普空，禁闭区有空注射器房间的门死活不开，读档几次都不行，已急哭！！！
需要把趴在门上的丧尸打了才会开门，服了，什么狗屎丧尸力气这么大，万能血液都能合子弹合药剂，搞不懂在这里搞这么真实干嘛。",不推荐,16.6,14,173,他妈的个逼卡普空 禁闭区有空注射器房间的门死活不开 读档几次都不行 已急哭 需要把趴在门上的丧尸打了才会开门 服了 什么狗屎丧尸力气这么大 万能血液都能合子弹合药剂 搞不懂在这里搞这么真实干嘛,玩法,负面
1221,1221,2026-02-28,你说的生化九是生化酒店吗？怎么我这里只有个红皮的僵尸在一直追我？,推荐,4.7,10,119,你说的生化九是生化酒店吗 怎么我这里只有个红皮的僵尸在一直追我,其他,正面
1222,1222,2026-02-28,果然是安魂曲,推荐,12.5,22,181,果然是安魂曲,剧情,正面
1223,1223,2026-02-28,太棒了，节奏张弛有度，格蕾丝负责恐怖，里昂负责动作，系列最佳,推荐,11.1,49,158,太棒了 节奏张弛有度 格蕾丝负责恐怖 里昂负责动作 系列最佳,剧情,正面
1224,1224,2026-02-28,超级好玩啊啊啊啊啊啊我爱生化危机！！！,推荐,3.7,45,54,超级好玩啊啊啊啊啊啊我爱生化危机,情怀,正面
1225,1225,2026-02-28,好玩，里昂篇爽杀帅气，格里斯紧张刺激,推荐,12.1,39,48,好玩 里昂篇爽杀帅气 格里斯紧张刺激,情怀,正面
1226,1226,2026-02-28,  绝对是初见情况下压力排得上号的一部生化作品。玩了一晚上脑子嗡嗡的。在疗养院好几次都打到粮尽弹绝只敢全程蹲着开图，总是打开地图冥想没有资源的情况下该怎么做，突然的一个小巧思获得大量物资可以重新战斗的喜悦是前所未有的。,推荐,4.3,26,85,绝对是初见情况下压力排得上号的一部生化作品 玩了一晚上脑子嗡嗡的 在疗养院好几次都打到粮尽弹绝只敢全程蹲着开图 总是打开地图冥想没有资源的情况下该怎么做 突然的一个小巧思获得大量物资可以重新战斗的喜悦是前所未有的,玩法,正面
1227,1227,2026-02-28,好！格蕾丝有多恐怖，后面Leon都给杀回来就有多爽！,推荐,6.8,30,89,好 格蕾丝有多恐怖 后面Leon都给杀回来就有多爽,剧情,正面
1228,1228,2026-02-28,不错,推荐,7.2,8,167,不错,其他,正面
1229,1229,2026-02-28,内容感觉有点少，说真的,不推荐,12.5,28,87,内容感觉有点少 说真的,其他,负面
1230,1230,2026-02-28,里昂就像美酒，越老越香醇,推荐,8.7,5,64,里昂就像美酒 越老越香醇,情怀,正面
1231,1231,2026-02-28,里昂要把我掰弯了,推荐,12.6,32,141,里昂要把我掰弯了,情怀,正面
1232,1232,2026-02-28,"好玩！中配质量也不错，优化非常好，按游戏自己设置的画质中等画质基本都能平均60帧就知道优化怎么样了。最高70最低54左右

生化系列本人也只玩过，2.3.4.5.6.8，7代听说很恐怖所以一直没打算接触
所以序幕真的让我感觉下载了一个假生化危机的感觉，我是不是打开了“寂静岭”！！！！太压抑了，而且很多时候环境没吓到我，倒是被女主给吓到了。
后面的恐怖程度就恢复生化危机的样子了，大可放心食用",推荐,12.5,4,113,好玩 中配质量也不错 优化非常好 按游戏自己设置的画质中等画质基本都能平均60帧就知道优化怎么样了 最高70最低54左右 生化系列本人也只玩过 2 3 4 5 6 8 7代听说很恐怖所以一直没打算接触 所以序幕真的让我感觉下载了一个假生化危机的感觉 我是不是打开了 寂静岭 太压抑了 而且很多时候环境没吓到我 倒是被女主给吓到了 后面的恐怖程度就恢复生化危机的样子了 大可放心食用,优化,正面
1233,1233,2026-02-28,"体量小,本质简化版的生化危机4。新女主纯纯艾什莉plus，没有自己的特色，疗养院工具人。后期流程完全没体现出双主角玩法的突出点，没有一点创新。整体游戏完全度太差，纯纯赶鸭子上架式作品。348你告诉我就这么点流程，后期boss战过于敷衍，哪怕把泽诺单拿出来打一架呢。",不推荐,12.7,49,158,体量小 本质简化版的生化危机4 新女主纯纯艾什莉plus 没有自己的特色 疗养院工具人 后期流程完全没体现出双主角玩法的突出点 没有一点创新 整体游戏完全度太差 纯纯赶鸭子上架式作品 348你告诉我就这么点流程 后期boss战过于敷衍 哪怕把泽诺单拿出来打一架呢,玩法,负面
1234,1234,2026-02-28,"量大管饱的一代，还是原汁原味的恶灵古堡和李三光历险记，这么多年了也没点改变，好在它仍然好玩。

但你不是说支持ds手柄吗，一点pc适配都不带做的，家里人怎么办呐，capcom",推荐,8.4,18,177,量大管饱的一代 还是原汁原味的恶灵古堡和李三光历险记 这么多年了也没点改变 好在它仍然好玩 但你不是说支持ds手柄吗 一点pc适配都不带做的 家里人怎么办呐 capcom,玩法,正面
1235,1235,2026-02-28,这感觉太对了,推荐,7.9,35,44,这感觉太对了,情怀,正面
1236,1236,2026-02-28,里昂真帅吧！！！,推荐,13.2,44,103,里昂真帅吧,情怀,正面
1237,1237,2026-02-28,过瘾，玩了这么多部终于玩到不一样的体验了，两位主角的内容各有各的特点，好玩好玩。,推荐,12.2,46,55,过瘾 玩了这么多部终于玩到不一样的体验了 两位主角的内容各有各的特点 好玩好玩,玩法,正面
1238,1238,2026-02-28,"刚刚打通评价下，总体而言觉得中规中矩的一部生化危机，格蕾丝关卡偏向于解密资源管理，基本就是生化危机2重制版那一套。里昂则是战斗爽资源基本溢出，相比较于生4战斗又提升了很多可玩的地方很帅（就是里昂戏份有点少感觉有点浪费希望尽快佣兵模式）。玩下来没有太多惊喜也没有啥拉跨的地方，你要的生化危机元素都有但是感觉没有很大的突破。
ps：很大的亮点是作为系列30周年纪念确实有很多老玩家玩到感觉很怀念的元素，这里就不剧透了。整体还是很不错的一部生化危机。（另外玩到植物园疯狂掉帧要吐槽一下！！！）",推荐,12.7,32,91,刚刚打通评价下 总体而言觉得中规中矩的一部生化危机 格蕾丝关卡偏向于解密资源管理 基本就是生化危机2重制版那一套 里昂则是战斗爽资源基本溢出 相比较于生4战斗又提升了很多可玩的地方很帅 就是里昂戏份有点少感觉有点浪费希望尽快佣兵模式 玩下来没有太多惊喜也没有啥拉跨的地方 你要的生化危机元素都有但是感觉没有很大的突破 ps 很大的亮点是作为系列30周年纪念确实有很多老玩家玩到感觉很怀念的元素 这里就不剧透了 整体还是很不错的一部生化危机 另外玩到植物园疯狂掉帧要吐槽一下,玩法,正面
1239,1239,2026-02-28,箱庭的神，，，,推荐,4.0,49,158,箱庭的神,玩法,正面
1240,1240,2026-02-28,格蕾丝关卡氛围感很强，里昂战斗爽，摩托战给我爽爆了,推荐,15.1,20,129,格蕾丝关卡氛围感很强 里昂战斗爽 摩托战给我爽爆了,玩法,正面
1241,1241,2026-02-28,"剧情，画面以及人物动作都是无可挑剔的业界顶级水准之一.
但是有两个问题：
1 简体中文语音音画不同步
2 不支持16：10屏幕比例，这让广大笔记本玩家如何是好啊，请赶紧适配吧",推荐,9.7,41,50,剧情 画面以及人物动作都是无可挑剔的业界顶级水准之一 但是有两个问题 1 简体中文语音音画不同步 2 不支持16 10屏幕比例 这让广大笔记本玩家如何是好啊 请赶紧适配吧,音效,正面
1242,1242,2026-02-28,体验拉满,推荐,0.1,36,195,体验拉满,情怀,正面
1243,1243,2026-02-28,略有遗憾,推荐,12.2,15,174,略有遗憾,其他,正面
1244,1244,2026-02-28,中配很不错，里昂太可靠了,推荐,7.5,28,87,中配很不错 里昂太可靠了,音效,正面
1245,1245,2026-02-28,格蕾丝确实好看 就是太胆小了点 谁赞同谁反对,推荐,4.5,37,196,格蕾丝确实好看 就是太胆小了点 谁赞同谁反对,剧情,正面
1246,1246,2026-02-28,男主长得有点像我,推荐,13.3,6,65,男主长得有点像我,其他,正面
1247,1247,2026-02-28,^ ^,推荐,4.3,20,79,,优化,正面
1248,1248,2026-02-28,一天打完，情怀拉满，玩法神了,推荐,10.1,10,19,一天打完 情怀拉满 玩法神了,情怀,正面
1249,1249,2026-02-28,"游戏挺好玩的，但是画面很差，我电脑9800X3D+5070Ti+48G内存，4K全拉满了，画面还是很模糊；
另外PS5手柄没有任何震动啊？",不推荐,4.3,43,202,游戏挺好玩的 但是画面很差 我电脑9800X3D 5070Ti 48G内存 4K全拉满了 画面还是很模糊 另外PS5手柄没有任何震动啊,画面,负面
1250,1250,2026-02-28,欢迎回到浣熊市！！！,推荐,0.2,11,170,欢迎回到浣熊市,情怀,正面
1251,1251,2026-02-28,越来越好玩了,推荐,5.8,46,105,越来越好玩了,玩法,正面
1252,1252,2026-02-28,"玩完了一半，总体感受如下（无剧透）：
1. 长度堪比 2000 年 BIOHAZARD: Code Veronica，久违的长度。
2. 血腥暴力镜头更多了，尺度更大了。
3. 本作敌人个体我没觉得有太多新鲜感，缝合比较明显，但是压力较大，僵尸会跨区域追，一定几率还会扔近战武器。除此之外，我没有想到敌人个体的 idle 待机行为下了不少功夫，体现出设定之细致。
4. 解谜？直接黄色高亮，甚至保险箱密码直接给你了，很难会搞错，我觉得是退步的，但不影响整体评价。
5. 虽然官方建议 Leon 侧用第三人称玩，事实上第一人称最爽，操作最精细。玩出了 Call of Duty 的感觉。
6. Leon 线是我非常喜欢的，整体玩法和 BIOHAZARD 4 Remake 基本一样，但做出了很多改进，增加不少动作 animset，颇有 John Wick 感觉。最重要的是近战格挡增加了按住 E 磨刀恢复耐久的设定，没有明显焦虑了。
7. 期待 VR 版本 / MOD，不知道会不会有。",推荐,6.2,2,111,玩完了一半 总体感受如下 无剧透 1 长度堪比 2000 年 BIOHAZARD Code Veronica 久违的长度 2 血腥暴力镜头更多了 尺度更大了 3 本作敌人个体我没觉得有太多新鲜感 缝合比较明显 但是压力较大 僵尸会跨区域追 一定几率还会扔近战武器 除此之外 我没有想到敌人个体的 idle 待机行为下了不少功夫 体现出设定之细致 4 解谜 直接黄色高亮 甚至保险箱密码直接给你了 很难会搞错 我觉得是退步的 但不影响整体评价 5 虽然官方建议 Leon 侧用第三人称玩 事实上第一人称最爽 操作最精细 玩出了 Call of Duty 的感觉 6 Leon 线是我非常喜欢的 整体玩法和 BIOHAZARD 4 Remake 基本一样 但做出了很多改进 增加不少动作 animset 颇有 John Wick 感觉 最重要的是近战格挡增加了按住 E 磨刀恢复耐久的设定 没有明显焦虑了 7 期待 VR 版本 MOD 不知道会不会有,玩法,正面
1253,1253,2026-02-28,"非常好玩~优化很棒
里昂老了也这么帅（星星眼）
里昂的体术帅炸了 各种处决太爽了
格蕾丝没有枪之前：谁在那里？别追我呜呜呜我害怕
得到枪之后：嘿嘿嘿小宝贝~！我来辣你别怕！桀桀桀",推荐,5.8,20,29,非常好玩 优化很棒 里昂老了也这么帅 星星眼 里昂的体术帅炸了 各种处决太爽了 格蕾丝没有枪之前 谁在那里 别追我呜呜呜我害怕 得到枪之后 嘿嘿嘿小宝贝 我来辣你别怕 桀桀桀,玩法,正面
1254,1254,2026-02-28,"一口气通关了 在我心中生化危机9的好玩度在系列能排进前三 
先说优点吧 这代的心流把控确实做的挺好 感觉这代更加偏向电影化 播片确实占比很多 但是质感非常好像是在看电影一样很大片 特别是摩托车部分太帅了 人物面部表情和面部精细程度我觉得都是大进步 虽然前中剧情人物切换是稍许生硬 前中期的恐怖氛围依旧是顶级 疗养院的地图设计做的非常好 我觉得能和重制2的警察局比一比了 就是解密难度不如二代 警察局复杂了很多 我看发售前有人说看视频觉得浣熊市做的很烂 我玩下来觉得挺好的呀 应该是历代生化探索空间最大的一块地方 我探索的过程也很开心 然后再就是格蕾丝的英配这次很棒 比重制4艾达王的英配强太多太多太多了 我也觉得她长得非常可爱哈哈哈比艾什莉更加好看可爱
这代的丧尸也是最真实最自然的 射击手感我觉得比四代更上一层楼 爆浆感更强 画面也是最强的 优化毋庸置疑的好 可能掉帧也就查看物品稍微掉帧了一下下 re引擎做箱庭依旧是无敌的存在
缺点虽然少但是也是有的 一就是剧情吧 一开始里昂去疗养院那 护士那我看到了里昂抬手了可能没来得及救 这个应该是卡普空没做好分镜 再就是里昂打倒艾米莉了 格蕾丝转头就跟着维克托他们上飞机了 这里确实比较突兀 生化嘛我觉得剧情从来都不是重头戏 比较白开水很薄弱 其他的我都觉得挺好的呀完全可以是今年的佳作 就算今年是大作云集的一年也能是今年的佳作 绝对是今年最值得玩的游戏之一 噢然后再就是也填了一些坑 就二代里昂和艾达王一起遇到的那个被感染的小孩子和他爸爸那 也算是填坑了这里就不剧透了 警察局情怀拉的太满了 里昂永远也忘不掉马文  我看发售前一堆人唱衰还以为他们云游戏云出个什么名堂 云玩家的评论是真不能信 玩游戏真的要信自己的感受 看和自己玩的体验完全是不一样的 
三百多块钱性价比可能是低了点 买不买就看自己吧 我觉得这十二个小时里是没垃圾时间的 而且生化系列打折一直以来都是最快的 说不定夏促就打折到两百多了 到时候入这款性价比就更高了 反正相信我 这代绝对是好游戏不容错过的",推荐,13.1,40,49,一口气通关了 在我心中生化危机9的好玩度在系列能排进前三 先说优点吧 这代的心流把控确实做的挺好 感觉这代更加偏向电影化 播片确实占比很多 但是质感非常好像是在看电影一样很大片 特别是摩托车部分太帅了 人物面部表情和面部精细程度我觉得都是大进步 虽然前中剧情人物切换是稍许生硬 前中期的恐怖氛围依旧是顶级 疗养院的地图设计做的非常好 我觉得能和重制2的警察局比一比了 就是解密难度不如二代 警察局复杂了很多 我看发售前有人说看视频觉得浣熊市做的很烂 我玩下来觉得挺好的呀 应该是历代生化探索空间最大的一块地方 我探索的过程也很开心 然后再就是格蕾丝的英配这次很棒 比重制4艾达王的英配强太多太多太多了 我也觉得她长得非常可爱哈哈哈比艾什莉更加好看可爱 这代的丧尸也是最真实最自然的 射击手感我觉得比四代更上一层楼 爆浆感更强 画面也是最强的 优化毋庸置疑的好 可能掉帧也就查看物品稍微掉帧了一下下 re引擎做箱庭依旧是无敌的存在 缺点虽然少但是也是有的 一就是剧情吧 一开始里昂去疗养院那 护士那我看到了里昂抬手了可能没来得及救 这个应该是卡普空没做好分镜 再就是里昂打倒艾米莉了 格蕾丝转头就跟着维克托他们上飞机了 这里确实比较突兀 生化嘛我觉得剧情从来都不是重头戏 比较白开水很薄弱 其他的我都觉得挺好的呀完全可以是今年的佳作 就算今年是大作云集的一年也能是今年的佳作 绝对是今年最值得玩的游戏之一 噢然后再就是也填了一些坑 就二代里昂和艾达王一起遇到的那个被感染的小孩子和他爸爸那 也算是填坑了这里就不剧透了 警察局情怀拉的太满了 里昂永远也忘不掉马文 我看发售前一堆人唱衰还以为他们云游戏云出个什么名堂 云玩家的评论是真不能信 玩游戏真的要信自己的感受 看和自己玩的体验完全是不一样的 三百多块钱性价比可能是低了点 买不买就看自己吧 我觉得这十二个小时里是没垃圾时间的 而且生化系列打折一直以来都是最快的 说不定夏促就打折到两百多了 到时候入这款性价比就更高了 反正相信我 这代绝对是好游戏不容错过的,玩法,正面
1255,1255,2026-02-28,和想象的差不多也算是有头有尾了，唯一有点问题的就是前期的那些高音女一喊就会掉帧,推荐,12.4,45,54,和想象的差不多也算是有头有尾了 唯一有点问题的就是前期的那些高音女一喊就会掉帧,优化,正面
1256,1256,2026-02-28,太好玩了，一口气玩了五个小时，格蕾丝部分玩的有点胆战心惊，但是一到里昂的部分完全就变成了战斗爽哈哈哈，生化9没有辜负我的期待，好玩爱玩~,推荐,5.2,43,202,太好玩了 一口气玩了五个小时 格蕾丝部分玩的有点胆战心惊 但是一到里昂的部分完全就变成了战斗爽哈哈哈 生化9没有辜负我的期待 好玩爱玩,玩法,正面
1257,1257,2026-02-28,好玩！下了班之后玩确实神中神！尤其在OLED显示器上开启HDR的画质确实顶级,推荐,1.8,8,67,好玩 下了班之后玩确实神中神 尤其在OLED显示器上开启HDR的画质确实顶级,画面,正面
1258,1258,2026-02-28,"brutal, pure, neo resident evil. 此作使该系列前作都像是格林童话。洒家，辣个捅穿地狱的男人，居然吓破了胆儿，要缓缓。(关闭了十字准星) 洒家，真的老了。",推荐,9.3,29,88,brutal pure neo resident evil 此作使该系列前作都像是格林童话 洒家 辣个捅穿地狱的男人 居然吓破了胆儿 要缓缓 关闭了十字准星 洒家 真的老了,情怀,正面
1259,1259,2026-02-28,去你妈的吧 里昂还没玩十几分钟就又玩女主了 又臭又长又无聊  傻逼卡普空 谁他妈想玩格蕾丝啊！！,不推荐,5.3,11,170,去你妈的吧 里昂还没玩十几分钟就又玩女主了 又臭又长又无聊 傻逼卡普空 谁他妈想玩格蕾丝啊,剧情,负面
1260,1260,2026-02-28,解密战斗游戏流程缝合了前几代一大堆，但是不妨碍它好玩，这生化9有力气。,推荐,8.5,44,203,解密战斗游戏流程缝合了前几代一大堆 但是不妨碍它好玩 这生化9有力气,玩法,正面
1261,1261,2026-02-28,意料之外。比生2恐怖，生4爽,推荐,11.2,17,26,意料之外 比生2恐怖 生4爽,玩法,正面
1262,1262,2026-02-28,怎么说的，各有各的好。格蕾丝偏生化2，躲躲藏藏省弹药。里昂偏生化4，打打杀杀不怕事。等了9个月的游戏，虽然确实比不上生化4重置版，但生化9也是很不错的。值得推荐,推荐,7.8,31,190,怎么说的 各有各的好 格蕾丝偏生化2 躲躲藏藏省弹药 里昂偏生化4 打打杀杀不怕事 等了9个月的游戏 虽然确实比不上生化4重置版 但生化9也是很不错的 值得推荐,情怀,正面
1263,1263,2026-02-28,"没有生化危机4RE好玩，但这作也算不错吧。优化和画面都很好，剧情很常规（经典情怀加回忆），战斗的话格蕾丝是战五渣甚至不如伊森，里昂比以前更加残暴。总而言之，这作基本集中了之前系列的所有可取之处，但没有很突出的亮点，算是稳定发挥吧。我唯一觉得不好的是里昂的各种走路，跑步，持枪姿势，驼背又有点僵硬。还有如果这作是和生2那种模式就好了，两个主角互相换多多少少有点割裂。还算是个好游戏，生化萌新可以入，老粉的话看人。
",推荐,12.9,8,17,没有生化危机4RE好玩 但这作也算不错吧 优化和画面都很好 剧情很常规 经典情怀加回忆 战斗的话格蕾丝是战五渣甚至不如伊森 里昂比以前更加残暴 总而言之 这作基本集中了之前系列的所有可取之处 但没有很突出的亮点 算是稳定发挥吧 我唯一觉得不好的是里昂的各种走路 跑步 持枪姿势 驼背又有点僵硬 还有如果这作是和生2那种模式就好了 两个主角互相换多多少少有点割裂 还算是个好游戏 生化萌新可以入 老粉的话看人,情怀,正面
1264,1264,2026-02-28,善,推荐,17.3,36,95,善,其他,正面
1265,1265,2026-02-28,我全高的画面里全是噪点和蟑螂一样密密麻麻的,不推荐,10.2,29,88,我全高的画面里全是噪点和蟑螂一样密密麻麻的,画面,负面
1266,1266,2026-02-28,好玩,推荐,11.1,13,72,好玩,玩法,正面
1267,1267,2026-02-28,李昂的成长真是肉眼可见啊，这身手太强了。可惜大段时间都是在玩女主视角，女主虽然身手不好，但也没物资啊，口袋里永远只有不到十颗子弹。,推荐,8.8,43,52,李昂的成长真是肉眼可见啊 这身手太强了 可惜大段时间都是在玩女主视角 女主虽然身手不好 但也没物资啊 口袋里永远只有不到十颗子弹,剧情,正面
1268,1268,2026-02-28,个人感觉跟4代一样好玩，融合了生化危机2代解谜风格跟4代的闯关风格，非常值得推荐！！！！,推荐,8.6,24,33,个人感觉跟4代一样好玩 融合了生化危机2代解谜风格跟4代的闯关风格 非常值得推荐,玩法,正面
1269,1269,2026-02-28,总的来说还算可以 除了固定环节的解密实在是让人感到烦躁 作为re生化系列 在我心里能给它8.5分,推荐,11.8,14,73,总的来说还算可以 除了固定环节的解密实在是让人感到烦躁 作为re生化系列 在我心里能给它8 5分,玩法,正面
1270,1270,2026-02-28,瑕不掩瑜,推荐,10.9,32,91,瑕不掩瑜,其他,正面
1271,1271,2026-02-28,好玩好玩，女主太美啦！！！！！,推荐,3.8,22,81,好玩好玩 女主太美啦,画面,正面
1272,1272,2026-02-28,"4080S进游戏，开场动画时直接地板没了，几个NPC在那里踏空而行，空了的地板像那个香蕉道里的闪光弹亮的我眼睛疼，结果踏了2秒以后直接卡死只有音频，顶级优化啊卡普空！
又查了查，发现这BYD游戏不支持WIN10，得开兼容模式，再禁用全屏优化，给我整笑了，2026年还有不兼容WIN 10的3A",不推荐,1.9,32,41,4080S进游戏 开场动画时直接地板没了 几个NPC在那里踏空而行 空了的地板像那个香蕉道里的闪光弹亮的我眼睛疼 结果踏了2秒以后直接卡死只有音频 顶级优化啊卡普空 又查了查 发现这BYD游戏不支持WIN10 得开兼容模式 再禁用全屏优化 给我整笑了 2026年还有不兼容WIN 10的3A,优化,负面
1273,1273,2026-02-28,"老卡，说真的一会儿女主一会儿里昂确实割裂了，以后别整这种烂活了。
",推荐,1.9,10,169,老卡 说真的一会儿女主一会儿里昂确实割裂了 以后别整这种烂活了,剧情,正面
1274,1274,2026-02-28,不得不讲里昂还是传奇 有点要痛哭流涕,推荐,12.0,5,14,不得不讲里昂还是传奇 有点要痛哭流涕,情怀,正面
1275,1275,2026-02-28,好！好！好！,推荐,11.5,12,71,好 好 好,其他,正面
1276,1276,2026-02-28,"一编，进度里昂在探索疗养院。没被剧透到剧情爽~
普通难度，玩法目前来看像生2（恐怖解谜）和生4生8（战斗爽）的结合，画面升级，丧尸活动范围变大，搜东西拿取有动画了伟大的进步（？）可以关门更伟大的进步（？）就是没有搜完房间地图给房间标蓝，强迫症怕搜不干净有点难受
格蕾丝线解谜不卡关很舒服，恐怖氛围足够（因为资源不够压迫感大）；里昂篇主打一个生化的危机，而且你是向克里斯靠齐了吗这样练肌肉（
总之豪玩！",推荐,13.0,6,65,一编 进度里昂在探索疗养院 没被剧透到剧情爽 普通难度 玩法目前来看像生2 恐怖解谜 和生4生8 战斗爽 的结合 画面升级 丧尸活动范围变大 搜东西拿取有动画了伟大的进步 可以关门更伟大的进步 就是没有搜完房间地图给房间标蓝 强迫症怕搜不干净有点难受 格蕾丝线解谜不卡关很舒服 恐怖氛围足够 因为资源不够压迫感大 里昂篇主打一个生化的危机 而且你是向克里斯靠齐了吗这样练肌肉 总之豪玩,玩法,正面
1277,1277,2026-02-28,彳亍,推荐,13.5,46,55,彳亍,其他,正面
1278,1278,2026-02-28,柜子动了，我不玩了-。-先库里待着吧,推荐,0.7,36,95,柜子动了 我不玩了 先库里待着吧,其他,正面
1279,1279,2026-02-28,"WWWWWWWWWWWWW\
",推荐,12.6,10,69,WWWWWWWWWWWWW,其他,正面
1280,1280,2026-02-28,不开steam输入就无法使用PS5手柄，等你什么时候支持了，什么时候还给你好评，不惯着😅,不推荐,3.5,4,113,不开steam输入就无法使用PS5手柄 等你什么时候支持了 什么时候还给你好评 不惯着,优化,负面
1281,1281,2026-02-28,好玩，就是里昂线太简单了，目前打到维克多办公室，前面遇到的boss大胃袋只要不贪刀可以无伤单刷，后面院长办公室的狂暴尸潮也在火力覆盖下毫无还手之力，里昂关更像是格蕾丝关在推进到某些进度后的奖励关，不像并行存在的两条线。格蕾丝线那可太带派了，生存恐怖箱庭解谜的味儿很正，也许没有创新但确实好玩，不足就是腰包给太多了，而且都特容易获得，格子紧张感不够，还有一个就是角色很容易跑着跑着就开始闲逛，操作感奇怪,推荐,4.5,43,52,好玩 就是里昂线太简单了 目前打到维克多办公室 前面遇到的boss大胃袋只要不贪刀可以无伤单刷 后面院长办公室的狂暴尸潮也在火力覆盖下毫无还手之力 里昂关更像是格蕾丝关在推进到某些进度后的奖励关 不像并行存在的两条线 格蕾丝线那可太带派了 生存恐怖箱庭解谜的味儿很正 也许没有创新但确实好玩 不足就是腰包给太多了 而且都特容易获得 格子紧张感不够 还有一个就是角色很容易跑着跑着就开始闲逛 操作感奇怪,玩法,正面
1282,1282,2026-02-28,伟大无需多言,推荐,13.5,18,127,伟大无需多言,情怀,正面
1283,1283,2026-02-28,评价不需要华丽辞藻，“好玩”两个字就包含了一切,推荐,8.2,35,44,评价不需要华丽辞藻 好玩 两个字就包含了一切,玩法,正面
1284,1284,2026-02-28,玩的流口水,推荐,3.3,50,209,玩的流口水,其他,正面
1285,1285,2026-02-28,格蕾丝的建模简直是太美啦~！！！！！！！,推荐,3.7,38,147,格蕾丝的建模简直是太美啦,画面,正面
1286,1286,2026-02-28,类似于re2疗养院庭箱设计和解密，re7的美术界面，突破re4的动作爽感，画质对比re4舒服多了，量大管饱，从剧情到动作演出，精彩。没有政治正确，格蕾丝和艾米莉和re2雪梨，懂得都懂，个人心目中re重制佳作。,推荐,15.2,11,120,类似于re2疗养院庭箱设计和解密 re7的美术界面 突破re4的动作爽感 画质对比re4舒服多了 量大管饱 从剧情到动作演出 精彩 没有政治正确 格蕾丝和艾米莉和re2雪梨 懂得都懂 个人心目中re重制佳作,情怀,正面
1287,1287,2026-02-28,流程太短，和朋友边吐槽边打一看结尾报幕 8H。还有就是女主这个角色太不讨喜了，从头到尾就会 我不知道,不推荐,10.4,44,103,流程太短 和朋友边吐槽边打一看结尾报幕 8H 还有就是女主这个角色太不讨喜了 从头到尾就会 我不知道,剧情,负面
1288,1288,2026-02-28,好玩,推荐,13.8,44,103,好玩,玩法,正面
1289,1289,2026-02-28,好玩爱玩爽玩 还要等Ada果体MOD出来大胆的玩鼓劲的玩牙咬碎了的玩,推荐,9.6,4,163,好玩爱玩爽玩 还要等Ada果体MOD出来大胆的玩鼓劲的玩牙咬碎了的玩,情怀,正面
1290,1290,2026-02-28,真的很不错，战斗与恐怖氛围结合，融合了生2的地图探索体验，生4的战斗体验，还有生7的恐怖氛围，十分推荐,推荐,4.3,26,85,真的很不错 战斗与恐怖氛围结合 融合了生2的地图探索体验 生4的战斗体验 还有生7的恐怖氛围 十分推荐,玩法,正面
1291,1291,2026-02-28,cnm卡普空插上ds手柄显示支持实际上一点不能用是吧,不推荐,12.1,1,110,cnm卡普空插上ds手柄显示支持实际上一点不能用是吧,优化,负面
1292,1292,2026-02-28,没毛病，战斗爽！,推荐,11.1,46,105,没毛病 战斗爽,玩法,正面
1293,1293,2026-02-28,"迅速通关了一遍，简单评价一下吧。
首先是整体感觉，总觉得像是赶工产品，感觉讲的故事有些赶，如果能再加一到两个小时左右就能更加清晰了，更像是为了大团圆包的饺子。
然后是剧情方面，没啥可说的，依旧是生化危机的味道，喜欢，y1s1里昂老了还这么帅啊？小萝莉也很可爱。但是人物塑造流于表面，像是纸片人。
本作给我的感觉是氛围比7、8更好了，尤其是格里丝篇开头，氛围很足。但就像我开头说的那样，很赶，有种外强中干的感觉，尤其是到最后的时候，BOSS死亡后，我的心里就浮现出来几个字：“就这？完了？”
战斗方面，有点不太舒服。有种玩当年生化危机4终极高清版的感觉了，首先是格里丝奔跑走路感觉变化不太大，好家伙一代比一代跑得慢是吧？其次是战斗方面，里昂体术有，但不爽。宣传视频里的体术基本上就是全部了。而且按键衔接有问题，当然也有可能是我本人的问题，僵直明显，容易吃combo。打个分，格里丝篇8分，里昂篇6.5。主要是因为格里丝少有战斗爽桥段，所以评价比较高。（哦对了，千万千万千万，不要在敌人靠近时拿电锯，否则少说吃两下。我就是那个小馋猫，吃了一次又一次。）
画面方面，没啥说的，我电脑不好，看不出来。
音乐方面，这也是我觉得有些偷懒的地方，遇到敌人响音乐这很好，但是一直是同一首就有点审美疲劳了。
玩法方面，比起前面的来说还算是比较新奇的，双线交叉叙事，比二有意思，但或许只有我有这种感觉吧，就是玩着玩着更想玩格里丝，而不是里昂。
最后是总体评价，第九部给我一种很明显的承上启下被夹在中间不被重视的感觉。如果你问我值不值这个价，那绝对不值。尤其是上一部是生4重制版，这一对比就更明显了，但你说你想看老年里昂重回浣熊市，那我只能说shut up and take my money!
总体给出四颗星，粉丝滤镜占比较大，新人慎入。",推荐,11.6,28,37,迅速通关了一遍 简单评价一下吧 首先是整体感觉 总觉得像是赶工产品 感觉讲的故事有些赶 如果能再加一到两个小时左右就能更加清晰了 更像是为了大团圆包的饺子 然后是剧情方面 没啥可说的 依旧是生化危机的味道 喜欢 y1s1里昂老了还这么帅啊 小萝莉也很可爱 但是人物塑造流于表面 像是纸片人 本作给我的感觉是氛围比7 8更好了 尤其是格里丝篇开头 氛围很足 但就像我开头说的那样 很赶 有种外强中干的感觉 尤其是到最后的时候 BOSS死亡后 我的心里就浮现出来几个字 就这 完了 战斗方面 有点不太舒服 有种玩当年生化危机4终极高清版的感觉了 首先是格里丝奔跑走路感觉变化不太大 好家伙一代比一代跑得慢是吧 其次是战斗方面 里昂体术有 但不爽 宣传视频里的体术基本上就是全部了 而且按键衔接有问题 当然也有可能是我本人的问题 僵直明显 容易吃combo 打个分 格里丝篇8分 里昂篇6 5 主要是因为格里丝少有战斗爽桥段 所以评价比较高 哦对了 千万千万千万 不要在敌人靠近时拿电锯 否则少说吃两下 我就是那个小馋猫 吃了一次又一次 画面方面 没啥说的 我电脑不好 看不出来 音乐方面 这也是我觉得有些偷懒的地方 遇到敌人响音乐这很好 但是一直是同一首就有点审美疲劳了 玩法方面 比起前面的来说还算是比较新奇的 双线交叉叙事 比二有意思 但或许只有我有这种感觉吧 就是玩着玩着更想玩格里丝 而不是里昂 最后是总体评价 第九部给我一种很明显的承上启下被夹在中间不被重视的感觉 如果你问我值不值这个价 那绝对不值 尤其是上一部是生4重制版 这一对比就更明显了 但你说你想看老年里昂重回浣熊市 那我只能说shut up and take my money 总体给出四颗星 粉丝滤镜占比较大 新人慎入,剧情,正面
1294,1294,2026-02-28,唯一的缺点没有阿姨,推荐,12.6,48,157,唯一的缺点没有阿姨,情怀,正面
1295,1295,2026-02-28,"手痒
好玩",推荐,4.6,30,39,手痒 好玩,玩法,正面
1296,1296,2026-02-28,"不知道是这一代不够恐怖还是个人对生化系列的阈值够高了，这一代几乎没有刺激我的恐惧感官，本来期望这一代能媲美7代的恐怖感的，格蕾丝那除了前期物资极度稀缺给了点绝望感，恐怖感我是真没感到。跟对象玩边笑边玩，完全没有那种不敢往前走的恐惧感，就连我对象都不怕。流程过的更是轻松，难度低也是恐怖感不够的原因，2代有舔舐者地狱犬的压迫感不说，有时还会被丧尸两面夹击，这一代的丧尸智商低的可怜，不蹲走路过去都不会被发现，发现了就往外跑几米就不追你了，好歹做个追到安全屋给点压迫感吧？所有丧尸都是在固定范围活动，狂暴丧尸的压迫感也很弱，也不会追你多远。这一代玩着第一人称感觉还没2代第三人称在警察局恐怖，疗养院的恐怖氛围烘托真心一般，里昂线更是奇葩，除了打boss一发子弹都不需要，磨刀石如同个戏份摆设，斧头有耐久，磨刀石没有，相当于永动机近战武器，这样会让玩家对小怪毫无开枪欲望，毕竟近战的体术和击杀反馈远远爽过开枪，如果困难难度里昂还能只靠斧头清小怪那枪的意义在哪？
总结，对接触恐怖游戏或生化系列少的玩家这一部应该还是不错的，但是无法触动老生化玩家或接触恐怖游戏多的玩家的感官，创新和恐怖性不够",不推荐,10.6,19,128,不知道是这一代不够恐怖还是个人对生化系列的阈值够高了 这一代几乎没有刺激我的恐惧感官 本来期望这一代能媲美7代的恐怖感的 格蕾丝那除了前期物资极度稀缺给了点绝望感 恐怖感我是真没感到 跟对象玩边笑边玩 完全没有那种不敢往前走的恐惧感 就连我对象都不怕 流程过的更是轻松 难度低也是恐怖感不够的原因 2代有舔舐者地狱犬的压迫感不说 有时还会被丧尸两面夹击 这一代的丧尸智商低的可怜 不蹲走路过去都不会被发现 发现了就往外跑几米就不追你了 好歹做个追到安全屋给点压迫感吧 所有丧尸都是在固定范围活动 狂暴丧尸的压迫感也很弱 也不会追你多远 这一代玩着第一人称感觉还没2代第三人称在警察局恐怖 疗养院的恐怖氛围烘托真心一般 里昂线更是奇葩 除了打boss一发子弹都不需要 磨刀石如同个戏份摆设 斧头有耐久 磨刀石没有 相当于永动机近战武器 这样会让玩家对小怪毫无开枪欲望 毕竟近战的体术和击杀反馈远远爽过开枪 如果困难难度里昂还能只靠斧头清小怪那枪的意义在哪 总结 对接触恐怖游戏或生化系列少的玩家这一部应该还是不错的 但是无法触动老生化玩家或接触恐怖游戏多的玩家的感官 创新和恐怖性不够,玩法,负面
1297,1297,2026-02-28,非常好玩玩起来感觉非常好玩也许太好玩了让我感到非常好玩真的太好玩了,推荐,4.3,10,69,非常好玩玩起来感觉非常好玩也许太好玩了让我感到非常好玩真的太好玩了,玩法,正面
1298,1298,2026-02-28,好玩,推荐,5.4,5,164,好玩,玩法,正面
1299,1299,2026-02-28,小僵尸们，你李昂爹来了,推荐,11.3,22,81,小僵尸们 你李昂爹来了,情怀,正面
1300,1300,2026-02-28,英伟达没更新驱动？怎么一开dlss角色身上一堆噪点，还有胶片颗粒能不能出个选项关了好模糊,推荐,7.5,14,173,英伟达没更新驱动 怎么一开dlss角色身上一堆噪点 还有胶片颗粒能不能出个选项关了好模糊,画面,正面
1301,1301,2026-02-28,优化非常不错，非常好玩，尤其是电锯那段让我当了一次欢乐喜锯人,推荐,5.8,2,161,优化非常不错 非常好玩 尤其是电锯那段让我当了一次欢乐喜锯人,玩法,正面
1302,1302,2026-02-28,最好玩的游戏之一，夯爆了,推荐,5.7,49,158,最好玩的游戏之一 夯爆了,玩法,正面
1303,1303,2026-02-28,"""欢迎回来，菜鸟""",推荐,9.2,35,94,欢迎回来 菜鸟,其他,正面
1304,1304,2026-02-28,国区野狗魅力时刻 自己电脑驱动少点东西然后就怪优化不行 还说开路径光追就优化不行 脑子没几个 逼话还多 你们这辈子也就只配玩原神了,推荐,1.1,25,184,国区野狗魅力时刻 自己电脑驱动少点东西然后就怪优化不行 还说开路径光追就优化不行 脑子没几个 逼话还多 你们这辈子也就只配玩原神了,其他,正面
1305,1305,2026-02-28,本来是冲着里昂来的，但是感觉格蕾丝部分更有生化味，里昂浣熊市那段战斗和场景总让我幻视半条命（两个风格都很喜欢就是了）也算是有作出新的尝试吧。流程时长达标，格蕾丝部分玩的也很上头，牢房那边感觉做的最佳（虽然和生化2下水道差不多hhhh）里昂的战神部分也很带劲，也能看出来里昂老了，动作虽然更有技巧和力量了，但是跑步灵活下降了不少。情怀粉的话这部可以说很不错了，值得我第一次冲首发。,推荐,11.6,34,143,本来是冲着里昂来的 但是感觉格蕾丝部分更有生化味 里昂浣熊市那段战斗和场景总让我幻视半条命 两个风格都很喜欢就是了 也算是有作出新的尝试吧 流程时长达标 格蕾丝部分玩的也很上头 牢房那边感觉做的最佳 虽然和生化2下水道差不多hhhh 里昂的战神部分也很带劲 也能看出来里昂老了 动作虽然更有技巧和力量了 但是跑步灵活下降了不少 情怀粉的话这部可以说很不错了 值得我第一次冲首发,情怀,正面
1306,1306,2026-02-28,"9.5/10吧，还没打完，前三章太拖了，而且格蕾丝物资攒起来之前非常恶心，结巴又平地摔玩的很烦

第三次进里昂线节奏就起来了，越打越爽

遇到的问题是内存泄漏报错，十小时两次，首发质量尚能接受",推荐,13.7,3,62,9 5 10吧 还没打完 前三章太拖了 而且格蕾丝物资攒起来之前非常恶心 结巴又平地摔玩的很烦 第三次进里昂线节奏就起来了 越打越爽 遇到的问题是内存泄漏报错 十小时两次 首发质量尚能接受,玩法,正面
1307,1307,2026-02-28,初代30周年重制版，五代重制版，Capcom数钱数到自然醒,推荐,5.9,30,89,初代30周年重制版 五代重制版 Capcom数钱数到自然醒,情怀,正面
1308,1308,2026-02-28,玩就完了，好评！,推荐,10.9,20,79,玩就完了 好评,其他,正面
1309,1309,2026-02-28,"如果不是粉丝 建议等永降
流程实在是太短了",推荐,0.1,47,156,如果不是粉丝 建议等永降 流程实在是太短了,价格,正面
1310,1310,2026-02-28,我在过场动画了卡了10000次,不推荐,3.0,3,112,我在过场动画了卡了10000次,优化,负面
1311,1311,2026-02-28,nb,推荐,13.1,26,135,nb,其他,正面
1312,1312,2026-02-28,"好玩，生化粉丝不可错过~
十小时左右逃出医院，开始重返浣熊市~
浣熊市的丧尸真硬啊，四五枪打不出硬直，我都不敢像在医院那样点两枪就上去近战终结了。",推荐,9.2,46,205,好玩 生化粉丝不可错过 十小时左右逃出医院 开始重返浣熊市 浣熊市的丧尸真硬啊 四五枪打不出硬直 我都不敢像在医院那样点两枪就上去近战终结了,情怀,正面
1313,1313,2026-02-28,点哪那闪退。。。。。。,不推荐,1.3,27,136,点哪那闪退,优化,负面
1314,1314,2026-02-28,还行。就玩了一会,推荐,14.9,16,125,还行 就玩了一会,其他,正面
1315,1315,2026-02-28,好玩，优化很不错，格蕾丝线很有传统生化危机的生存解密味，里昂线库库乱杀就可以了,推荐,9.7,31,190,好玩 优化很不错 格蕾丝线很有传统生化危机的生存解密味 里昂线库库乱杀就可以了,玩法,正面
1316,1316,2026-02-28,好玩 李昂也是真的帅 格蕾丝可爱捏 紧张恐怖与爽快动作的双重体验 半开放式的地图设计也跟奖励模式环环相扣 稍微想一下就可以玩的很爽 暂时没觉得有缺点 期待下一部作品,推荐,14.7,28,187,好玩 李昂也是真的帅 格蕾丝可爱捏 紧张恐怖与爽快动作的双重体验 半开放式的地图设计也跟奖励模式环环相扣 稍微想一下就可以玩的很爽 暂时没觉得有缺点 期待下一部作品,玩法,正面
1317,1317,2026-02-28,爽爽爽,推荐,11.2,11,20,爽爽爽,其他,正面
1318,1318,2026-02-28,好玩，一如既往的高质量,推荐,6.5,45,204,好玩 一如既往的高质量,情怀,正面
1319,1319,2026-02-28,实际上的游戏内容全部都是炒冷饭卖情怀，男女主角双主线但是由于性能的不同但是故事线上两人属于同一时间同一地点很经典的re故事表现手法，但是远不如re6和重制版re2 3的叙述手段，你可以从游戏内看见很多其他游戏的既视感其中感受最多的就是里昂像隔壁某个大光头，格蕾丝的游戏内容表现像最后的生还者客串来的，建议是等等降价了再玩,推荐,11.9,49,208,实际上的游戏内容全部都是炒冷饭卖情怀 男女主角双主线但是由于性能的不同但是故事线上两人属于同一时间同一地点很经典的re故事表现手法 但是远不如re6和重制版re2 3的叙述手段 你可以从游戏内看见很多其他游戏的既视感其中感受最多的就是里昂像隔壁某个大光头 格蕾丝的游戏内容表现像最后的生还者客串来的 建议是等等降价了再玩,情怀,正面
1320,1320,2026-02-28,神作,推荐,7.5,41,100,神作,情怀,正面
1321,1321,2026-02-28,"请奖励这条评论，给我点赞牛子精灵会让你增长2cm，奖励我的人牛子增长20cm
.⠄⠄⣿⣿⣿⣿⠘⡿⢛⣿⣿⣿⣿⣿⣧⢻⣿⣿⠃⠸⣿⣿⣿⠄⠄⠄⠄⠄
⠄⠄⣿⣿⣿⣿⢀⠼⣛⣛⣭⢭⣟⣛⣛⣛⠿⠿⢆⡠⢿⣿⣿⠄⠄⠄⠄⠄
⠄⠄⠸⣿⣿⢣⢶⣟⣿⣖⣿⣷⣻⣮⡿⣽⣿⣻⣖⣶⣤⣭⡉⠄⠄⠄⠄⠄
⠄⠄⠄⢹⠣⣛⣣⣭⣭⣭⣁⡛⠻⢽⣿⣿⣿⣿⢻⣿⣿⣿⣽⡧⡄⠄⠄⠄
⠄⠄⠄⠄⣼⣿⣿⣿⣿⣿⣿⣿⣿⣶⣌⡛⢿⣽⢘⣿⣷⣿⡻⠏⣛⣀⠄⠄
⠄⠄⠄⣼⣿⣿⣿⣿⣿⣿⣿⣿⣿⣿⣿⣿⣦⠙⡅⣿⠚⣡⣴⣿⣿⣿⡆⠄
⠄⠄⣰⣿⣿⣿⣿⣿⣿⣿⣿⣿⣿⣿⣿⣿⣿⣷⠄⣱⣾⣿⣿⣿⣿⣿⣿⠄
⠄⢀⣿⣿⣿⣿⣿⣿⣿⣿⣿⣿⣿⣿⣿⣿⣿⣿⢸⣿⣿⣿⣿⣿⣿⣿⣿⠄
⠄⣸⣿⣿⣿⣿⣿⣿⣿⣿⣿⣿⣿⣿⣿⣿⡿⠣⣿⣿⣿⣿⣿⣿⣿⣿⣿⠄
⠄⣿⣿⣿⣿⣿⣿⣿⣿⣿⣿⣿⣿⣿⠿⠛⠑⣿⣮⣝⣛⠿⠿⣿⣿⣿⣿⠄
⢠⣿⣿⣿⣿⣿⣿⣿⣿⣿⣿⣿⣶⠄⠄⠄⠄⣿⣿⣿⣿⣿⣿⣿⣿⣿⡟⠄",推荐,15.1,21,80,请奖励这条评论 给我点赞牛子精灵会让你增长2cm 奖励我的人牛子增长20cm,其他,正面
1322,1322,2026-02-28,最棒的一部生化危机，女主真漂亮,推荐,7.0,39,198,最棒的一部生化危机 女主真漂亮,情怀,正面
1323,1323,2026-02-28,好👍,推荐,11.7,12,121,好,其他,正面
1324,1324,2026-02-28,非常好bug，使我禁闭室的空注射器拿不到,不推荐,9.5,50,209,非常好bug 使我禁闭室的空注射器拿不到,优化,负面
1325,1325,2026-02-28,"有点短 
前期节奏慢后期节奏快
双角色切换稍显僵硬
枪械和体术手感很好
剧情因人而异
结局包饺子略显强行
评价中上水准",推荐,15.7,12,171,有点短 前期节奏慢后期节奏快 双角色切换稍显僵硬 枪械和体术手感很好 剧情因人而异 结局包饺子略显强行 评价中上水准,玩法,正面
1326,1326,2026-02-28,13:20~0:50已通关 但steam时长统计好像出毛病了  好玩,推荐,6.8,45,104,13 20 0 50已通关 但steam时长统计好像出毛病了 好玩,玩法,正面
1327,1327,2026-02-28,无敌,推荐,8.1,23,82,无敌,其他,正面
1328,1328,2026-02-28,优化不怎么好，其他真不错,推荐,11.4,16,75,优化不怎么好 其他真不错,优化,正面
1329,1329,2026-02-28,我想可能是我第一次玩生化系列的游戏，说实话里面的设定很刺激，里昂线的爽感与格蕾丝线的惊吓与刺激，玩了六个小时才找到两块晶石，中间回档了四五次依旧好玩，之前也看过前面几部的生化系列，感觉这一步恰到好处，卡普空的创新没话说，格蕾丝的新人意味着格子少，里昂作为资深生化爱好者格子与武器等丰富也是非常对应，只能说钱没白花，耐玩而且创意十足，看过之前几部，感觉没有哪一部比这一部恐怖氛围渲染的那么好了，只有一点点小建议就是丧尸的攻击性能不能低一点，有时候老是空枪，因为我第一次玩生化系列，没有经验，对里面武器的控制比较差，最后祝愿卡普空越来越好,推荐,5.9,34,193,我想可能是我第一次玩生化系列的游戏 说实话里面的设定很刺激 里昂线的爽感与格蕾丝线的惊吓与刺激 玩了六个小时才找到两块晶石 中间回档了四五次依旧好玩 之前也看过前面几部的生化系列 感觉这一步恰到好处 卡普空的创新没话说 格蕾丝的新人意味着格子少 里昂作为资深生化爱好者格子与武器等丰富也是非常对应 只能说钱没白花 耐玩而且创意十足 看过之前几部 感觉没有哪一部比这一部恐怖氛围渲染的那么好了 只有一点点小建议就是丧尸的攻击性能不能低一点 有时候老是空枪 因为我第一次玩生化系列 没有经验 对里面武器的控制比较差 最后祝愿卡普空越来越好,玩法,正面
1330,1330,2026-02-28,"总结：好玩，但不必抱有过高期待

格蕾丝部分即使把部分物品存入箱子，了解怪物特性后，打起来个人感觉不难（部分关卡堆僵尸只能跑）。第一人称下其实小刀刺击可以轻松单杀僵尸（刺出硬直推倒，重复即可）。

至于部分玩家说的格子危机，个人体验只有一次，目前14个格子够用（饰品放入箱子）安魂的子弹最高只留5颗（除去boss战）。

然后里昂部分剧情量感觉好少，没玩两下换人了（没爽够）",推荐,7.5,8,167,总结 好玩 但不必抱有过高期待 格蕾丝部分即使把部分物品存入箱子 了解怪物特性后 打起来个人感觉不难 部分关卡堆僵尸只能跑 第一人称下其实小刀刺击可以轻松单杀僵尸 刺出硬直推倒 重复即可 至于部分玩家说的格子危机 个人体验只有一次 目前14个格子够用 饰品放入箱子 安魂的子弹最高只留5颗 除去boss战 然后里昂部分剧情量感觉好少 没玩两下换人了 没爽够,玩法,正面
1331,1331,2026-02-28,为啥我的这个但丁开不了真魔人啊，教程里没有教啊？,推荐,11.6,42,201,为啥我的这个但丁开不了真魔人啊 教程里没有教啊,其他,正面
1332,1332,2026-02-28,相当的经典,推荐,4.5,10,119,相当的经典,情怀,正面
1333,1333,2026-02-28,"1，没有【FOV调节】（RE2/3/4都有）
2，【电影噪点】无法关闭（RE2/3/4都是有单独开关的）
3，【贴图质量】垃圾！除了人物和服装，其他物品的贴图无法直视！甚至不如RE4的贴图质量！
========================================================================
卡普空！你肿么了？都2026年了，还能犯这么低级的问题？！！",不推荐,9.0,34,143,1 没有 FOV调节 RE2 3 4都有 2 电影噪点 无法关闭 RE2 3 4都是有单独开关的 3 贴图质量 垃圾 除了人物和服装 其他物品的贴图无法直视 甚至不如RE4的贴图质量 卡普空 你肿么了 都2026年了 还能犯这么低级的问题,画面,负面
1334,1334,2026-02-28,"剧情中规中矩
战斗爽
恐怖氛围强
但是优化不行",推荐,11.3,39,198,剧情中规中矩 战斗爽 恐怖氛围强 但是优化不行,优化,正面
1335,1335,2026-02-28,"预购第一时间通关，好评是因为保持了一贯水平，但不推荐全款，等打折到一百多最好

作为数字正作，没什么创新，把生2和生4凑在一起，却不2又不4的，角色来回切换导致游戏节奏不太行，除了疯人院，后两章全是拿以前的素材炒冷饭，说是情怀其实卡表就是懒，

体量也不太行，添图式一周目才8个多小时，算上播片就10个钟",推荐,12.6,39,98,预购第一时间通关 好评是因为保持了一贯水平 但不推荐全款 等打折到一百多最好 作为数字正作 没什么创新 把生2和生4凑在一起 却不2又不4的 角色来回切换导致游戏节奏不太行 除了疯人院 后两章全是拿以前的素材炒冷饭 说是情怀其实卡表就是懒 体量也不太行 添图式一周目才8个多小时 算上播片就10个钟,价格,正面
1336,1336,2026-02-28,11个小时现代难度一周目通关。解密的引导很清晰，可能时为了凸显格蕾丝视角的恐怖感，第一人称操作下射击手感没有7代和8代流畅；但是里昂模式下的打击手感就很不错，感觉是特意设计的。本作的boss战数量和质量上没有前几作那么多，感觉在解密和战斗之间做的取舍。剧情上来说没有像8代那样的门槛，很少接触生化的朋友也没有很难理解剧情。对配置的要求i还是比较高的，我i7+5060锁2k，120帧大力水手有时候还是跑不满，过剧情cg时还可能掉到60帧以下。总体而言配置较高的还是比较推荐入手的。,推荐,11.8,36,95,11个小时现代难度一周目通关 解密的引导很清晰 可能时为了凸显格蕾丝视角的恐怖感 第一人称操作下射击手感没有7代和8代流畅 但是里昂模式下的打击手感就很不错 感觉是特意设计的 本作的boss战数量和质量上没有前几作那么多 感觉在解密和战斗之间做的取舍 剧情上来说没有像8代那样的门槛 很少接触生化的朋友也没有很难理解剧情 对配置的要求i还是比较高的 我i7 5060锁2k 120帧大力水手有时候还是跑不满 过剧情cg时还可能掉到60帧以下 总体而言配置较高的还是比较推荐入手的,玩法,正面
1337,1337,2026-02-28,爽,推荐,14.1,32,91,爽,其他,正面
1338,1338,2026-02-28,恐怖，战斗爽！！,推荐,15.6,23,82,恐怖 战斗爽,玩法,正面
1339,1339,2026-02-28, 不赖,推荐,5.3,10,169,不赖,其他,正面
1340,1340,2026-02-28,"好玩,就是标准难道敌人伤害过高，而且Windows10能玩，恐怖呢不恐怖就是刺激，恐怖话玩极度恐慌2就知道",推荐,14.2,7,16,好玩 就是标准难道敌人伤害过高 而且Windows10能玩 恐怖呢不恐怖就是刺激 恐怖话玩极度恐慌2就知道,玩法,正面
1341,1341,2026-02-28,"恐怖元素苦手玩家，序章过完分头剧情再玩格蕾丝线直接吓成SB。

明天找两个女主线流程视频看看，谨防突脸吓飞手柄（",推荐,1.2,30,139,恐怖元素苦手玩家 序章过完分头剧情再玩格蕾丝线直接吓成SB 明天找两个女主线流程视频看看 谨防突脸吓飞手柄,音效,正面
1342,1342,2026-02-28,2+7=9 爽到,推荐,8.8,2,161,2 7 9 爽到,其他,正面
1343,1343,2026-02-28,地下绞肉机和滑梯进血池那段恶灵附身的味太冲了，我姑且当你卡婊是致敬三上真司而不是抄袭吧,推荐,5.9,47,156,地下绞肉机和滑梯进血池那段恶灵附身的味太冲了 我姑且当你卡婊是致敬三上真司而不是抄袭吧,情怀,正面
1344,1344,2026-02-28,经历6小时后终于通关这部游戏，怎么说的，剧情方面还不错，但感觉是把之前的游戏元素揉成一团然后进行游玩。不过也是见证了里昂的最后一章。在游戏方面，女主线比较难打，比如小舔舔，女主除了扔道具杀死其他方法都不行，而里昂线则是三发步枪子弹就gg了而且。游戏玩的时候女主子弹少的有点可怜，要是能多加点子弹就好了，比如说像生化二里克莱尔那样，起码打的不会来说很难受。总而言之，这款游戏做的很不错，不亏我期待这么久，给个好评👍,推荐,12.5,33,142,经历6小时后终于通关这部游戏 怎么说的 剧情方面还不错 但感觉是把之前的游戏元素揉成一团然后进行游玩 不过也是见证了里昂的最后一章 在游戏方面 女主线比较难打 比如小舔舔 女主除了扔道具杀死其他方法都不行 而里昂线则是三发步枪子弹就gg了而且 游戏玩的时候女主子弹少的有点可怜 要是能多加点子弹就好了 比如说像生化二里克莱尔那样 起码打的不会来说很难受 总而言之 这款游戏做的很不错 不亏我期待这么久 给个好评,玩法,正面
1345,1345,2026-02-28,卡普空生化危机一如既往的高质量，这代画面细节特别到位，光照，街景，场景建模肉眼可见的特大进步。里昂动作系统比4RE丝滑了不少多了不少处决方式，还能捡起敌人武器用。解谜也做了一些进步，比如解谜不再只是输入密码和收集道具，找电容关卡你会发现顺序弄错了就是死路一条。这种设计真的挺不错的，个人心中是年度水平。,推荐,8.3,21,30,卡普空生化危机一如既往的高质量 这代画面细节特别到位 光照 街景 场景建模肉眼可见的特大进步 里昂动作系统比4RE丝滑了不少多了不少处决方式 还能捡起敌人武器用 解谜也做了一些进步 比如解谜不再只是输入密码和收集道具 找电容关卡你会发现顺序弄错了就是死路一条 这种设计真的挺不错的 个人心中是年度水平,画面,正面
1346,1346,2026-02-28,最好玩的一部生化危机，集大成之作,推荐,8.5,6,115,最好玩的一部生化危机 集大成之作,玩法,正面
1347,1347,2026-02-28,爽！！！,推荐,5.2,4,63,爽,其他,正面
1348,1348,2026-02-28,:D,推荐,11.5,47,206,D,其他,正面
1349,1349,2026-02-28,一个字牛逼，格蕾丝人设塑造非常饱满,推荐,12.9,42,201,一个字牛逼 格蕾丝人设塑造非常饱满,剧情,正面
1350,1350,2026-02-28,.,推荐,4.4,5,114,,优化,正面
1351,1351,2026-02-28,太他吗阴间了，里昂没啥戏份啊，全程就是女主阴间模式,推荐,9.8,44,53,太他吗阴间了 里昂没啥戏份啊 全程就是女主阴间模式,剧情,正面
1352,1352,2026-02-28,非常好玩，前面格蕾丝资源管理＋解密＋微恐，后面里昂无双打怪拿钱买装备，我感觉一个游戏两种不同的体验还是非常不错的，也有一些新的游戏机制，推荐购买，因为这个玩法在生化系列里确实比较创新，总体来说十分能给九分的作品，还差一分就是前期格蕾丝和里昂互换有点频繁，让你格蕾丝和里昂都有点打不爽。,推荐,13.8,2,61,非常好玩 前面格蕾丝资源管理 解密 微恐 后面里昂无双打怪拿钱买装备 我感觉一个游戏两种不同的体验还是非常不错的 也有一些新的游戏机制 推荐购买 因为这个玩法在生化系列里确实比较创新 总体来说十分能给九分的作品 还差一分就是前期格蕾丝和里昂互换有点频繁 让你格蕾丝和里昂都有点打不爽,玩法,正面
1353,1353,2026-02-28,开局一把刀，进村全靠挡,推荐,11.2,16,175,开局一把刀 进村全靠挡,玩法,正面
1354,1354,2026-02-28,不赖,推荐,4.4,23,132,不赖,其他,正面
1355,1355,2026-02-28,格蕾丝篇章又臭又长，子弹少，伤害极低，背包格子少，刷怪一刷一大堆，体术没伤害，还有精英怪，潜行都不好使，感觉就是卡普空卖李昂的情怀，开发商自己都没有上手试玩过的样子,不推荐,3.9,14,73,格蕾丝篇章又臭又长 子弹少 伤害极低 背包格子少 刷怪一刷一大堆 体术没伤害 还有精英怪 潜行都不好使 感觉就是卡普空卖李昂的情怀 开发商自己都没有上手试玩过的样子,玩法,负面
1356,1356,2026-02-28,玩了8个小时，里昂终于回到浣熊市。就目前的内容绝对的佳作,推荐,7.8,15,124,玩了8个小时 里昂终于回到浣熊市 就目前的内容绝对的佳作,情怀,正面
1357,1357,2026-02-28,想看王阿姨,推荐,5.8,30,39,想看王阿姨,剧情,正面
1358,1358,2026-02-28,赞！,推荐,6.2,13,122,赞,其他,正面
1359,1359,2026-02-28,女主本来玩着就很心惊胆战了，结果女主的操作更是让我脑淤血,推荐,11.5,42,101,女主本来玩着就很心惊胆战了 结果女主的操作更是让我脑淤血,玩法,正面
1360,1360,2026-02-28,双线切个没完真的烦得要死，明明哪哪都不错，但是真的很烦一直换角色，刚爽一下就萎了，你说你按照2代做成表里不行吗？一周目可以格蕾丝体验7代的第一人称恐怖，二周目可以第三人称感受四代的高级特工它不香吗？甚至还能增长玩家游戏时长，给玩家一种游戏体量很足的错觉。说到最后我就想知道到底是哪个SB想出来的一会一切的？,不推荐,5.7,12,171,双线切个没完真的烦得要死 明明哪哪都不错 但是真的很烦一直换角色 刚爽一下就萎了 你说你按照2代做成表里不行吗 一周目可以格蕾丝体验7代的第一人称恐怖 二周目可以第三人称感受四代的高级特工它不香吗 甚至还能增长玩家游戏时长 给玩家一种游戏体量很足的错觉 说到最后我就想知道到底是哪个SB想出来的一会一切的,玩法,负面
1361,1361,2026-02-28,赶紧出dlc和佣兵模式吧,推荐,15.7,2,161,赶紧出dlc和佣兵模式吧,玩法,正面
1362,1362,2026-02-28,生化危机的新标杆,推荐,15.2,11,170,生化危机的新标杆,情怀,正面
1363,1363,2026-02-28,还得是李三光,推荐,6.0,44,153,还得是李三光,情怀,正面
1364,1364,2026-02-28,很不错啊，格里斯的恐怖与里昂的战斗爽基本完美平衡,推荐,12.6,17,176,很不错啊 格里斯的恐怖与里昂的战斗爽基本完美平衡,玩法,正面
1365,1365,2026-02-28,666666666,推荐,12.3,18,127,666666666,其他,正面
1366,1366,2026-02-28,剧情有点没头没尾。李昂战斗爽，女主就有点拉跨了。不知道为什么这剧情让我想起了《星球大战8》，蕾伊·帕尔帕廷是个普通人（bushi,推荐,11.6,33,92,剧情有点没头没尾 李昂战斗爽 女主就有点拉跨了 不知道为什么这剧情让我想起了 星球大战8 蕾伊 帕尔帕廷是个普通人 bushi,剧情,正面
1367,1367,2026-02-28,里昂一登场就开始爽！好玩,推荐,5.8,46,205,里昂一登场就开始爽 好玩,情怀,正面
1368,1368,2026-02-28,太好玩了，绝对推荐，谨慎用弹，格蕾丝线有些地方是真的很吓人，氛围感塑造得非常好，里昂线战斗爽，目前玩了7h还没通关，期待之后剧情,推荐,7.5,18,77,太好玩了 绝对推荐 谨慎用弹 格蕾丝线有些地方是真的很吓人 氛围感塑造得非常好 里昂线战斗爽 目前玩了7h还没通关 期待之后剧情,玩法,正面
1369,1369,2026-02-28,"里昂好帅啊啊啊啊啊啊啊啊啊啊啊啊啊啊啊啊啊啊啊
越老越帅啊啊啊啊啊啊啊啊啊啊啊啊啊啊啊啊啊啊啊
肌肉胡茬帅大叔啊啊啊啊啊啊啊啊啊啊啊啊啊啊啊啊
法拉利开的越久越有韵味啊啊啊啊啊啊啊啊啊啊啊啊
",推荐,14.4,25,84,里昂好帅啊啊啊啊啊啊啊啊啊啊啊啊啊啊啊啊啊啊啊 越老越帅啊啊啊啊啊啊啊啊啊啊啊啊啊啊啊啊啊啊啊 肌肉胡茬帅大叔啊啊啊啊啊啊啊啊啊啊啊啊啊啊啊啊 法拉利开的越久越有韵味啊啊啊啊啊啊啊啊啊啊啊啊,情怀,正面
1370,1370,2026-02-28,疗养院 我滴家乡,推荐,5.9,33,192,疗养院 我滴家乡,情怀,正面
1371,1371,2026-02-28,"我要多人PVE模式
我不要佣兵模式！我要突袭模式！！
我要多人PVE模式
我不要佣兵模式！我要突袭模式！！
我要多人PVE模式
我不要佣兵模式！我要突袭模式！！
我要多人PVE模式
我不要佣兵模式！我要突袭模式！！
我要多人PVE模式
我不要佣兵模式！我要突袭模式！！
我要多人PVE模式
我不要佣兵模式！我要突袭模式！！
我要多人PVE模式
我不要佣兵模式！我要突袭模式！！
我要多人PVE模式
我不要佣兵模式！我要突袭模式！！
我要多人PVE模式
我不要佣兵模式！我要突袭模式！！
我要多人PVE模式
我不要佣兵模式！我要突袭模式！！
我要多人PVE模式
我不要佣兵模式！我要突袭模式！！
我要多人PVE模式
我不要佣兵模式！我要突袭模式！！
我要多人PVE模式
我不要佣兵模式！我要突袭模式！！
我要多人PVE模式
我不要佣兵模式！我要突袭模式！！
我要多人PVE模式
我不要佣兵模式！我要突袭模式！！",不推荐,0.2,22,81,我要多人PVE模式 我不要佣兵模式 我要突袭模式 我要多人PVE模式 我不要佣兵模式 我要突袭模式 我要多人PVE模式 我不要佣兵模式 我要突袭模式 我要多人PVE模式 我不要佣兵模式 我要突袭模式 我要多人PVE模式 我不要佣兵模式 我要突袭模式 我要多人PVE模式 我不要佣兵模式 我要突袭模式 我要多人PVE模式 我不要佣兵模式 我要突袭模式 我要多人PVE模式 我不要佣兵模式 我要突袭模式 我要多人PVE模式 我不要佣兵模式 我要突袭模式 我要多人PVE模式 我不要佣兵模式 我要突袭模式 我要多人PVE模式 我不要佣兵模式 我要突袭模式 我要多人PVE模式 我不要佣兵模式 我要突袭模式 我要多人PVE模式 我不要佣兵模式 我要突袭模式 我要多人PVE模式 我不要佣兵模式 我要突袭模式 我要多人PVE模式 我不要佣兵模式 我要突袭模式,玩法,负面
1372,1372,2026-02-28,6666666666666666,推荐,7.5,2,111,6666666666666666,其他,正面
1373,1373,2026-02-28,当里昂出现的那一刻我就知道我一定会买,推荐,7.5,44,53,当里昂出现的那一刻我就知道我一定会买,情怀,正面
1374,1374,2026-02-28,好玩,推荐,4.1,27,86,好玩,玩法,正面
1375,1375,2026-02-28,ADA呢？,推荐,6.3,43,102,ADA呢,剧情,正面
1376,1376,2026-02-28,就冲里昂这个体术能把我一个男的帅到流水都得给个好评！,推荐,8.0,27,36,就冲里昂这个体术能把我一个男的帅到流水都得给个好评,情怀,正面
1377,1377,2026-02-28,好玩，格蕾丝部分非常惊艳，里昂部分虽然比不过生4重置但体验还是很棒的,推荐,14.1,24,133,好玩 格蕾丝部分非常惊艳 里昂部分虽然比不过生4重置但体验还是很棒的,玩法,正面
1378,1378,2026-02-28,"目前出疗养院，格蕾丝线确实比较阴间，“女孩”的气氛塑造的很好很吓人，到三光这边氛围瞬间切换成动作游戏爽爽击杀，总体挺不错，就是生化4+7的感觉

至于什么经典保险丝螺丝刀就不赘述了，哪天要是穿越到生化危机世界去一定要记得带好五金工具，最好再带个套筒扳手组合哈哈哈哈

个人感觉有些地方不太好自由发挥，比如格蕾丝线拿取任务物品返回时“女孩”会强行挡路，明明趁她啃食尸体或者僵直期间就能跑出去但是被她的模型挡住或者就是没办法这个时候从出口出去，硬是要强行绕一波才能回到原路，这种真的就很烦没办法临场发挥，感觉很受限

等待通关后再来写写个人感受吧，另外补充一下：网上提前剧透还把内容放标题和封面的人，要点脸吧！",推荐,6.0,46,105,目前出疗养院 格蕾丝线确实比较阴间 女孩 的气氛塑造的很好很吓人 到三光这边氛围瞬间切换成动作游戏爽爽击杀 总体挺不错 就是生化4 7的感觉 至于什么经典保险丝螺丝刀就不赘述了 哪天要是穿越到生化危机世界去一定要记得带好五金工具 最好再带个套筒扳手组合哈哈哈哈 个人感觉有些地方不太好自由发挥 比如格蕾丝线拿取任务物品返回时 女孩 会强行挡路 明明趁她啃食尸体或者僵直期间就能跑出去但是被她的模型挡住或者就是没办法这个时候从出口出去 硬是要强行绕一波才能回到原路 这种真的就很烦没办法临场发挥 感觉很受限 等待通关后再来写写个人感受吧 另外补充一下 网上提前剧透还把内容放标题和封面的人 要点脸吧,玩法,正面
1379,1379,2026-02-28,格蕾丝太弱鸡了，不过三光直接开无双。,推荐,9.4,21,30,格蕾丝太弱鸡了 不过三光直接开无双,情怀,正面
1380,1380,2026-02-28,代代都预购豪华版，八代的坑爹痛苦追忆包还历历在目，现在又来了个盗版满天飞，都不说那些steam假入库的白嫖的，提前多少天内容全泄露的，或者你们经典半年永降半价的恶心操作，赚够了真爱粉的钱就收益最大化的司马资本吃相，每年花几十万刀用D加密连最基本的消费者权益都保障不了，天天让支持你们的粉丝买单擦屁股，花最贵的钱享最差的待遇，寒了所有愿意掏腰包花大价钱支持你们的人心，我看到时候还能剩下多少怨种，别整到最后好不容易救回来的股价和公司再濒临破产付之东流，沦落到像隔壁一样把儿女系列ip低价贱卖的下场,不推荐,4.0,48,157,代代都预购豪华版 八代的坑爹痛苦追忆包还历历在目 现在又来了个盗版满天飞 都不说那些steam假入库的白嫖的 提前多少天内容全泄露的 或者你们经典半年永降半价的恶心操作 赚够了真爱粉的钱就收益最大化的司马资本吃相 每年花几十万刀用D加密连最基本的消费者权益都保障不了 天天让支持你们的粉丝买单擦屁股 花最贵的钱享最差的待遇 寒了所有愿意掏腰包花大价钱支持你们的人心 我看到时候还能剩下多少怨种 别整到最后好不容易救回来的股价和公司再濒临破产付之东流 沦落到像隔壁一样把儿女系列ip低价贱卖的下场,价格,负面
1381,1381,2026-02-28,豪玩,推荐,10.9,16,75,豪玩,其他,正面
1382,1382,2026-02-28,这剧情就TM依托答辩，能写出这种剧情的也是神人了。没买但想买的听我一句劝，等打折。,不推荐,15.1,35,194,这剧情就TM依托答辩 能写出这种剧情的也是神人了 没买但想买的听我一句劝 等打折,剧情,负面
1383,1383,2026-02-28,啥时候出佣兵模式啊,推荐,5.1,17,76,啥时候出佣兵模式啊,玩法,正面
1384,1384,2026-02-28,爽,推荐,16.0,44,103,爽,其他,正面
1385,1385,2026-02-28,游戏结局和寄生前夜2的结局一模一样啊？？,推荐,2.5,40,149,游戏结局和寄生前夜2的结局一模一样啊,剧情,正面
1386,1386,2026-02-28,"格蕾丝和艾米莉线好像看见了克莱尔和雪莉，真好：D 



...不对，有人剧本拿错了",推荐,6.8,29,38,格蕾丝和艾米莉线好像看见了克莱尔和雪莉 真好 D 不对 有人剧本拿错了,剧情,正面
1387,1387,2026-02-28,太爽了一口气打了10个小时，玩过的最好玩的生化危机,推荐,12.2,4,63,太爽了一口气打了10个小时 玩过的最好玩的生化危机,玩法,正面
1388,1388,2026-02-28,很棒，玩得我不亦乐乎，卡表加油，明年等你的维罗妮卡,推荐,7.9,43,52,很棒 玩得我不亦乐乎 卡表加油 明年等你的维罗妮卡,情怀,正面
1389,1389,2026-02-28,"Visually, Resident Evil 9 is stunning. Detailed environments, realistic lighting, and fluid animations make the world feel disturbingly alive. The sound design deserves special praise  subtle audio cues often signal danger before it’s visible, heightening suspense in a way few games manage to achieve.",推荐,10.6,3,12,Visually Resident Evil 9 is stunning Detailed environments realistic lighting and fluid animations make the world feel disturbingly alive The sound design deserves special praise subtle audio cues often signal danger before it s visible heightening suspense in a way few games manage to achieve,画面,正面
1390,1390,2026-02-28,11个小时通好坏结局还不错，格蕾丝生2解密紧张刺激，里昂生4无双割草,推荐,11.0,35,94,11个小时通好坏结局还不错 格蕾丝生2解密紧张刺激 里昂生4无双割草,剧情,正面
1391,1391,2026-02-28,感觉是目前玩过最刺激的一代！！通关完回来><,推荐,2.8,27,186,感觉是目前玩过最刺激的一代 通关完回来,玩法,正面
1392,1392,2026-02-28,1,推荐,5.1,6,15,1,其他,正面
1393,1393,2026-02-28,走着走着诈尸一下 这对吗,推荐,17.6,32,191,走着走着诈尸一下 这对吗,玩法,正面
1394,1394,2026-02-28,让生化危机再次伟大！,推荐,8.3,5,14,让生化危机再次伟大,情怀,正面
1395,1395,2026-02-28,格蕾丝路线好玩，里昂线一般,推荐,13.8,17,126,格蕾丝路线好玩 里昂线一般,玩法,正面
1396,1396,2026-02-28,格蕾丝真好看(,推荐,16.5,23,182,格蕾丝真好看,其他,正面
1397,1397,2026-02-28,游戏都进不去，你真蚌！,不推荐,4.6,37,146,游戏都进不去 你真蚌,优化,负面
1398,1398,2026-02-28,"生化危机9：安魂曲   无疑取得了成功，成功在其对于续作的定义，如果需要两个字去形容那一定是好玩或者很爽，及其多的番茄酱爆裂的感觉能让人轻松高潮，地图设计合理，两大主角切换丝滑，尽管格蕾丝以解密为重战斗为辅，玩家在里昂和其切换中也不会感觉到割裂感，因为在格蕾丝中受到的憋屈在里昂中又能轻松发泄出来

然而我们将其拓展到30周年纪念作品，那他便没有这么成功，当你远远的看到你即将要破解的谜题时你就已经能猜出来，无非是祖传的电工危机，以及我的保险丝究竟在哪里，亦或者是丢失的电源去哪里，这些略显枯燥和乏味的谜题可能是其较为明显的败笔，甚至会让人感觉这是刻意拖慢游戏节奏的行为

但总的来说，生化危机9：安魂曲在我看来已是一部非常优秀的作品，无论你是生化系列的新粉或是老资历，你都能在游戏中获得非常好的游玩感觉
BTW，再见，浣熊市",推荐,10.6,2,61,生化危机9 安魂曲 无疑取得了成功 成功在其对于续作的定义 如果需要两个字去形容那一定是好玩或者很爽 及其多的番茄酱爆裂的感觉能让人轻松高潮 地图设计合理 两大主角切换丝滑 尽管格蕾丝以解密为重战斗为辅 玩家在里昂和其切换中也不会感觉到割裂感 因为在格蕾丝中受到的憋屈在里昂中又能轻松发泄出来 然而我们将其拓展到30周年纪念作品 那他便没有这么成功 当你远远的看到你即将要破解的谜题时你就已经能猜出来 无非是祖传的电工危机 以及我的保险丝究竟在哪里 亦或者是丢失的电源去哪里 这些略显枯燥和乏味的谜题可能是其较为明显的败笔 甚至会让人感觉这是刻意拖慢游戏节奏的行为 但总的来说 生化危机9 安魂曲在我看来已是一部非常优秀的作品 无论你是生化系列的新粉或是老资历 你都能在游戏中获得非常好的游玩感觉 BTW 再见 浣熊市,玩法,正面
1399,1399,2026-02-28,生化危机2重制版加上生化危机4重制版，如果剧情有艾达王就好了,推荐,10.7,15,174,生化危机2重制版加上生化危机4重制版 如果剧情有艾达王就好了,剧情,正面
1400,1400,2026-02-28,挺好玩，第一次预购给里昂了，不过得说，前面特别想玩里昂，后面里昂线打的好累，能理解里昂疲惫的感觉了。,推荐,11.2,28,137,挺好玩 第一次预购给里昂了 不过得说 前面特别想玩里昂 后面里昂线打的好累 能理解里昂疲惫的感觉了,情怀,正面
1401,1401,2026-02-28,good!,推荐,4.3,16,25,good,其他,正面
1402,1402,2026-02-28,不是哥们，音画不同步是什么原因啊，播片播完了话还没说完，真的很影响游玩啊。,不推荐,1.6,6,165,不是哥们 音画不同步是什么原因啊 播片播完了话还没说完 真的很影响游玩啊,音效,负面
1403,1403,2026-02-28,太好玩了，但感觉里昂流程有点少，我想战斗爽,推荐,4.2,33,142,太好玩了 但感觉里昂流程有点少 我想战斗爽,剧情,正面
1404,1404,2026-02-28,全世界最帅的硬汉李三光，战斗爽解密爽，没有保持嘴角向下的义务,推荐,11.1,26,85,全世界最帅的硬汉李三光 战斗爽解密爽 没有保持嘴角向下的义务,情怀,正面
1405,1405,2026-02-28,"这个游戏太好了，因为好我才要骂

1 对于PS 5手柄的PC阉割，插上线甚至不能原生支持游玩！！！！！！这是最恶心的，同时，像什么触觉震动和。陀螺仪，还有自适应班级都没有，明明steam上显示是原生支持PS 5手柄！！宣传也是说PS 5手柄极致顺滑卡普空，你没有心！！！

2 关于画质表现问题，除了室外场景优化无可挑剔，优化比生化危机八好，但这一作的光追占比太重了！！！开光追和没有光追是两回事，而A卡开了光追帧数几乎降一半，就拿我6750 xt来说，开了光追中等也就30帧，关了之后直接上100多帧了，Fsr超分跟没有一样，抗锯齿还是最烂的那一档，不是说光追不好，而是对A卡太不友好了！！！

3 首发即破解，个人是很满意他的首发游戏体验的，但是首发及破解你。那我买的是什么？我没有理由去买它，真的，我想不出任何理由，我买的不就是比破解的快一个月玩到，首发一个小时破解我甚至连安装都没安装完，盗版就先比我玩到了！

4 再来说说游戏质量问题，不过我觉得这各有千秋，凭你自己的感觉了解游戏节奏，就是你玩到一半，突然给你切过去，就跟启示录2一样，关键是巴瑞（里昂）的戏份还少，前面的里昂也没探图，后面我还没玩到，总之先是如此。

5 关于剧情的我也不评价了，毕竟我还没玩完，只能先做这样的评价了。我打差评不是说它烂，只是希望他做的更好！！！！！！！",不推荐,14.9,12,171,这个游戏太好了 因为好我才要骂 1 对于PS 5手柄的PC阉割 插上线甚至不能原生支持游玩 这是最恶心的 同时 像什么触觉震动和 陀螺仪 还有自适应班级都没有 明明steam上显示是原生支持PS 5手柄 宣传也是说PS 5手柄极致顺滑卡普空 你没有心 2 关于画质表现问题 除了室外场景优化无可挑剔 优化比生化危机八好 但这一作的光追占比太重了 开光追和没有光追是两回事 而A卡开了光追帧数几乎降一半 就拿我6750 xt来说 开了光追中等也就30帧 关了之后直接上100多帧了 Fsr超分跟没有一样 抗锯齿还是最烂的那一档 不是说光追不好 而是对A卡太不友好了 3 首发即破解 个人是很满意他的首发游戏体验的 但是首发及破解你 那我买的是什么 我没有理由去买它 真的 我想不出任何理由 我买的不就是比破解的快一个月玩到 首发一个小时破解我甚至连安装都没安装完 盗版就先比我玩到了 4 再来说说游戏质量问题 不过我觉得这各有千秋 凭你自己的感觉了解游戏节奏 就是你玩到一半 突然给你切过去 就跟启示录2一样 关键是巴瑞 里昂 的戏份还少 前面的里昂也没探图 后面我还没玩到 总之先是如此 5 关于剧情的我也不评价了 毕竟我还没玩完 只能先做这样的评价了 我打差评不是说它烂 只是希望他做的更好,优化,负面
1406,1406,2026-02-28,非常棒的体验，也是《生化危机》系列里最棒的一款。非常喜欢，里昂特别帅，两位角色都喜欢,推荐,4.0,23,82,非常棒的体验 也是 生化危机 系列里最棒的一款 非常喜欢 里昂特别帅 两位角色都喜欢,情怀,正面
1407,1407,2026-02-28,结合2代 和 4代的游戏，解密游戏性有点不足，但是枪械打击感拉满，斧头近战很有感觉,推荐,5.8,20,79,结合2代 和 4代的游戏 解密游戏性有点不足 但是枪械打击感拉满 斧头近战很有感觉,玩法,正面
1408,1408,2026-02-28,好玩好玩好玩好玩好玩好玩好玩好玩,推荐,7.8,38,197,好玩好玩好玩好玩好玩好玩好玩好玩,玩法,正面
1409,1409,2026-02-28,确实可以给到9分，就是我整个体验下来就是个生化危机总动员的感觉，无论是疗养院的探索，还是后面的浣熊市半开放，老怪各种客串，整体体验还是不错的，故事叙事只能说勉强，格蕾丝的体验做的确实用心完善,推荐,12.3,7,116,确实可以给到9分 就是我整个体验下来就是个生化危机总动员的感觉 无论是疗养院的探索 还是后面的浣熊市半开放 老怪各种客串 整体体验还是不错的 故事叙事只能说勉强 格蕾丝的体验做的确实用心完善,情怀,正面
1410,1410,2026-02-28,"7.5/10,剧本不错，虽然女主有些时候有点降智，但玩起来还算比较舒服的，但是画质美术玩法卡婊没有一丁点进步，2026年的游戏画质和2022年生化危机8没有区别，4K全高画质还是糊，美术动作还是延续传统一样的僵硬，玩法更是原封不懂得变着花样一边找保险丝一边打怪，剧本写的不错但玩完就是换皮生化危机8。剧情和节奏一模一样。而且350买的游戏8个小时出头就打完了，nm也太短了吧",不推荐,11.3,27,186,7 5 10 剧本不错 虽然女主有些时候有点降智 但玩起来还算比较舒服的 但是画质美术玩法卡婊没有一丁点进步 2026年的游戏画质和2022年生化危机8没有区别 4K全高画质还是糊 美术动作还是延续传统一样的僵硬 玩法更是原封不懂得变着花样一边找保险丝一边打怪 剧本写的不错但玩完就是换皮生化危机8 剧情和节奏一模一样 而且350买的游戏8个小时出头就打完了 nm也太短了吧,画面,负面
1411,1411,2026-02-28,格蕾丝受气，三光给找回来了。,推荐,5.7,16,75,格蕾丝受气 三光给找回来了,情怀,正面
1412,1412,2026-02-28,"nb,就是少了点什么，一位身穿红色衣服的华裔女特工，你知道我在说什么，审美标准一直都在顶端没话说，剧情恐怖情节衔接打斗可以，里昂，他简直是超人",推荐,14.3,33,92,nb 就是少了点什么 一位身穿红色衣服的华裔女特工 你知道我在说什么 审美标准一直都在顶端没话说 剧情恐怖情节衔接打斗可以 里昂 他简直是超人,情怀,正面
1413,1413,2026-02-28,就是这个里昂战斗爽！,推荐,3.2,36,45,就是这个里昂战斗爽,情怀,正面
1414,1414,2026-02-28,好玩,推荐,3.7,36,95,好玩,玩法,正面
1415,1415,2026-02-28,"Grace Ashcroft，AKA [spoiler]电子林黛玉[/spoiler]
走一步踉跄三步，时不时自己吓唬自己。FBI 不过如此。
双线叙事实在是太割裂了。
再次证明 4 代的伟大。",不推荐,3.6,13,22,Grace Ashcroft AKA spoiler 电子林黛玉 spoiler 走一步踉跄三步 时不时自己吓唬自己 FBI 不过如此 双线叙事实在是太割裂了 再次证明 4 代的伟大,剧情,负面
1416,1416,2026-02-28,谁懂看到雪莉那一刻脑中播放RE6雪莉杰克篇结尾的《At the End of a Long Escape》这首的救赎感,推荐,8.0,40,49,谁懂看到雪莉那一刻脑中播放RE6雪莉杰克篇结尾的 At the End of a Long Escape 这首的救赎感,情怀,正面
1417,1417,2026-02-28,这是我这辈子玩过最好玩的游戏！,推荐,12.1,6,65,这是我这辈子玩过最好玩的游戏,其他,正面
1418,1418,2026-02-28,游戏还行，优化并不是太好，但是开了dlss是能玩的，之前4不开dlss随便4K,推荐,13.5,35,144,游戏还行 优化并不是太好 但是开了dlss是能玩的 之前4不开dlss随便4K,优化,正面
1419,1419,2026-02-28,"玩了5.6个小时,大部分都是女主的线,里昂占比能有30分钟吗? 这样你还有脸说,一开始只做了里昂? 你不就是为了个""重回浣熊市""的噱头,再加上明目张胆的素材复用吗? 卡普空你🐎呢?",不推荐,5.6,27,36,玩了5 6个小时 大部分都是女主的线 里昂占比能有30分钟吗 这样你还有脸说 一开始只做了里昂 你不就是为了个 重回浣熊市 的噱头 再加上明目张胆的素材复用吗 卡普空你 呢,剧情,负面
1420,1420,2026-02-28,好劲啊好爽啊,推荐,6.7,9,168,好劲啊好爽啊,其他,正面
1421,1421,2026-02-28,味真足,推荐,5.0,25,84,味真足,情怀,正面
1422,1422,2026-02-28,"玩格蕾丝关被吓晕了 但玩家会和她一起成长
另外玩里昂关不笑的是gay",推荐,9.0,48,157,玩格蕾丝关被吓晕了 但玩家会和她一起成长 另外玩里昂关不笑的是gay,剧情,正面
1423,1423,2026-02-28,"RESIDENT EVIL requiem - Crash 

An unhandled exception occurred.

re9.exe!0x140000000 + 卡普空4000+了

                                                           确定 
",不推荐,0.5,24,83,RESIDENT EVIL requiem Crash An unhandled exception occurred re9 exe 0x140000000 卡普空4000 了 确定,优化,负面
1424,1424,2026-02-28,Fix Resident Evil Requiem Fatal D3D Crash Error/An Unhandled Exception Occurred Error/re9.exe Error 速速添加补丁,推荐,2.2,8,17,Fix Resident Evil Requiem Fatal D3D Crash Error An Unhandled Exception Occurred Error re9 exe Error 速速添加补丁,优化,正面
1425,1425,2026-02-28,beautiful,推荐,12.0,4,13,beautiful,画面,正面
1426,1426,2026-02-28,卡顿黑屏但游戏可以正常操作，切一下界面好一段时间，过会儿又这样,不推荐,2.8,26,35,卡顿黑屏但游戏可以正常操作 切一下界面好一段时间 过会儿又这样,优化,负面
1427,1427,2026-02-28,来看看中国人又找了什么茬来打差评,推荐,11.6,25,34,来看看中国人又找了什么茬来打差评,其他,正面
1428,1428,2026-02-28,好玩,推荐,7.5,37,146,好玩,玩法,正面
1429,1429,2026-02-28,战斗，爽！,推荐,4.4,36,45,战斗 爽,玩法,正面
1430,1430,2026-02-28,"我很少会评价一款还没玩完的游戏，但是就目前而言这款游戏值得我的好评(我的艾米莉啊QAQ,不知道后面还会复活吗TAT）",推荐,9.3,41,100,我很少会评价一款还没玩完的游戏 但是就目前而言这款游戏值得我的好评 我的艾米莉啊QAQ 不知道后面还会复活吗TAT,剧情,正面
1431,1431,2026-02-28,第一次预购的游戏,推荐,4.1,7,16,第一次预购的游戏,情怀,正面
1432,1432,2026-02-28,超级无敌爆炸好玩,推荐,9.9,17,76,超级无敌爆炸好玩,玩法,正面
1433,1433,2026-02-28,双主角确实不错！剧情也可以！不过就感觉流程比较短！如果不是生化粉！建议打折入手,推荐,16.0,6,15,双主角确实不错 剧情也可以 不过就感觉流程比较短 如果不是生化粉 建议打折入手,剧情,正面
1434,1434,2026-02-28,玩的确实爽，一次性玩10个小时，格蕾丝真的恐怖，里昂真的爽，但是感觉这里面敌人出硬值没有4代好，通常要打好多枪，弹反比4代难一点，更吃时机掌握。商店系统也没有那么花里胡哨了。依旧钢背兽！！！,推荐,10.6,13,122,玩的确实爽 一次性玩10个小时 格蕾丝真的恐怖 里昂真的爽 但是感觉这里面敌人出硬值没有4代好 通常要打好多枪 弹反比4代难一点 更吃时机掌握 商店系统也没有那么花里胡哨了 依旧钢背兽,玩法,正面
1435,1435,2026-02-28,不错不错  好玩爱玩,推荐,5.5,6,15,不错不错 好玩爱玩,玩法,正面
1436,1436,2026-02-28,伟大 无需多言,推荐,6.5,1,10,伟大 无需多言,情怀,正面
1437,1437,2026-02-28,F非常好玩,推荐,5.8,37,46,F非常好玩,玩法,正面
1438,1438,2026-02-28,虽然有很多槽点，但是确实是原汁原味的生化危机,推荐,11.8,39,198,虽然有很多槽点 但是确实是原汁原味的生化危机,情怀,正面
1439,1439,2026-02-28,格蕾丝篇压抑到极致的氛围终于在里昂篇爆发出来，可惜爽不到20分钟就完了（悲）,推荐,6.8,24,183,格蕾丝篇压抑到极致的氛围终于在里昂篇爆发出来 可惜爽不到20分钟就完了 悲,剧情,正面
1440,1440,2026-02-28,挺好的 就是流程短了点,推荐,12.1,24,33,挺好的 就是流程短了点,剧情,正面
1441,1441,2026-02-28,Nice,推荐,11.0,26,35,Nice,其他,正面
1442,1442,2026-02-28,好玩！！！感觉玩不够！结束了意犹未尽的感觉！期待速速DLC！大卖！,推荐,11.4,20,79,好玩 感觉玩不够 结束了意犹未尽的感觉 期待速速DLC 大卖,玩法,正面
1443,1443,2026-02-28,格蕾丝的演出，神中神！我原本是来看leon的，没想到格蕾丝这么精彩,推荐,9.8,43,152,格蕾丝的演出 神中神 我原本是来看leon的 没想到格蕾丝这么精彩,剧情,正面
1444,1444,2026-02-28,卡普空，请格蕾丝来我房间一下。,推荐,8.1,13,122,卡普空 请格蕾丝来我房间一下,其他,正面
1445,1445,2026-02-28,"有多激动。大概尽早下班吃饱饭备好水关上手机，锁门关灯戴上耳机，正襟危坐握着手柄调好设置的样子吧。
2017年生化7，2021年生化8，也是我初玩ps4到最后一部ps4游戏的见证。经过了人生的10年才终于等来了第三部正作。
竟有些感慨。
生化系列有史以来最强的画面表现力，稳定的优化，听感极佳的中配，低于标准定价的国区售价等等，这些在游戏这个大树下非核心部分的体验，这些年变得越来越好。
里昂的重磅回归让整个系列在三十年的生命周期中多了跨越时空的宿命感。玩家跟里昂何其相似，从青涩到成熟，体验着同一段的蜕变人生。游戏外，每个人都有心属的红色倩影，也都珍藏着自己的小熊钥匙扣。里昂老了，终会谢幕，但他早已在许多玩家心中刻下了凌厉和帅气的印记。
充满动态和富有临场感的配音，格蕾丝的英配非常厉害，将格蕾丝这样一个弱势、胆小并曾受过严重心理创伤的女性配的格外加分。担忧害怕、呼吸颤音、急促惊叫、惊恐长叫、长时奔跑后的气喘吁吁、自责的呜咽、与环境音的互动反馈，这是比前作完全的惊喜，不仅贴合格蕾丝角色性格，更是创新升级了音效恐怖体验。在疗养院等‘洋馆”式箱庭很明显注意到区别于前作的是BGM留白和环境音，不带耳机体验会大打折扣。
两种不同游戏风格的融合，一边是格子危机+洋馆解密，一边是战斗爽。融合的很好，并没有感到突兀。虽然我更喜欢格蕾丝线。
第一、第三人称随时切换，虽然不能一键切换，但在系列里已经是非常牛逼的一次改动，多年来玩家们的一三之争终于解决了。
先这些更多的就等到通关再说吧。
很开心真的很开心卡普空没有让我失望，能有生化危机玩的日子真的太充实了，我得仔仔细细地玩，认认真真探索。下一部怕是要2030年了，一想到这就心口一紧。",推荐,3.1,16,175,有多激动 大概尽早下班吃饱饭备好水关上手机 锁门关灯戴上耳机 正襟危坐握着手柄调好设置的样子吧 2017年生化7 2021年生化8 也是我初玩ps4到最后一部ps4游戏的见证 经过了人生的10年才终于等来了第三部正作 竟有些感慨 生化系列有史以来最强的画面表现力 稳定的优化 听感极佳的中配 低于标准定价的国区售价等等 这些在游戏这个大树下非核心部分的体验 这些年变得越来越好 里昂的重磅回归让整个系列在三十年的生命周期中多了跨越时空的宿命感 玩家跟里昂何其相似 从青涩到成熟 体验着同一段的蜕变人生 游戏外 每个人都有心属的红色倩影 也都珍藏着自己的小熊钥匙扣 里昂老了 终会谢幕 但他早已在许多玩家心中刻下了凌厉和帅气的印记 充满动态和富有临场感的配音 格蕾丝的英配非常厉害 将格蕾丝这样一个弱势 胆小并曾受过严重心理创伤的女性配的格外加分 担忧害怕 呼吸颤音 急促惊叫 惊恐长叫 长时奔跑后的气喘吁吁 自责的呜咽 与环境音的互动反馈 这是比前作完全的惊喜 不仅贴合格蕾丝角色性格 更是创新升级了音效恐怖体验 在疗养院等 洋馆 式箱庭很明显注意到区别于前作的是BGM留白和环境音 不带耳机体验会大打折扣 两种不同游戏风格的融合 一边是格子危机 洋馆解密 一边是战斗爽 融合的很好 并没有感到突兀 虽然我更喜欢格蕾丝线 第一 第三人称随时切换 虽然不能一键切换 但在系列里已经是非常牛逼的一次改动 多年来玩家们的一三之争终于解决了 先这些更多的就等到通关再说吧 很开心真的很开心卡普空没有让我失望 能有生化危机玩的日子真的太充实了 我得仔仔细细地玩 认认真真探索 下一部怕是要2030年了 一想到这就心口一紧,画面,正面
1446,1446,2026-02-28,你明明标着DS5适配，但是进游戏没任何反应？？？？？？？？,不推荐,4.4,34,43,你明明标着DS5适配 但是进游戏没任何反应,优化,负面
1447,1447,2026-02-28,刺激！太精彩了！,推荐,3.5,29,88,刺激 太精彩了,剧情,正面
1448,1448,2026-02-28,好玩，没出现评论区说的报错或者闪退问题，连续玩了9个多小时，体验感很好，值得一玩的佳作，期待下DLC,推荐,11.4,26,35,好玩 没出现评论区说的报错或者闪退问题 连续玩了9个多小时 体验感很好 值得一玩的佳作 期待下DLC,玩法,正面
1449,1449,2026-02-28,包给好评的,推荐,5.3,5,164,包给好评的,其他,正面
1450,1450,2026-02-28,好玩,推荐,3.5,35,194,好玩,玩法,正面
1451,1451,2026-02-28,好玩,推荐,5.9,9,68,好玩,玩法,正面
1452,1452,2026-02-28,非常好玩，特别是里昂找炸药那一段，爽打僵尸,推荐,13.5,4,63,非常好玩 特别是里昂找炸药那一段 爽打僵尸,剧情,正面
1453,1453,2026-02-28,8分吧，不适合我这种解密苦手的玩家，我还是喜欢4，5，6的战斗爽。,推荐,5.2,11,170,8分吧 不适合我这种解密苦手的玩家 我还是喜欢4 5 6的战斗爽,玩法,正面
1454,1454,2026-02-28,帅！里昂!  帅！,推荐,4.7,14,173,帅 里昂 帅,情怀,正面
1455,1455,2026-02-28,,推荐,16.1,23,182,,优化,正面
1456,1456,2026-02-28,"本作不推荐给除喜欢被追杀的抖m的任何人群购买，从我目前游玩的进度来看，本作无疑是最垃圾的生化危机作品
  1.格蕾丝相当少的背包空间。我购买的是豪华版，所以上线之后我获得了加枪械精准和暴击率的装饰品，需要明确的是，在娱乐室用3个古钱币兑换背包后玩家可使用10个格子，但是实际上光两把枪采血器和合成溶血剂的道具就已经占了5个格子，我们知道子弹药草同样是占格子的，再加上捡到的两个装饰物，实际上我已经使用了9个格子，包括其他物品如月之晶石，撬锁工具，血液研究样本，小刀，废料统统需要占用格子，我就搞不明白了你们设计人员和测试人员是吃干饭的吗，我经常出现格子满了只能把东西放在原地的情况，这个时候又要反反复复地弹出“不拾取的情况下关闭物品栏吗”，你做这个提示的意义是什么，如果格子不满我肯定捡起来，我格子满了捡起来干什么，每次一按f键下意识想捡东西都因为格子不够捡不了只能关，然后再被你这个傻逼提示浪费一秒时间，真的很烦人，还有你们的丢东西设定，一大堆东西是不能丢的，你们觉得只是解密的道具没什么，我问问你们设计人员和测试人员是在搞什么鬼，这么垃圾且低级的占空问题看不出来吗？生化4重制已经是3年前的事了，甚至于生化8都5年了，这段时间下来你们的设计怎么还倒退回2019年了，我就搞不明白把重要道具跟文本一样单独拉个空出来是会死对吗？缺空也就导致了子弹问题，很简单的道理，满了捡不了
  2.反反复复的追逐战，从序章到里昂第二部分至少经历了3场追逐战和1场围攻，还有设计的怪物游荡设计，玩家是来玩游戏的，不是来当受害者的，从游戏设计的角度无疑是垃圾中的垃圾，在我游玩的6小时内感觉严重的精神疲劳，包括但不限于多次跳脸和突然冲出来的怪物挡住去路，在我背后刷新丧尸导致我平白被咬，说实在的玩游戏首先是为了寻找乐趣的，追逐战也是为了增加游戏刺激来设计的，你见过市面上哪个游戏是追逐战以后又是追逐战，然后追逐战之后还是追逐战的游戏，其他的游戏要么是把追逐战当成一部分来设计，要么是仅设置少部分敌人游荡和追逐，次数多了后很累而且很烦
  3.角色戏份的完全不对等，说实话，格蕾丝部分真的是又臭又长，玩的人精神衰弱，一般来说会涉及让玩家爽的部分去留住玩家继续游玩的兴趣，但是里昂部分是怎么做的这么抠门的，序章后打5分钟没了，第二部分打个大头娃娃没了，你在格蕾丝部分带给玩家的疲劳和烦躁时完全不可能从这么短的里昂部分给玩家找补回来的，而且本作里昂的体验极其差劲，生4重制的僵直体术力量感完全没了，普通斧头反而和寂静岭f很像，手感极其差劲，你要说卡肉感完全说不上，而且大部分玩家都是本着你这个情怀来买的，你就给个这是吗？卡普空什么时候喜欢被炎上了。怪物数量完全不合理，格蕾丝和里昂的怪物数量完全不对等，格蕾丝以躲藏和暗杀为主要玩法，但是给她的丧尸数量比里昂多得多，导致里昂杀起来带给玩家的正反馈完全不够
  4.对把正作当成素材库和经验累积不满，我很不喜欢这个样子，我知道这大概是给维罗妮卡和生5重制存素材，但是你卡普空什么时候凭什么这么不把正作当回事了。你是觉得自家老作品的重制在核心上要比传统续作更要重要吗，那你们卡普空真是完蛋了，而且不知道是不是从7开始，作作都延续了烂尾的传统，比如7的矿洞，8的工厂，重制4的海岛，肉眼可见的质量低于前部分，如果你们做不好可以学r星跳票，大家理解，但是硬要拿个半成品所有人都不会满意
  顺带一提一些剧情和格蕾丝部分的神经病设计，拿月之晶石的时候知道按按钮上面会显示太阳月亮星星，怎么非得把艾米莉抱过来看盲文，而且你格蕾丝不是FBI的文职人员吗，作为文职人员盲文起码得会一点吧，抛开这点，抱孩子过来导致打围攻是最傻逼的点。
  最后，我大概是不会继续玩了，每次的小巧思都会抛弃掉原来已经实践过的优秀设计，我真是没招了",不推荐,5.8,19,28,本作不推荐给除喜欢被追杀的抖m的任何人群购买 从我目前游玩的进度来看 本作无疑是最垃圾的生化危机作品 1 格蕾丝相当少的背包空间 我购买的是豪华版 所以上线之后我获得了加枪械精准和暴击率的装饰品 需要明确的是 在娱乐室用3个古钱币兑换背包后玩家可使用10个格子 但是实际上光两把枪采血器和合成溶血剂的道具就已经占了5个格子 我们知道子弹药草同样是占格子的 再加上捡到的两个装饰物 实际上我已经使用了9个格子 包括其他物品如月之晶石 撬锁工具 血液研究样本 小刀 废料统统需要占用格子 我就搞不明白了你们设计人员和测试人员是吃干饭的吗 我经常出现格子满了只能把东西放在原地的情况 这个时候又要反反复复地弹出 不拾取的情况下关闭物品栏吗 你做这个提示的意义是什么 如果格子不满我肯定捡起来 我格子满了捡起来干什么 每次一按f键下意识想捡东西都因为格子不够捡不了只能关 然后再被你这个傻逼提示浪费一秒时间 真的很烦人 还有你们的丢东西设定 一大堆东西是不能丢的 你们觉得只是解密的道具没什么 我问问你们设计人员和测试人员是在搞什么鬼 这么垃圾且低级的占空问题看不出来吗 生化4重制已经是3年前的事了 甚至于生化8都5年了 这段时间下来你们的设计怎么还倒退回2019年了 我就搞不明白把重要道具跟文本一样单独拉个空出来是会死对吗 缺空也就导致了子弹问题 很简单的道理 满了捡不了 2 反反复复的追逐战 从序章到里昂第二部分至少经历了3场追逐战和1场围攻 还有设计的怪物游荡设计 玩家是来玩游戏的 不是来当受害者的 从游戏设计的角度无疑是垃圾中的垃圾 在我游玩的6小时内感觉严重的精神疲劳 包括但不限于多次跳脸和突然冲出来的怪物挡住去路 在我背后刷新丧尸导致我平白被咬 说实在的玩游戏首先是为了寻找乐趣的 追逐战也是为了增加游戏刺激来设计的 你见过市面上哪个游戏是追逐战以后又是追逐战 然后追逐战之后还是追逐战的游戏 其他的游戏要么是把追逐战当成一部分来设计 要么是仅设置少部分敌人游荡和追逐 次数多了后很累而且很烦 3 角色戏份的完全不对等 说实话 格蕾丝部分真的是又臭又长 玩的人精神衰弱 一般来说会涉及让玩家爽的部分去留住玩家继续游玩的兴趣 但是里昂部分是怎么做的这么抠门的 序章后打5分钟没了 第二部分打个大头娃娃没了 你在格蕾丝部分带给玩家的疲劳和烦躁时完全不可能从这么短的里昂部分给玩家找补回来的 而且本作里昂的体验极其差劲 生4重制的僵直体术力量感完全没了 普通斧头反而和寂静岭f很像 手感极其差劲 你要说卡肉感完全说不上 而且大部分玩家都是本着你这个情怀来买的 你就给个这是吗 卡普空什么时候喜欢被炎上了 怪物数量完全不合理 格蕾丝和里昂的怪物数量完全不对等 格蕾丝以躲藏和暗杀为主要玩法 但是给她的丧尸数量比里昂多得多 导致里昂杀起来带给玩家的正反馈完全不够 4 对把正作当成素材库和经验累积不满 我很不喜欢这个样子 我知道这大概是给维罗妮卡和生5重制存素材 但是你卡普空什么时候凭什么这么不把正作当回事了 你是觉得自家老作品的重制在核心上要比传统续作更要重要吗 那你们卡普空真是完蛋了 而且不知道是不是从7开始 作作都延续了烂尾的传统 比如7的矿洞 8的工厂 重制4的海岛 肉眼可见的质量低于前部分 如果你们做不好可以学r星跳票 大家理解 但是硬要拿个半成品所有人都不会满意 顺带一提一些剧情和格蕾丝部分的神经病设计 拿月之晶石的时候知道按按钮上面会显示太阳月亮星星 怎么非得把艾米莉抱过来看盲文 而且你格蕾丝不是FBI的文职人员吗 作为文职人员盲文起码得会一点吧 抛开这点 抱孩子过来导致打围攻是最傻逼的点 最后 我大概是不会继续玩了 每次的小巧思都会抛弃掉原来已经实践过的优秀设计 我真是没招了,玩法,负面
1457,1457,2026-02-28,爽就完了！leon真帅~,推荐,10.4,25,134,爽就完了 leon真帅,情怀,正面
1458,1458,2026-02-28,扮演格蕾丝，我唯唯诺诺。扮演老李头，我重拳出击,推荐,8.9,19,128,扮演格蕾丝 我唯唯诺诺 扮演老李头 我重拳出击,玩法,正面
1459,1459,2026-02-28,还挺刺激的,推荐,5.1,39,48,还挺刺激的,其他,正面
1460,1460,2026-02-28,"《生化危机9 安魂曲》：三十年噩梦终章，一曲献给幸存者的安魂曲
 
当浣熊市的废墟在次世代光影里重新浮现，当里昂·S·肯尼迪的身影再次踏入弥漫着血腥味的昏暗走廊，《生化危机9 安魂曲》终于在系列诞生30周年之际，为这场横跨半生的噩梦，奏响了一曲迟来的安魂曲。通关之后，指尖因长时间紧绷的颤抖还未平息，心里却满是尘埃落定的释然，与一场青春落幕的怅然。
 
对于追了生化系列多年的老玩家而言，《安魂曲》最动人的，从来不是更逼真的丧尸、更爽快的枪战，而是它刻进骨子里的情怀与温柔。这一次，故事的时间线落在浣熊市事件30年后的2028年，双线叙事的设计，让新老两代人的命运，在那场从未被真正掩埋的灾难里重新交织。新主角格蕾丝·阿什克罗夫特，一位FBI分析员，带着母亲——浣熊市事件幸存者——离奇死亡的谜团踏入危机，她的视角是一场关于救赎的追寻，从对母亲过往的迷茫，到直面保护伞公司遗留的黑暗，最终完成了对逝者、也对自己的和解 。
 
而里昂的回归，更是戳中了所有老玩家的软肋。当年那个在1998年雨夜闯入浣熊市的菜鸟警察，如今已是50岁的资深特工，眉眼间褪去了青涩，只剩历经无数生死后的沉稳与疲惫。他的故事线，更像一场与自己半生颠沛的告别。当他再次踏入浣熊市的废墟，看着那些熟悉的断壁残垣，屏幕前的我们，也仿佛跟着他一起，回望了自己从少年到成年的时光。两条线索一明一暗，一柔一刚，最终在真相揭开的那一刻完美交汇，让“安魂曲”这个名字有了最厚重的含义：它是为1998年那场灾难里所有遇难者的悼念，是为深陷噩梦的幸存者奏响的救赎，也是为系列三十年的故事，写下的阶段性注脚。
 
玩法上，《安魂曲》堪称系列三十年的集大成之作，它精准地接住了老玩家对“生化味”的所有期待，也给出了足够惊艳的创新。双主角的设计，带来了两种截然不同、却又互补的极致体验。操纵格蕾丝时，游戏回归了最纯粹的生存恐怖本源：第一人称视角带来的沉浸式压迫感，极度稀缺的弹药与物资，逼仄的箱庭关卡设计，还有需要时刻绷紧神经的潜行与解谜。她独有的“血液合成”系统，用感染者的血液炼制弹药、治疗道具甚至一击必杀的特殊注射器，让资源管理有了全新的玩法，每一次搜刮、每一次合成，都关乎着接下来的生死 。而那些保留着生前行为模式的丧尸，比如会循着血液“打扫”的清洁工丧尸，更是让每一次转角都充满了未知的恐惧，完美复刻了《生化危机2重制版》与《生化危机7》那种步步为营的窒息感 。
 
而当视角切换到里昂，游戏瞬间切换成酣畅淋漓的动作大片模式。第三人称视角下，流畅的枪械射击、全新的手斧招架反击系统，还有干净利落的体术处决，让身经百战的特工形象跃然屏上。相比以往的小刀，手斧的强势近战与无敌帧反击，让玩家在尸潮围堵中也能掌控战局，既保留了《生化危机4重制版》的爽感，又通过耐久度设定守住了生存恐怖的底线，不会让战斗变成无脑割草。更难得的是，系列首创的第一/第三人称自由切换，让玩家可以完全按照自己的喜好选择沉浸方式，无论是想直面恐怖，还是想享受枪战，都能得到最贴合的体验。
 
次世代技术的加持，更是让这场危机的沉浸感拉到了系列顶峰。路径追踪打造的光影效果，让昏暗走廊里的每一丝血迹、废墟中每一缕扬起的尘埃都无比真实，3D环绕音效里丧尸的低吟、天花板上传来的爬行声，哪怕是开灯游玩，也会忍不住后背发凉。而重返浣熊市的关卡设计，更是诚意拉满，警察局的残垣、洋馆的轮廓、当年核爆留下的焦土，每一处场景都藏着致敬前作的彩蛋，老玩家在探索时，总会在某个转角突然被戳中回忆，瞬间湿了眼眶。
 
当然，《安魂曲》并非完美无缺。双主线的切换偶尔会带来叙事节奏的割裂感，里昂的动作线虽然爽快，但剧情深度相比格蕾丝的救赎线稍显单薄；部分Boss战的设计偏向套路化，没能匹配上剧情的厚重感，少了几分系列经典Boss战的惊艳；过于密集的粉丝向彩蛋与情怀桥段，也让新玩家在初玩时，难免会有一些门槛。但这些小小的遗憾，终究掩盖不了它的诚意。
 
通关后的制作人员名单缓缓升起，耳边还回响着主题曲的旋律，我终于读懂了这款游戏的内核。《生化危机9 安魂曲》从来不是一场故事的终结，它是一场迟到了三十年的告别，是对所有在生化危机里挣扎求生的普通人的告慰，是对我们这些守了系列三十年的玩家青春的交代。
 
当年在网吧里被丧尸吓得摔掉鼠标的小孩，如今已经能从容地在浣熊市的废墟里前行；当年为里昂的命运揪心的少年，如今也看懂了他沉稳背后的疲惫与坚守。三十年来，我们跟着这个系列一起，学会了在绝境里保持勇气，在黑暗中坚守真相，而《安魂曲》，终于给了我们一个机会，和那段年少时的噩梦，好好说一声再见。
 
噩梦会落幕，但勇气永远不会退场。这曲安魂曲终了，关于生存与希望的故事，还在继续。",推荐,2.9,33,142,生化危机9 安魂曲 三十年噩梦终章 一曲献给幸存者的安魂曲 当浣熊市的废墟在次世代光影里重新浮现 当里昂 S 肯尼迪的身影再次踏入弥漫着血腥味的昏暗走廊 生化危机9 安魂曲 终于在系列诞生30周年之际 为这场横跨半生的噩梦 奏响了一曲迟来的安魂曲 通关之后 指尖因长时间紧绷的颤抖还未平息 心里却满是尘埃落定的释然 与一场青春落幕的怅然 对于追了生化系列多年的老玩家而言 安魂曲 最动人的 从来不是更逼真的丧尸 更爽快的枪战 而是它刻进骨子里的情怀与温柔 这一次 故事的时间线落在浣熊市事件30年后的2028年 双线叙事的设计 让新老两代人的命运 在那场从未被真正掩埋的灾难里重新交织 新主角格蕾丝 阿什克罗夫特 一位FBI分析员 带着母亲 浣熊市事件幸存者 离奇死亡的谜团踏入危机 她的视角是一场关于救赎的追寻 从对母亲过往的迷茫 到直面保护伞公司遗留的黑暗 最终完成了对逝者 也对自己的和解 而里昂的回归 更是戳中了所有老玩家的软肋 当年那个在1998年雨夜闯入浣熊市的菜鸟警察 如今已是50岁的资深特工 眉眼间褪去了青涩 只剩历经无数生死后的沉稳与疲惫 他的故事线 更像一场与自己半生颠沛的告别 当他再次踏入浣熊市的废墟 看着那些熟悉的断壁残垣 屏幕前的我们 也仿佛跟着他一起 回望了自己从少年到成年的时光 两条线索一明一暗 一柔一刚 最终在真相揭开的那一刻完美交汇 让 安魂曲 这个名字有了最厚重的含义 它是为1998年那场灾难里所有遇难者的悼念 是为深陷噩梦的幸存者奏响的救赎 也是为系列三十年的故事 写下的阶段性注脚 玩法上 安魂曲 堪称系列三十年的集大成之作 它精准地接住了老玩家对 生化味 的所有期待 也给出了足够惊艳的创新 双主角的设计 带来了两种截然不同 却又互补的极致体验 操纵格蕾丝时 游戏回归了最纯粹的生存恐怖本源 第一人称视角带来的沉浸式压迫感 极度稀缺的弹药与物资 逼仄的箱庭关卡设计 还有需要时刻绷紧神经的潜行与解谜 她独有的 血液合成 系统 用感染者的血液炼制弹药 治疗道具甚至一击必杀的特殊注射器 让资源管理有了全新的玩法 每一次搜刮 每一次合成 都关乎着接下来的生死 而那些保留着生前行为模式的丧尸 比如会循着血液 打扫 的清洁工丧尸 更是让每一次转角都充满了未知的恐惧 完美复刻了 生化危机2重制版 与 生化危机7 那种步步为营的窒息感 而当视角切换到里昂 游戏瞬间切换成酣畅淋漓的动作大片模式 第三人称视角下 流畅的枪械射击 全新的手斧招架反击系统 还有干净利落的体术处决 让身经百战的特工形象跃然屏上 相比以往的小刀 手斧的强势近战与无敌帧反击 让玩家在尸潮围堵中也能掌控战局 既保留了 生化危机4重制版 的爽感 又通过耐久度设定守住了生存恐怖的底线 不会让战斗变成无脑割草 更难得的是 系列首创的第一 第三人称自由切换 让玩家可以完全按照自己的喜好选择沉浸方式 无论是想直面恐怖 还是想享受枪战 都能得到最贴合的体验 次世代技术的加持 更是让这场危机的沉浸感拉到了系列顶峰 路径追踪打造的光影效果 让昏暗走廊里的每一丝血迹 废墟中每一缕扬起的尘埃都无比真实 3D环绕音效里丧尸的低吟 天花板上传来的爬行声 哪怕是开灯游玩 也会忍不住后背发凉 而重返浣熊市的关卡设计 更是诚意拉满 警察局的残垣 洋馆的轮廓 当年核爆留下的焦土 每一处场景都藏着致敬前作的彩蛋 老玩家在探索时 总会在某个转角突然被戳中回忆 瞬间湿了眼眶 当然 安魂曲 并非完美无缺 双主线的切换偶尔会带来叙事节奏的割裂感 里昂的动作线虽然爽快 但剧情深度相比格蕾丝的救赎线稍显单薄 部分Boss战的设计偏向套路化 没能匹配上剧情的厚重感 少了几分系列经典Boss战的惊艳 过于密集的粉丝向彩蛋与情怀桥段 也让新玩家在初玩时 难免会有一些门槛 但这些小小的遗憾 终究掩盖不了它的诚意 通关后的制作人员名单缓缓升起 耳边还回响着主题曲的旋律 我终于读懂了这款游戏的内核 生化危机9 安魂曲 从来不是一场故事的终结 它是一场迟到了三十年的告别 是对所有在生化危机里挣扎求生的普通人的告慰 是对我们这些守了系列三十年的玩家青春的交代 当年在网吧里被丧尸吓得摔掉鼠标的小孩 如今已经能从容地在浣熊市的废墟里前行 当年为里昂的命运揪心的少年 如今也看懂了他沉稳背后的疲惫与坚守 三十年来 我们跟着这个系列一起 学会了在绝境里保持勇气 在黑暗中坚守真相 而 安魂曲 终于给了我们一个机会 和那段年少时的噩梦 好好说一声再见 噩梦会落幕 但勇气永远不会退场 这曲安魂曲终了 关于生存与希望的故事 还在继续,情怀,正面
1461,1461,2026-02-28,"这就是熟男魅力吗 太好玩了5555 我也要健身练的和lion一样壮
我还以为和2和3一样短小 6.7小时刚刚打通养老院 结果还有浣熊市
让我看看什么个事",推荐,9.9,14,73,这就是熟男魅力吗 太好玩了5555 我也要健身练的和lion一样壮 我还以为和2和3一样短小 6 7小时刚刚打通养老院 结果还有浣熊市 让我看看什么个事,情怀,正面
1462,1462,2026-02-28,战斗还可以 但是找路方面太费劲了 希望卡普空不要走战神的老路啊,推荐,7.5,34,143,战斗还可以 但是找路方面太费劲了 希望卡普空不要走战神的老路啊,玩法,正面
1463,1463,2026-02-28,11小时通关爽啊！！这一作恐怖但是换到里昂直接爽游！这一作我感觉真不错既有恐怖部分也带前几代的感觉一个字爽！,推荐,12.7,37,96,11小时通关爽啊 这一作恐怖但是换到里昂直接爽游 这一作我感觉真不错既有恐怖部分也带前几代的感觉一个字爽,情怀,正面
1464,1464,2026-02-28,"前期很压抑后期玩的习惯了就不错了
",推荐,12.9,35,94,前期很压抑后期玩的习惯了就不错了,玩法,正面
1465,1465,2026-02-28,好玩,推荐,9.5,22,31,好玩,玩法,正面
1466,1466,2026-02-28,小资历+老资历组合，小资历恐怖解密，老资历战神无双,推荐,6.5,34,193,小资历 老资历组合 小资历恐怖解密 老资历战神无双,玩法,正面
1467,1467,2026-02-28,真的好玩 给玩家交出的高分答卷,推荐,6.9,15,124,真的好玩 给玩家交出的高分答卷,玩法,正面
1468,1468,2026-02-28,前期吓人后期爽游，能捡脑白金，满足了我能又玩一次恶灵附身的愿望👍👍,推荐,6.5,24,183,前期吓人后期爽游 能捡脑白金 满足了我能又玩一次恶灵附身的愿望,情怀,正面
1469,1469,2026-02-28,"类似生2与生4的结合体，加点生7的强化内容，游戏质量还是有保证的。全程基本没掉帧，没遇到bug，优化很到位。
就可惜发售公告没中文地区，不写支持WIN10，PS5手柄适配也没有，确实是被卡婊恶心到了。",推荐,12.6,26,185,类似生2与生4的结合体 加点生7的强化内容 游戏质量还是有保证的 全程基本没掉帧 没遇到bug 优化很到位 就可惜发售公告没中文地区 不写支持WIN10 PS5手柄适配也没有 确实是被卡婊恶心到了,优化,正面
1470,1470,2026-02-28,"摸一下猫猫会张嘴，一个赞摸一次！！！
⣿⣿⣿⠟⠛⠛⠻⣿⣿⣿⣿⣿⣿⣿⣿⣿⣿⡟⢋⣩⣉⢻
⣿⣿⣿⠀⣿⣶⣕⣈⠹⠿⠿⠿⠿⠟⠛⣛⢋⣰⠣⣿⣿⠀⣿
⣿⣿⣿⡀⣿⣿⣿⣧⢻⣿⣶⣷⣿⣿⣿⣿⣿⣿⠿⠶⡝⠀⣿
⣿⣿⣿⣷⠘⣿⣿⣿⢏⣿⣿⣋⣀⣈⣻⣿⣿⣷⣤⣤⣿⡐⢿
⣿⣿⣿⣿⣆⢩⣝⣫⣾⣿⣿⣿⣿⡟⠿⠿⠦⠀⠸⠿⣻⣿⡄⢻
⣿⣿⣿⣿⣿⡄⢻⣿⣿⣿⣿⣿⣿⣿⣿⣶⣶⣾⣿⣿⣿⣿⠇⣼
⣿⣿⣿⣿⣿⣿⡄⢿⣿⣿⣿⣿⣿⣿⣿⣿⣿⣿⣿⣿⣿⡟⣰
⣿⣿⣿⣿⣿⣿⠇⣼⣿⣿⣿⣿⣿⣿⣿⣿⣿⣿⣿⣿⣿⢀⣿
⣿⣿⣿⣿⣿⠏⢰⣿⣿⣿⣿⣿⣿⣿⣿⣿⣿⣿⣿⣿⣿⢸⣿
⣿⣿⣿⣿⠟⣰⣿⣿⣿⣿⣿⣿⣿⣿⣿⣿⣿⣿⣿⣿⣿⠀⣿
⣿⣿⣿⠋⣴⣿⣿⣿⣿⣿⣿⣿⣿⣿⣿⣿⣿⣿⣿⣿⣿⡄⣿
⣿⣿⠋⣼⣿⣿⣿⣿⣿⣿⣿⣿⣿⣿⣿⣿⣿⣿⣿⣿⣿⡇⢸",推荐,7.0,40,49,摸一下猫猫会张嘴 一个赞摸一次,其他,正面
1471,1471,2026-02-28,三十周年的集大成之作，里昂线爽到飞起，格蕾丝线传统的恐怖压抑也没丢,推荐,11.2,9,68,三十周年的集大成之作 里昂线爽到飞起 格蕾丝线传统的恐怖压抑也没丢,情怀,正面
1472,1472,2026-02-28, 我们需要在pc完全支持ds手柄,不推荐,4.5,46,155,我们需要在pc完全支持ds手柄,其他,负面
1473,1473,2026-02-28,无需理由,推荐,5.1,37,96,无需理由,其他,正面
1474,1474,2026-02-28,快点出dlc,推荐,12.8,4,113,快点出dlc,其他,正面
1475,1475,2026-02-28,神,推荐,7.2,32,141,神,其他,正面
1476,1476,2026-02-28,♥♥♥♥♥♥♥♥,推荐,2.5,35,144,,优化,正面
1477,1477,2026-02-28,想你了，牢威，致敬传奇病毒越击强大追击技能持有者,推荐,11.1,29,38,想你了 牢威 致敬传奇病毒越击强大追击技能持有者,情怀,正面
1478,1478,2026-02-28,"什么叫做那个男人回来了而且还带着更加暴力的体术，不是？什么叫做他带着以前所有要找的东西一起回来了。
液压钳/起爆雷管/保险丝/徽章门 原来你一直与我同在，不知道的还以为在玩Re2而不是Re9，三光也是越老越不装了，真不是隔壁鬼泣顶号了马
生化9是懂得如何制造反差的，通过一个弱鸡文职fbi女主来凸显出里昂的无敌，小枪滋水打不过你就算了，现在我带着无限用的手斧来了你该叫我什么。
（←这个人是一边笑一边乱杀的，感觉离正常人类已经越走越远了）
最后唯一一点缺点就是阉割掉了ds手柄，非常的不舒适啊我说 10/10",推荐,9.7,12,121,什么叫做那个男人回来了而且还带着更加暴力的体术 不是 什么叫做他带着以前所有要找的东西一起回来了 液压钳 起爆雷管 保险丝 徽章门 原来你一直与我同在 不知道的还以为在玩Re2而不是Re9 三光也是越老越不装了 真不是隔壁鬼泣顶号了马 生化9是懂得如何制造反差的 通过一个弱鸡文职fbi女主来凸显出里昂的无敌 小枪滋水打不过你就算了 现在我带着无限用的手斧来了你该叫我什么 这个人是一边笑一边乱杀的 感觉离正常人类已经越走越远了 最后唯一一点缺点就是阉割掉了ds手柄 非常的不舒适啊我说 10 10,情怀,正面
1479,1479,2026-02-28,视觉效果令人震撼，恐怖与爽快结合，RE引擎潜力无限。,推荐,4.0,14,23,视觉效果令人震撼 恐怖与爽快结合 RE引擎潜力无限,画面,正面
1480,1480,2026-02-28,好玩，李昂太爽了,推荐,1.8,44,203,好玩 李昂太爽了,情怀,正面
1481,1481,2026-02-28,"🙌This is true game🙌
刚打完格蕾丝线，本线包含以下要素：man！工具老黑，白内障，金嗓子，弹尽粮绝，好想吸血，撒娇体术，连滚带爬，基地必爆，欸我萝莉呢，欸我墨带呢，怎么从这开始啊，傻逼老板，大胃袋堵门，经典3收集，清空弹夹无事发生。
受不了了我要玩里昂受不了了我要玩里昂受不了了我要玩里昂受不了了我要玩里昂受不了了我要玩里昂受不了了我要玩里昂受不了了我要玩里昂受不了了我要玩里昂受不了了我要玩里昂受不了了我要玩里昂受不了了我要玩里昂",推荐,13.0,18,127,This is true game 刚打完格蕾丝线 本线包含以下要素 man 工具老黑 白内障 金嗓子 弹尽粮绝 好想吸血 撒娇体术 连滚带爬 基地必爆 欸我萝莉呢 欸我墨带呢 怎么从这开始啊 傻逼老板 大胃袋堵门 经典3收集 清空弹夹无事发生 受不了了我要玩里昂受不了了我要玩里昂受不了了我要玩里昂受不了了我要玩里昂受不了了我要玩里昂受不了了我要玩里昂受不了了我要玩里昂受不了了我要玩里昂受不了了我要玩里昂受不了了我要玩里昂受不了了我要玩里昂,玩法,正面
1482,1482,2026-02-28,神作预定,推荐,11.1,48,57,神作预定,情怀,正面
1483,1483,2026-02-28,good,推荐,11.1,47,56,good,其他,正面
1484,1484,2026-02-28,I卡用户一言难尽，A770非常卡，是真的卡顿，看看后续有没有优化了，这次优化做的真的很一般，不是适配的问题,不推荐,1.1,5,114,I卡用户一言难尽 A770非常卡 是真的卡顿 看看后续有没有优化了 这次优化做的真的很一般 不是适配的问题,优化,负面
1485,1485,2026-02-28,仅次于生化4重制的神作 但我只想玩里昂线,推荐,8.3,46,155,仅次于生化4重制的神作 但我只想玩里昂线,情怀,正面
1486,1486,2026-02-28,好玩是蛮好玩的，但是适配一下PS5手柄吧，陀螺仪瞄准都没？,推荐,3.8,16,175,好玩是蛮好玩的 但是适配一下PS5手柄吧 陀螺仪瞄准都没,优化,正面
1487,1487,2026-02-28,你TMD前面搞那么吓人干什么,推荐,4.0,1,160,你TMD前面搞那么吓人干什么,音效,正面
1488,1488,2026-02-28,战斗，爽,推荐,10.7,39,148,战斗 爽,玩法,正面
1489,1489,2026-02-28,非常非常好玩，相比之下生化2简直是过家家。,推荐,1.9,32,141,非常非常好玩 相比之下生化2简直是过家家,玩法,正面
1490,1490,2026-02-28,神中神,推荐,7.2,41,200,神中神,情怀,正面
1491,1491,2026-02-28,开始真的太恐怖了 吓得我屁滚尿流 还好Leon出来了 释放了压力。,推荐,9.2,44,53,开始真的太恐怖了 吓得我屁滚尿流 还好Leon出来了 释放了压力,剧情,正面
1492,1492,2026-02-28,哎我超 艾米莉萌死我了萌死我了萌死我了,推荐,10.7,9,68,哎我超 艾米莉萌死我了萌死我了萌死我了,其他,正面
1493,1493,2026-02-28,优化很好，动作和画面有提升，剧情中规中矩，那些进不了游戏，开不了全屏，手柄各种问题怪游戏的，建议卖了电脑告别游戏，去查查脑子。,推荐,9.4,50,209,优化很好 动作和画面有提升 剧情中规中矩 那些进不了游戏 开不了全屏 手柄各种问题怪游戏的 建议卖了电脑告别游戏 去查查脑子,画面,正面
1494,1494,2026-02-28,当年卡普空江郎才尽，照着我的脸找灵感，这才搞出李昂的建模,推荐,5.8,40,99,当年卡普空江郎才尽 照着我的脸找灵感 这才搞出李昂的建模,情怀,正面
1495,1495,2026-02-28,那个男人 回来了！,推荐,9.2,16,25,那个男人 回来了,情怀,正面
1496,1496,2026-02-28,差评，李三光被老但头恶魔附身了,推荐,12.0,32,91,差评 李三光被老但头恶魔附身了,情怀,正面
1497,1497,2026-02-28,流程长的可怕，确实抗玩，,推荐,14.6,42,101,流程长的可怕 确实抗玩,玩法,正面
1498,1498,2026-02-28,"生化危机？×
中年危机！√
回来了一切都回来了！
",推荐,13.2,23,82,生化危机 中年危机 回来了一切都回来了,情怀,正面
1499,1499,2026-02-28,所有的问题在我进入RPD的一刻都烟消云散,推荐,9.4,37,96,所有的问题在我进入RPD的一刻都烟消云散,情怀,正面
1500,1500,2026-02-28,首先说一点，这游戏是我234re+678正传玩下来最狗屎的一作没有之一，如果说7代恐怖氛围对标的是真正的恐怖游戏，那么这个游戏恐怖环节完全来源于格蕾丝篇章，超级垃圾的枪械手感，跑得没有前作爬的快的移动速度，僵尸血量更是逆天，比最逆天的re2还要肉。想用溶血剂清怪？全地图搜刮完你也做不出几只，二楼刷大总统的房间一次性给你塞三个丧尸还有一个大头哥，清空40发手枪子弹还没杀完，真给我看笑了，真想做恐怖游戏就老老实实把战斗踢了，现在这种纯属恶心人，我甚至不是最高难度都能一晚上被恶心卡关好几次，这代动态难度更是几乎没有，子弹永远少的可怜。最后卡关了？对不起乖乖滚回1个小时前存档重新做资源管理规划路线吧！我已经能想到这代流程有多短了，卡婊拼了老命拖慢节奏，这代可能真的只考虑低难度通关了，打死我也不会二周目高难度的。,不推荐,5.7,47,56,首先说一点 这游戏是我234re 678正传玩下来最狗屎的一作没有之一 如果说7代恐怖氛围对标的是真正的恐怖游戏 那么这个游戏恐怖环节完全来源于格蕾丝篇章 超级垃圾的枪械手感 跑得没有前作爬的快的移动速度 僵尸血量更是逆天 比最逆天的re2还要肉 想用溶血剂清怪 全地图搜刮完你也做不出几只 二楼刷大总统的房间一次性给你塞三个丧尸还有一个大头哥 清空40发手枪子弹还没杀完 真给我看笑了 真想做恐怖游戏就老老实实把战斗踢了 现在这种纯属恶心人 我甚至不是最高难度都能一晚上被恶心卡关好几次 这代动态难度更是几乎没有 子弹永远少的可怜 最后卡关了 对不起乖乖滚回1个小时前存档重新做资源管理规划路线吧 我已经能想到这代流程有多短了 卡婊拼了老命拖慢节奏 这代可能真的只考虑低难度通关了 打死我也不会二周目高难度的,玩法,负面
1501,1501,2026-02-28,好玩,推荐,8.5,32,41,好玩,玩法,正面
1502,1502,2026-02-28,YYDS,推荐,10.3,45,154,YYDS,情怀,正面
1503,1503,2026-02-28,顶尖，突出了新人第一次见到这些要魔鬼怪吓得屁滚尿流魂不守舍的样子，是吧格蕾丝，跑路主打一个连滚带爬,推荐,10.8,36,145,顶尖 突出了新人第一次见到这些要魔鬼怪吓得屁滚尿流魂不守舍的样子 是吧格蕾丝 跑路主打一个连滚带爬,玩法,正面
1504,1504,2026-02-28,集大成之作，根本停不下来,推荐,14.3,35,194,集大成之作 根本停不下来,玩法,正面
1505,1505,2026-02-28,神优化，双线主角，鲜明对比，最好的一代。,推荐,4.5,13,72,神优化 双线主角 鲜明对比 最好的一代,优化,正面
1506,1506,2026-02-28,又是生化危机系列的一个新高峰，双主角设定，一边恐怖，一边刺激，两种风格，两种不同的氛围，都有各自的特点，还在紧张过关中。,推荐,13.7,23,32,又是生化危机系列的一个新高峰 双主角设定 一边恐怖 一边刺激 两种风格 两种不同的氛围 都有各自的特点 还在紧张过关中,玩法,正面
1507,1507,2026-02-28,爽！ 曹尼玛 卡普空 DLC要是没有艾达王 祝你早日倒闭,推荐,6.8,17,76,爽 曹尼玛 卡普空 DLC要是没有艾达王 祝你早日倒闭,情怀,正面
1508,1508,2026-02-28,继生4之后最好的一坐,推荐,10.6,16,175,继生4之后最好的一坐,情怀,正面
1509,1509,2026-02-28,好玩,推荐,8.7,22,31,好玩,玩法,正面
1510,1510,2026-02-28,HAP,推荐,6.5,45,54,HAP,其他,正面
1511,1511,2026-02-28,"神
",推荐,8.4,21,130,神,其他,正面
1512,1512,2026-02-28,"开年佳作，
？！神神？！",推荐,10.6,17,176,开年佳作 神神,情怀,正面
1513,1513,2026-02-28,不知道原镜头怎么样，反正开了滤镜感觉太棒了，末世感很足，动作细节刻画也很精细，沉浸感因此很强,推荐,2.4,47,206,不知道原镜头怎么样 反正开了滤镜感觉太棒了 末世感很足 动作细节刻画也很精细 沉浸感因此很强,画面,正面
1514,1514,2026-02-28,无敌,推荐,10.9,14,23,无敌,其他,正面
1515,1515,2026-02-28,好,推荐,10.6,12,171,好,其他,正面
1516,1516,2026-02-28,嘻嘻，现在来不及说，那你下辈子再说吧。,不推荐,5.7,46,55,嘻嘻 现在来不及说 那你下辈子再说吧,其他,负面
1517,1517,2026-02-28,好吃,推荐,14.0,13,72,好吃,其他,正面
1518,1518,2026-02-28,好玩。,推荐,7.0,25,84,好玩,玩法,正面
1519,1519,2026-02-28,格蕾丝线吓到是没太吓到我，就是每当被堵到个死角，好不容易见到点手枪子弹结果直接格子危机这块属实让人气笑了,推荐,7.9,9,168,格蕾丝线吓到是没太吓到我 就是每当被堵到个死角 好不容易见到点手枪子弹结果直接格子危机这块属实让人气笑了,玩法,正面
1520,1520,2026-02-28,"RESIDENT EVIL requiem - Crash
An unhandled exception occurred.
re9.exe!0x140000000 + 0x9e7eabe
re9,exe!0x140000000 + 0x9e7e2fd  完全不能玩，一直闪退。",不推荐,0.9,4,113,RESIDENT EVIL requiem Crash An unhandled exception occurred re9 exe 0x140000000 0x9e7eabe re9 exe 0x140000000 0x9e7e2fd 完全不能玩 一直闪退,优化,负面
1521,1521,2026-02-28,好玩,推荐,11.4,8,67,好玩,玩法,正面
1522,1522,2026-02-28,你懂玩格蕾丝摸爬滚打一晚上，切到里昂剧情一斧子一个前面小怪的救赎感吗,推荐,6.1,25,34,你懂玩格蕾丝摸爬滚打一晚上 切到里昂剧情一斧子一个前面小怪的救赎感吗,情怀,正面
1523,1523,2026-02-28,炒冷饭，游戏内容少，不满意,不推荐,2.1,21,80,炒冷饭 游戏内容少 不满意,情怀,负面
1524,1524,2026-02-28,这不是一款适合所有玩家的游戏，比如说我。对我来说，这就是一款没有任何游戏性、操作性、体验感的垃圾游戏。,不推荐,2.1,2,111,这不是一款适合所有玩家的游戏 比如说我 对我来说 这就是一款没有任何游戏性 操作性 体验感的垃圾游戏,玩法,负面
1525,1525,2026-02-28,优化完美 三光太帅了 他简直是超人 冲就完事了  尤其回到浣熊市RPD的时候 回忆瞬间就袭来了 我到家了~,推荐,10.7,9,68,优化完美 三光太帅了 他简直是超人 冲就完事了 尤其回到浣熊市RPD的时候 回忆瞬间就袭来了 我到家了,情怀,正面
1526,1526,2026-02-28,烂中烂，女主流程全程憋屈，我是来玩生存射击的，不是来玩给一把手枪稍微有点反抗能力的逃生的，4re给我的感动有多高，对这作失望就有多大，如果喜欢玩7代，和8代玩偶关卡的你会喜欢的，但你是re后，和4到8代（不含7）的玩家，那我劝你别玩,不推荐,3.5,15,74,烂中烂 女主流程全程憋屈 我是来玩生存射击的 不是来玩给一把手枪稍微有点反抗能力的逃生的 4re给我的感动有多高 对这作失望就有多大 如果喜欢玩7代 和8代玩偶关卡的你会喜欢的 但你是re后 和4到8代 不含7 的玩家 那我劝你别玩,玩法,负面
1527,1527,2026-02-28,期待王阿姨DLC~~~~~~~,推荐,0.2,19,128,期待王阿姨DLC,情怀,正面
1528,1528,2026-02-28,炒冷饭果然是卡普空的强项 这代里你能看到之前生化系列的所有身影 老生化的格子危机 4重置版的半开放 虽然没啥创新 但是就是停不下来,推荐,11.1,26,135,炒冷饭果然是卡普空的强项 这代里你能看到之前生化系列的所有身影 老生化的格子危机 4重置版的半开放 虽然没啥创新 但是就是停不下来,情怀,正面
1529,1529,2026-02-28,即有三光战斗爽，还有肌无力女主逃生试炼版恐怖解密；一份钱买两份游戏，剧情还连贯，值了QWQ,推荐,6.0,24,83,即有三光战斗爽 还有肌无力女主逃生试炼版恐怖解密 一份钱买两份游戏 剧情还连贯 值了QWQ,玩法,正面
1530,1530,2026-02-28,游戏优化的不是很好，其他都还不错,推荐,9.9,39,148,游戏优化的不是很好 其他都还不错,优化,正面
1531,1531,2026-02-28,"格蕾丝：生化危机
里昂：生化的危机",推荐,7.1,9,168,格蕾丝 生化危机 里昂 生化的危机,情怀,正面
1532,1532,2026-02-28,CAP 做的游戏确实不错。好玩治好了电子阳痿....,推荐,13.5,30,139,CAP 做的游戏确实不错 好玩治好了电子阳痿,玩法,正面
1533,1533,2026-02-28,屌！,推荐,10.8,11,20,屌,其他,正面
1534,1534,2026-02-28,恐怖与动作结合的恰到好处，双视角也都一如既往好玩,推荐,13.8,9,168,恐怖与动作结合的恰到好处 双视角也都一如既往好玩,玩法,正面
1535,1535,2026-02-28,好玩好玩,推荐,11.1,7,16,好玩好玩,玩法,正面
1536,1536,2026-02-28,还是那个味儿,推荐,4.9,17,176,还是那个味儿,情怀,正面
1537,1537,2026-02-28,整体还是不错的，正常发挥的一代生化危机作品。,推荐,4.5,21,30,整体还是不错的 正常发挥的一代生化危机作品,情怀,正面
1538,1538,2026-02-28,沟槽的卡普空，本来不会给你一分钱的，但是你们这帮出生居然绑架了我老公，没有办法我只能斥巨资来救他了,不推荐,6.4,9,18,沟槽的卡普空 本来不会给你一分钱的 但是你们这帮出生居然绑架了我老公 没有办法我只能斥巨资来救他了,情怀,负面
1539,1539,2026-02-28,好玩是真好玩  比二三四重制好玩   但是格蕾斯资源太少太少,推荐,4.7,26,35,好玩是真好玩 比二三四重制好玩 但是格蕾斯资源太少太少,玩法,正面
1540,1540,2026-02-28,"nb666超级好玩
a very good game",推荐,11.1,36,195,nb666超级好玩 a very good game,玩法,正面
1541,1541,2026-02-28,好玩，给孩子吓傻了都,推荐,13.3,28,137,好玩 给孩子吓傻了都,玩法,正面
1542,1542,2026-02-28,虽然还没玩完，但是已经打爽了，哪个方面都是。,推荐,11.0,40,199,虽然还没玩完 但是已经打爽了 哪个方面都是,玩法,正面
1543,1543,2026-02-28,"吓破胆 ❌
杀红眼 ✅

玩到里昂甚至有种生化6的感觉，在浣熊市也有很多生化6的感觉（比如去找c4零件的某个区域和生化6jack章节的某个场景高度相似），目前只玩到刚到浣熊市中心，格雷斯的话有点难评，前期一直是情感线的主线，直到某角色去世突然圣母转世做出逆天操作疑似为推动剧情强行降智（

但是总体来说蘸豆爽，我主要是来体验武打戏的😁",推荐,15.2,45,54,吓破胆 杀红眼 玩到里昂甚至有种生化6的感觉 在浣熊市也有很多生化6的感觉 比如去找c4零件的某个区域和生化6jack章节的某个场景高度相似 目前只玩到刚到浣熊市中心 格雷斯的话有点难评 前期一直是情感线的主线 直到某角色去世突然圣母转世做出逆天操作疑似为推动剧情强行降智 但是总体来说蘸豆爽 我主要是来体验武打戏的,剧情,正面
1544,1544,2026-02-28,太棒了，26年开年大作,推荐,7.7,50,109,太棒了 26年开年大作,情怀,正面
1545,1545,2026-02-28,感觉还不错啊,推荐,1.3,22,131,感觉还不错啊,其他,正面
1546,1546,2026-02-28,刚开始的一个小时如果你能挺过来，那还有什么困难是过不去的呢。,推荐,9.0,49,58,刚开始的一个小时如果你能挺过来 那还有什么困难是过不去的呢,玩法,正面
1547,1547,2026-02-28,"里昂子出场的时机其实就是以前单主角时的boss战，绝大部分时间都是在用格蕾丝和格子斗智斗勇。甚至为了推新玩法强行让你带抽血器格子-1阿我气笑了。
感觉是想转型阿格蕾丝部分玩的特别不爽，就连生化危机7过了最初的阶段也是能战斗爽的，但本作格蕾丝部分不行。买你生化危机的真不是图这个恐怖解密躲猫猫吧。疗养院扎胖子更是搞笑，给良子扎九龙是吧。",不推荐,5.4,32,191,里昂子出场的时机其实就是以前单主角时的boss战 绝大部分时间都是在用格蕾丝和格子斗智斗勇 甚至为了推新玩法强行让你带抽血器格子 1阿我气笑了 感觉是想转型阿格蕾丝部分玩的特别不爽 就连生化危机7过了最初的阶段也是能战斗爽的 但本作格蕾丝部分不行 买你生化危机的真不是图这个恐怖解密躲猫猫吧 疗养院扎胖子更是搞笑 给良子扎九龙是吧,玩法,负面
1548,1548,2026-02-28,比2重制、7、8好玩,推荐,9.8,50,59,比2重制 7 8好玩,情怀,正面
1549,1549,2026-02-28,豪豪豪豪豪豪豪豪玩!!!!!!!!!!!!!!!!!!!!!!!!!!!!!!!!,推荐,10.2,35,44,豪豪豪豪豪豪豪豪玩,其他,正面
1550,1550,2026-02-28,"刚出洋馆,还不错,喜欢生化2,7,8的可以买",推荐,6.8,46,105,刚出洋馆 还不错 喜欢生化2 7 8的可以买,情怀,正面
1551,1551,2026-02-28,Leon太骚了,推荐,11.7,15,124,Leon太骚了,情怀,正面
1552,1552,2026-02-28,神中神,推荐,14.2,10,69,神中神,情怀,正面
1553,1553,2026-02-28,hw,推荐,11.5,18,127,hw,其他,正面
1554,1554,2026-02-28,爽就完了,推荐,11.0,32,41,爽就完了,玩法,正面
1555,1555,2026-02-28,飞舞格蕾丝成长记vs满级里昂一斧清图,推荐,14.8,16,75,飞舞格蕾丝成长记vs满级里昂一斧清图,情怀,正面
1556,1556,2026-02-28,好好玩 555555但是好吓人,推荐,9.9,30,139,好好玩 555555但是好吓人,玩法,正面
1557,1557,2026-02-28,爽！,推荐,5.1,21,130,爽,其他,正面
1558,1558,2026-02-28,满昏！满昏！,推荐,12.5,31,40,满昏 满昏,情怀,正面
1559,1559,2026-02-28,爽爆了！！！,推荐,9.5,7,66,爽爆了,情怀,正面
1560,1560,2026-02-28,"目前体验下来感觉就像是re2和re4的结合体，格蕾丝线偏向re2的解密，里昂线就偏向re4的三光了纯粹战斗爽


",推荐,2.8,11,120,目前体验下来感觉就像是re2和re4的结合体 格蕾丝线偏向re2的解密 里昂线就偏向re4的三光了纯粹战斗爽,玩法,正面
1561,1561,2026-02-28,好玩，堆料最猛的一部生化危机，卡普空再接再厉,推荐,10.4,9,18,好玩 堆料最猛的一部生化危机 卡普空再接再厉,玩法,正面
1562,1562,2026-02-28,战斗，爽,推荐,10.9,25,184,战斗 爽,玩法,正面
1563,1563,2026-02-28,good,推荐,4.5,7,16,good,其他,正面
1564,1564,2026-02-28,5070ti这种卡居然都可以2160P+路径光追+画质最高+光照最高+性能+MFG4×在绝大多数场景跑稳36补到144,推荐,8.7,33,42,5070ti这种卡居然都可以2160P 路径光追 画质最高 光照最高 性能 MFG4 在绝大多数场景跑稳36补到144,画面,正面
1565,1565,2026-02-28,重生之我在浣熊市当警察,推荐,3.7,5,14,重生之我在浣熊市当警察,情怀,正面
1566,1566,2026-02-28,你知道吗？卡普空为了在生化9中塑造好里昂这个角色，连续跟踪和观察了我将近一年。,推荐,7.6,35,194,你知道吗 卡普空为了在生化9中塑造好里昂这个角色 连续跟踪和观察了我将近一年,情怀,正面
1567,1567,2026-02-28,顽皮狗摸鱼的底气就是卡普空在六年后也只能做出一款僵硬版的最后生还者,推荐,12.9,27,136,顽皮狗摸鱼的底气就是卡普空在六年后也只能做出一款僵硬版的最后生还者,玩法,正面
1568,1568,2026-02-28,就凭里昂把安魂送给了格蕾丝，真男人值得好评！,推荐,2.4,43,52,就凭里昂把安魂送给了格蕾丝 真男人值得好评,情怀,正面
1569,1569,2026-02-28,很难 但是好玩,推荐,16.7,39,198,很难 但是好玩,玩法,正面
1570,1570,2026-02-28,好VAN,推荐,9.9,24,83,好VAN,其他,正面
1571,1571,2026-02-28,无需多言：好玩,推荐,15.1,49,108,无需多言 好玩,玩法,正面
1572,1572,2026-02-28,"值得好评
",推荐,6.5,6,115,值得好评,其他,正面
1573,1573,2026-02-28,好玩！想请假领导不让，我直接一发安魂,推荐,5.6,5,114,好玩 想请假领导不让 我直接一发安魂,情怀,正面
1574,1574,2026-02-28,太神了，格蕾丝对应潜行而牢李纯纯爽射，战斗！爽！你倒地了？我直接一斧头处决😋但是刻意削减了手枪的强度并且怪又恶心又血厚，玩的有点难受。除去这两个真的全方位满意👍,推荐,5.2,17,26,太神了 格蕾丝对应潜行而牢李纯纯爽射 战斗 爽 你倒地了 我直接一斧头处决 但是刻意削减了手枪的强度并且怪又恶心又血厚 玩的有点难受 除去这两个真的全方位满意,玩法,正面
1575,1575,2026-02-28,结合了生化2的恐怖又结合了4的战斗爽,推荐,8.2,18,27,结合了生化2的恐怖又结合了4的战斗爽,玩法,正面
1576,1576,2026-02-28,玩了下，感觉还行,推荐,1.8,44,103,玩了下 感觉还行,其他,正面
1577,1577,2026-02-28,"这两年我玩到的首发游戏最强优化，re引擎不做开放世界没有一点问题。
集合7、8、2re和4re的集大成之作。",推荐,11.4,6,115,这两年我玩到的首发游戏最强优化 re引擎不做开放世界没有一点问题 集合7 8 2re和4re的集大成之作,优化,正面
1578,1578,2026-02-28,非常不错，格丽斯用第一人称很有代入感，里昂第三人称玩起来比4代还要爽,推荐,6.8,42,101,非常不错 格丽斯用第一人称很有代入感 里昂第三人称玩起来比4代还要爽,玩法,正面
1579,1579,2026-02-28,"本人胆子不算大，23入坑生化危机来，2,3都是跟着攻略走的。7看攻略玩一半不敢玩了，8巨婴看攻略过的，真正自己打过的也就4，5，6.
  这次的9双人线，给我的体验算是不错的，格蕾丝线室内图，迎面来的就是7的恐怖感，真的吓人。玩到现在也能感受到角色的变化，从一开始见到怪就吓跑，到后面艾米莉被抓走敢一个人去面对，清晰的能看到角色的成长。转到里昂线，那种来一个砍一个，无双体术的体验是真好。让我想起之前打4和6的快乐。
  听说全流程也就7，8个小时，感到有些失望，这剧情是不是短了些。还有里面的一些设计，基本上在前作都已经出现过了，在流程中就知道后面会发生什么，还是缺少了些许创新吧。
  总的来说，会是一次很好的体验",推荐,5.5,30,139,本人胆子不算大 23入坑生化危机来 2 3都是跟着攻略走的 7看攻略玩一半不敢玩了 8巨婴看攻略过的 真正自己打过的也就4 5 6 这次的9双人线 给我的体验算是不错的 格蕾丝线室内图 迎面来的就是7的恐怖感 真的吓人 玩到现在也能感受到角色的变化 从一开始见到怪就吓跑 到后面艾米莉被抓走敢一个人去面对 清晰的能看到角色的成长 转到里昂线 那种来一个砍一个 无双体术的体验是真好 让我想起之前打4和6的快乐 听说全流程也就7 8个小时 感到有些失望 这剧情是不是短了些 还有里面的一些设计 基本上在前作都已经出现过了 在流程中就知道后面会发生什么 还是缺少了些许创新吧 总的来说 会是一次很好的体验,剧情,正面
1580,1580,2026-02-28,不得不说里昂关卡真的太爽了  4 5代的味道十足， 女主部分更像是1洋馆的感觉 格子危机加上尸体狂暴带来的紧张感  总的来说这是一款生化味道十足的作品  如果你是一个生化老粉丝那就无脑冲吧 如果是一个没接触过生化的玩家 那建议女主关卡切换成第三人称会好很多,推荐,6.6,43,202,不得不说里昂关卡真的太爽了 4 5代的味道十足 女主部分更像是1洋馆的感觉 格子危机加上尸体狂暴带来的紧张感 总的来说这是一款生化味道十足的作品 如果你是一个生化老粉丝那就无脑冲吧 如果是一个没接触过生化的玩家 那建议女主关卡切换成第三人称会好很多,情怀,正面
1581,1581,2026-02-28,好玩捏,推荐,5.3,30,89,好玩捏,玩法,正面
1582,1582,2026-02-28,玩grace的唯一动力就是快点让我玩里昂,推荐,1.0,40,149,玩grace的唯一动力就是快点让我玩里昂,情怀,正面
1583,1583,2026-02-28, 30 年集大成之作，恐怖够味、动作够爽、剧情够顶，必玩,推荐,5.2,19,78,30 年集大成之作 恐怖够味 动作够爽 剧情够顶 必玩,情怀,正面
1584,1584,2026-02-28,可以，非常满意,推荐,0.6,3,12,可以 非常满意,其他,正面
1585,1585,2026-02-28,总之还是那个生化的味道，箱庭解谜确实很拖沓和老旧的感觉，战斗也是越肩射击那一套，没有什么眼前一亮的东西，希望随着流程推进后续有改观。如果有中评暂时可以先给中评，没有的话，只能暂时好评。,推荐,4.5,12,21,总之还是那个生化的味道 箱庭解谜确实很拖沓和老旧的感觉 战斗也是越肩射击那一套 没有什么眼前一亮的东西 希望随着流程推进后续有改观 如果有中评暂时可以先给中评 没有的话 只能暂时好评,玩法,正面
1586,1586,2026-02-28,先写个好评，我和我的卡宴Turbo GT真帅,推荐,1.0,27,36,先写个好评 我和我的卡宴Turbo GT真帅,其他,正面
1587,1587,2026-02-28,这老登里昂留给格蕾丝一把一发子弹的枪，是最后时刻留给自己的吗,推荐,1.9,40,149,这老登里昂留给格蕾丝一把一发子弹的枪 是最后时刻留给自己的吗,剧情,正面
1588,1588,2026-02-28,画质相比4重制简直是飞跃，路径追踪太屌了，格蕾丝的格子危机也是经典的味道,推荐,4.4,27,136,画质相比4重制简直是飞跃 路径追踪太屌了 格蕾丝的格子危机也是经典的味道,画面,正面
1589,1589,2026-02-28,非常非常推荐，恐怖与动作融合一起,推荐,5.5,7,66,非常非常推荐 恐怖与动作融合一起,玩法,正面
1590,1590,2026-02-28,没啥说的，好玩爱玩，我还想玩10,推荐,9.8,15,24,没啥说的 好玩爱玩 我还想玩10,玩法,正面
1591,1591,2026-02-28,姐们跑东跑西就为了给心肺缺失的丧尸凑一套人造器官然后把人喊起来毙了就为了拿他手环的操作真的给我看窒息了。,不推荐,3.8,10,119,姐们跑东跑西就为了给心肺缺失的丧尸凑一套人造器官然后把人喊起来毙了就为了拿他手环的操作真的给我看窒息了,玩法,负面
1592,1592,2026-02-28,"好玩，很好玩！！！优化也好，流畅至极，解密还不错有点生2警察局的味道~~~
用里昂疯狂砍杀，目前刚从疗养院出来，就是感觉，里昂的流程好短呀好短呀（苦苦苦）",推荐,8.0,17,126,好玩 很好玩 优化也好 流畅至极 解密还不错有点生2警察局的味道 用里昂疯狂砍杀 目前刚从疗养院出来 就是感觉 里昂的流程好短呀好短呀 苦苦苦,玩法,正面
1593,1593,2026-02-28,"与以往生化系列真的很不同，本作不愧是卡普空创新性的一作，作为老IP玩家，这款作品称得上跨时代的一作
就是玩法里昂感觉玩着有点寂静岭的感觉，但是全程像在看电影一样深入其中，只能说精彩",推荐,17.8,28,37,与以往生化系列真的很不同 本作不愧是卡普空创新性的一作 作为老IP玩家 这款作品称得上跨时代的一作 就是玩法里昂感觉玩着有点寂静岭的感觉 但是全程像在看电影一样深入其中 只能说精彩,玩法,正面
1594,1594,2026-02-28,个人感觉最吓人的一部生化危机,推荐,9.8,49,58,个人感觉最吓人的一部生化危机,剧情,正面
1595,1595,2026-02-28,卡婊索尼给你塞钱了还是怎么滴？ds5都支持多设备切换了，你给ps5适配不给pc适配？pc玩家天生低人一等是吗,不推荐,0.2,30,39,卡婊索尼给你塞钱了还是怎么滴 ds5都支持多设备切换了 你给ps5适配不给pc适配 pc玩家天生低人一等是吗,优化,负面
1596,1596,2026-02-28,艾达王呢？,推荐,2.8,16,125,艾达王呢,情怀,正面
1597,1597,2026-02-28,"第九代跟re4一个毛病，部分关卡引导极差，不同的是re4只有这一点毛病，这一代的部分解密过于繁琐，点名里昂找三个零件，零件需要发电机，发电机需要燃油，燃油需要电池，电池还要两个，找到电池还要找油壶，完事还要去接油，忙活差不多后发现零件是坏的还有修复，真是酣畅淋漓！每次过自动门都得看贼磨叽的动画，真是享受！走路速度还慢，动作僵硬，里昂那冲锋枪跑步幻视嘎子偷狗，有摩托车偏不让骑着跑图，斧头没耐久了就这么蹭两下就修好了?虽然是游戏但你这也太糊弄了吧？
说真的，我期初对格蕾丝线不抱多大期望，但那边体验还挺不错，保持了生化危机的一贯水准，反倒是我十分期待的里昂线，不说是一坨也算半坨了。",不推荐,8.1,41,200,第九代跟re4一个毛病 部分关卡引导极差 不同的是re4只有这一点毛病 这一代的部分解密过于繁琐 点名里昂找三个零件 零件需要发电机 发电机需要燃油 燃油需要电池 电池还要两个 找到电池还要找油壶 完事还要去接油 忙活差不多后发现零件是坏的还有修复 真是酣畅淋漓 每次过自动门都得看贼磨叽的动画 真是享受 走路速度还慢 动作僵硬 里昂那冲锋枪跑步幻视嘎子偷狗 有摩托车偏不让骑着跑图 斧头没耐久了就这么蹭两下就修好了 虽然是游戏但你这也太糊弄了吧 说真的 我期初对格蕾丝线不抱多大期望 但那边体验还挺不错 保持了生化危机的一贯水准 反倒是我十分期待的里昂线 不说是一坨也算半坨了,玩法,负面
1598,1598,2026-02-28,画质飞跃的一代，玩法更加进化更完善的生化危机，两条线路分别代表两种玩法。作为生化粉简直就是过年，实在是太好玩了，已经痛哭流涕了！,推荐,4.7,11,170,画质飞跃的一代 玩法更加进化更完善的生化危机 两条线路分别代表两种玩法 作为生化粉简直就是过年 实在是太好玩了 已经痛哭流涕了,画面,正面
1599,1599,2026-02-28,系列集大成之作,推荐,10.5,44,153,系列集大成之作,情怀,正面
1600,1600,2026-02-28,恐怖好玩,推荐,3.9,4,113,恐怖好玩,玩法,正面
1601,1601,2026-02-28,依旧那个男人,推荐,15.7,36,195,依旧那个男人,情怀,正面
1602,1602,2026-02-28,太棒了 一口气玩了七个小时 休息会明天继续,推荐,9.3,27,136,太棒了 一口气玩了七个小时 休息会明天继续,情怀,正面
1603,1603,2026-02-28,刚玩了个序章，这代表现力和氛围可以的，后面等玩了再说。,推荐,1.2,8,67,刚玩了个序章 这代表现力和氛围可以的 后面等玩了再说,画面,正面
1604,1604,2026-02-28,量大管饱，味真足,推荐,11.1,21,180,量大管饱 味真足,其他,正面
1605,1605,2026-02-28,受苦两小时，爽快十分钟。,推荐,10.1,26,35,受苦两小时 爽快十分钟,玩法,正面
1606,1606,2026-02-28,玩里昂拿到电锯不笑的都能判定抑郁,推荐,10.6,7,116,玩里昂拿到电锯不笑的都能判定抑郁,情怀,正面
1607,1607,2026-02-28,浣熊市的帧数not good，大大滴不行。开了帧生成是可以100帧，然后呢，进一个战斗区域就暴跌几十帧，纵享头晕体验吗,不推荐,13.0,45,204,浣熊市的帧数not good 大大滴不行 开了帧生成是可以100帧 然后呢 进一个战斗区域就暴跌几十帧 纵享头晕体验吗,优化,负面
1608,1608,2026-02-28,好恐怖，战斗爽，好恐怖，战斗爽，好恐怖，战斗爽,推荐,9.0,35,44,好恐怖 战斗爽 好恐怖 战斗爽 好恐怖 战斗爽,玩法,正面
1609,1609,2026-02-28,只要有李昂就是好作品，卡普空好好干！就有钱！,推荐,16.0,20,29,只要有李昂就是好作品 卡普空好好干 就有钱,情怀,正面
1610,1610,2026-02-28,优化还可以,推荐,7.9,39,48,优化还可以,优化,正面
1611,1611,2026-02-28,发售下午还是特别好评，晚上就成多半好评了，原来这么多人不满意吗,推荐,5.4,3,62,发售下午还是特别好评 晚上就成多半好评了 原来这么多人不满意吗,价格,正面
1612,1612,2026-02-28,"抱歉，忍不住对僵尸女佣犯了错

另外这BYD奔跑速度是不是有点慢了，刚开始玩的时候还以为我shift坏了

[strike] 格蕾丝我老婆 [/strike]",推荐,11.7,40,199,抱歉 忍不住对僵尸女佣犯了错 另外这BYD奔跑速度是不是有点慢了 刚开始玩的时候还以为我shift坏了 strike 格蕾丝我老婆 strike,玩法,正面
1613,1613,2026-02-28,好玩，沉浸式特别强，我个人不是很喜欢解密玩法，但好在解密元素不是很难,推荐,10.7,21,80,好玩 沉浸式特别强 我个人不是很喜欢解密玩法 但好在解密元素不是很难,玩法,正面
1614,1614,2026-02-28,打的爽爆了,推荐,9.1,33,142,打的爽爆了,玩法,正面
1615,1615,2026-02-28,"还行啊挺好玩的😢就是切换主角频繁强度有点落差,....",推荐,9.0,24,183,还行啊挺好玩的 就是切换主角频繁强度有点落差,玩法,正面
1616,1616,2026-02-28,生化危机没得说，部部都是精品,推荐,3.4,49,208,生化危机没得说 部部都是精品,情怀,正面
1617,1617,2026-02-28,2+4+7+8 爽了,推荐,8.9,19,28,2 4 7 8 爽了,情怀,正面
1618,1618,2026-02-28,疗养院我都想给差评，不过演出加大分,推荐,11.5,7,66,疗养院我都想给差评 不过演出加大分,剧情,正面
1619,1619,2026-02-28,好玩好玩爽爽爽！,推荐,5.8,10,169,好玩好玩爽爽爽,玩法,正面
1620,1620,2026-02-28,老年版李三光,推荐,2.2,30,39,老年版李三光,情怀,正面
1621,1621,2026-02-28,老爸到了,推荐,7.0,38,147,老爸到了,其他,正面
1622,1622,2026-02-28,爽玩,推荐,12.7,40,99,爽玩,其他,正面
1623,1623,2026-02-28,"总体生化味还在，Grace第一人称，Leon第三人称，比8代好玩，场景建模在线，npc做的有创新，收集要素有点多但不影响游玩体验。解密还是缺保险丝缺零散小部件，解密完会贴心地刷一波怪，不需要看攻略甚至有点无聊。战斗不难，一周目标准难度能有很好的体验，死亡次数很少，双主角的体术也很有意思。剧情不错，至少有我没想到的反转，不知道后续如何
	
Leon线（RE4风格，有公文包能买补给）
本来以为会先感叹太帅了，其实最先感叹太爽了^ ^
体术和处决有好几种，每一种都打的非常非常非常爽（亮本人也吐槽很暴力），尤其是抢电锯和电锯对打，仿佛穿越到被4代电锯男追着砍的时光。射击不做评价，个人觉得枪手感没有4好，除了马格南剩下的威力平平，更鼓励用敌人武器/体术解决。
打到浣熊市东部快结束时候Leon剧情线还很平淡，就是追寻市民二次感染这件事，救一救Grace，没有值得探讨的。不过他话越来越少了，剧情里没什么台词，但清图或者遇到刷怪还是会吐槽两句，依旧是那个幽默嘴臭亮。
剧情cg非常有电影感，无可非议的帅……无论是体术还是剧情，更成熟冷静更有魅力了，美味！
	
Grace线（RE2风格，初始八个格子，不能买补给）
预告片初见Grace还对她无感，但真玩上了发现特别对电波，她被吓得叫唤的时候我也跟着叫唤，每次都超级同步，而且好多台词也对得上，特别能共情的一代。
玩法上非常幻视RE2，无论是经典捡孩子还是需要恢复电力的人满为患监狱，都让我有种Leon和Claire合体的错觉。相比之下，Grace真的是“普通人”女主，跑的不快射击手还抖，疗养院里只能靠潜行找东西，杀死一个小怪都至少要5发子弹，黑暗里还要被类似暴君的物体追逐，解密比Leon线还难，有时候真的很想放弃。
Grace剧情蛮出彩，比如疗养院地下一个解密和之后的小boss战，很有意思也很烦人。地下实验室那段也让人印象深刻，视觉冲击感强，感觉是在致敬闪灵^ ^
	
由于本人是冲着Leon玩的9，Grace线又实在穷，所以一直在期待Leon顶号，但前半段Leon只起到一个逗号的作用，出场五分钟就换回了只有手枪的Grace，真的很胃痛",推荐,13.4,35,194,总体生化味还在 Grace第一人称 Leon第三人称 比8代好玩 场景建模在线 npc做的有创新 收集要素有点多但不影响游玩体验 解密还是缺保险丝缺零散小部件 解密完会贴心地刷一波怪 不需要看攻略甚至有点无聊 战斗不难 一周目标准难度能有很好的体验 死亡次数很少 双主角的体术也很有意思 剧情不错 至少有我没想到的反转 不知道后续如何 Leon线 RE4风格 有公文包能买补给 本来以为会先感叹太帅了 其实最先感叹太爽了 体术和处决有好几种 每一种都打的非常非常非常爽 亮本人也吐槽很暴力 尤其是抢电锯和电锯对打 仿佛穿越到被4代电锯男追着砍的时光 射击不做评价 个人觉得枪手感没有4好 除了马格南剩下的威力平平 更鼓励用敌人武器 体术解决 打到浣熊市东部快结束时候Leon剧情线还很平淡 就是追寻市民二次感染这件事 救一救Grace 没有值得探讨的 不过他话越来越少了 剧情里没什么台词 但清图或者遇到刷怪还是会吐槽两句 依旧是那个幽默嘴臭亮 剧情cg非常有电影感 无可非议的帅 无论是体术还是剧情 更成熟冷静更有魅力了 美味 Grace线 RE2风格 初始八个格子 不能买补给 预告片初见Grace还对她无感 但真玩上了发现特别对电波 她被吓得叫唤的时候我也跟着叫唤 每次都超级同步 而且好多台词也对得上 特别能共情的一代 玩法上非常幻视RE2 无论是经典捡孩子还是需要恢复电力的人满为患监狱 都让我有种Leon和Claire合体的错觉 相比之下 Grace真的是 普通人 女主 跑的不快射击手还抖 疗养院里只能靠潜行找东西 杀死一个小怪都至少要5发子弹 黑暗里还要被类似暴君的物体追逐 解密比Leon线还难 有时候真的很想放弃 Grace剧情蛮出彩 比如疗养院地下一个解密和之后的小boss战 很有意思也很烦人 地下实验室那段也让人印象深刻 视觉冲击感强 感觉是在致敬闪灵 由于本人是冲着Leon玩的9 Grace线又实在穷 所以一直在期待Leon顶号 但前半段Leon只起到一个逗号的作用 出场五分钟就换回了只有手枪的Grace 真的很胃痛,玩法,正面
1624,1624,2026-02-28,一般，给我玩力竭,推荐,9.5,40,149,一般 给我玩力竭,其他,正面
1625,1625,2026-02-28,纯纯诈骗 压根不适配ds5手柄 还敢在商店页面写“完全支持您的PlayStation控制器” 玩2小时格蕾丝奖励3分钟里昂也是无敌了,不推荐,6.4,11,70,纯纯诈骗 压根不适配ds5手柄 还敢在商店页面写 完全支持您的PlayStation控制器 玩2小时格蕾丝奖励3分钟里昂也是无敌了,优化,负面
1626,1626,2026-02-28,♥♥♥♥♥♥♥♥ good,推荐,8.9,23,182,good,其他,正面
1627,1627,2026-02-28,6,推荐,3.4,29,88,6,其他,正面
1628,1628,2026-02-28,豪丸，格蕾丝线第一人称玩爽了,推荐,7.8,20,179,豪丸 格蕾丝线第一人称玩爽了,玩法,正面
1629,1629,2026-02-28,md好刺激，格蕾丝好美,推荐,5.4,34,143,md好刺激 格蕾丝好美,剧情,正面
1630,1630,2026-02-28,"里昂真是越老越香!
相比于以前的生化这部生化的双线更紧密，而且里昂线真的就是战斗爽，格蕾丝则是物资紧缺加被怪物追击的紧张恐怖感，两者交替让人不会腻，个人感觉是目前生化系列中最好的作品了",推荐,12.1,16,25,里昂真是越老越香 相比于以前的生化这部生化的双线更紧密 而且里昂线真的就是战斗爽 格蕾丝则是物资紧缺加被怪物追击的紧张恐怖感 两者交替让人不会腻 个人感觉是目前生化系列中最好的作品了,剧情,正面
1631,1631,2026-02-28,666666666666666666666666,推荐,9.8,45,104,666666666666666666666666,其他,正面
1632,1632,2026-02-28,"太润了啊
",推荐,10.6,28,187,太润了啊,其他,正面
1633,1633,2026-02-28,"1、调鼠标速度的地方藏那么深是生怕我们找到吗，不知道那个速度第一三人称玩着多难受吗
2、所有非过场动画强制关闭动态模糊，你就不能整个开关，让想开的开想关的关？
3、开了垂直同步就不能插帧，开了插帧又不让锁帧数上限，搁这左右脑互搏呢，显卡一直满负载运转，200多帧我显示屏又跟不上有毛用啊？
你们图形工程师是一直在退步吗？知道为什么首发好评不如生化4重制了吧，不老老实实沿用成功案例的选项，为啥非得整这么多自以为是的一刀切行为",不推荐,2.1,42,151,1 调鼠标速度的地方藏那么深是生怕我们找到吗 不知道那个速度第一三人称玩着多难受吗 2 所有非过场动画强制关闭动态模糊 你就不能整个开关 让想开的开想关的关 3 开了垂直同步就不能插帧 开了插帧又不让锁帧数上限 搁这左右脑互搏呢 显卡一直满负载运转 200多帧我显示屏又跟不上有毛用啊 你们图形工程师是一直在退步吗 知道为什么首发好评不如生化4重制了吧 不老老实实沿用成功案例的选项 为啥非得整这么多自以为是的一刀切行为,优化,负面
1634,1634,2026-02-28,"你在等什么？赶紧买啊，348中含有生化危机7，生化危机2，生化危机4，最后生还者的体验,你为啥不下单啊",推荐,9.8,13,122,你在等什么 赶紧买啊 348中含有生化危机7 生化危机2 生化危机4 最后生还者的体验 你为啥不下单啊,价格,正面
1635,1635,2026-02-28,伟大无需多言！,推荐,11.2,42,201,伟大无需多言,情怀,正面
1636,1636,2026-02-28,很好玩，都来玩,推荐,4.8,46,105,很好玩 都来玩,玩法,正面
1637,1637,2026-02-27,10个小时通关，整体来说格蕾丝章节比较恐怖，里昂章节非常爽，而且这一代生化危机采用了第一人称和第三人称双人称切换玩法对于我的好兄弟杨庆泊来说就非常友好，因为我的好兄弟杨庆泊是一个唐人他这个人晕3D简直唐完了！但是我不太喜欢这一部作品的双结局，不太理解为什么要搞一个好结局大团圆，坏结局里昂卒的设定，里昂也这么大岁数了，你要是真想让他谢幕就华丽谢幕吧，真没必要搞多结局这个东西，臧怿洲傻逼，杨庆泊蠢唐，刘佳伟紫薇，吴悠猪逼，王睿泽拉稀！！！,推荐,10.6,11,120,10个小时通关 整体来说格蕾丝章节比较恐怖 里昂章节非常爽 而且这一代生化危机采用了第一人称和第三人称双人称切换玩法对于我的好兄弟杨庆泊来说就非常友好 因为我的好兄弟杨庆泊是一个唐人他这个人晕3D简直唐完了 但是我不太喜欢这一部作品的双结局 不太理解为什么要搞一个好结局大团圆 坏结局里昂卒的设定 里昂也这么大岁数了 你要是真想让他谢幕就华丽谢幕吧 真没必要搞多结局这个东西 臧怿洲傻逼 杨庆泊蠢唐 刘佳伟紫薇 吴悠猪逼 王睿泽拉稀,玩法,正面
1638,1638,2026-02-27,这一部也太硬核了，我玩的是生化危机吗？迫击炮都安排上了,推荐,11.7,44,203,这一部也太硬核了 我玩的是生化危机吗 迫击炮都安排上了,玩法,正面
1639,1639,2026-02-27,好久没玩游戏玩的这么投入了，好玩到爆炸。,推荐,12.1,16,175,好久没玩游戏玩的这么投入了 好玩到爆炸,玩法,正面
1640,1640,2026-02-27,量大管饱，虽然有素材复用，不过玩到里昂的安心感别的游戏带不来。必须好评！,推荐,10.8,24,133,量大管饱 虽然有素材复用 不过玩到里昂的安心感别的游戏带不来 必须好评,情怀,正面
1641,1641,2026-02-27,好玩,推荐,7.8,34,93,好玩,玩法,正面
1642,1642,2026-02-27,目前感觉还不错，生化2，4 重制版的混合的感觉。中规中矩,推荐,12.4,11,20,目前感觉还不错 生化2 4 重制版的混合的感觉 中规中矩,玩法,正面
1643,1643,2026-02-27,"能不能只控制里昂，我只想大杀四方
小斧子勾死你",推荐,15.2,15,124,能不能只控制里昂 我只想大杀四方 小斧子勾死你,玩法,正面
1644,1644,2026-02-27,到里昂那里就开始爽的一批,推荐,10.7,6,165,到里昂那里就开始爽的一批,情怀,正面
1645,1645,2026-02-27,预购了豪华版的质识存在和物语3，这个也顺手买了豪华版，但是不打算玩，截了几张图，给个好评，当支持卡普空了，钱我给你了，大神2和女神之路2，懂？,推荐,0.2,40,99,预购了豪华版的质识存在和物语3 这个也顺手买了豪华版 但是不打算玩 截了几张图 给个好评 当支持卡普空了 钱我给你了 大神2和女神之路2 懂,情怀,正面
1646,1646,2026-02-27,还没玩完，好玩到爆了,推荐,10.7,12,71,还没玩完 好玩到爆了,玩法,正面
1647,1647,2026-02-27,好玩！李三光还是这么帅！,推荐,5.4,11,170,好玩 李三光还是这么帅,情怀,正面
1648,1648,2026-02-27,o(￣▽￣)ｄ,推荐,8.6,15,74,o ｄ,其他,正面
1649,1649,2026-02-27,"卡普空的生化危机，质量那是没得说的，本作的优化依旧做的很好。

里昂是真帅啊，越老越帅，虽然游戏中里昂的部分偏少玩的不够尽兴。而格蕾丝的部分就玩的特别压抑憋屈了，资源少敌人还多。",推荐,4.0,1,110,卡普空的生化危机 质量那是没得说的 本作的优化依旧做的很好 里昂是真帅啊 越老越帅 虽然游戏中里昂的部分偏少玩的不够尽兴 而格蕾丝的部分就玩的特别压抑憋屈了 资源少敌人还多,优化,正面
1650,1650,2026-02-27,太好玩了，让我想起了2代的解密，绕路，格子危机，甚至没有资源用，还有7代的追逐恐怖，4代的打斗，还有第一第三人称无缝切换，画面也好了很多，还没打完，但已经爽了,推荐,5.5,10,19,太好玩了 让我想起了2代的解密 绕路 格子危机 甚至没有资源用 还有7代的追逐恐怖 4代的打斗 还有第一第三人称无缝切换 画面也好了很多 还没打完 但已经爽了,玩法,正面
1651,1651,2026-02-27,"不是给肥猪boss屁股扎一针我直接游戏崩溃了？
这是Boomer吗？",推荐,6.5,43,52,不是给肥猪boss屁股扎一针我直接游戏崩溃了 这是Boomer吗,优化,正面
1652,1652,2026-02-27,牛逼,推荐,13.6,3,62,牛逼,其他,正面
1653,1653,2026-02-27,"故事剧情：吓哭了
游戏玩法：吓哭了
美术影音：吓哭了",推荐,4.9,31,140,故事剧情 吓哭了 游戏玩法 吓哭了 美术影音 吓哭了,剧情,正面
1654,1654,2026-02-27,好玩耐玩值得拥有！可惜某些人觉得适配手柄不够完美甚至没有震动，不过差评评论快占领上风没办法，管不了别人管好自己吧,推荐,1.4,3,62,好玩耐玩值得拥有 可惜某些人觉得适配手柄不够完美甚至没有震动 不过差评评论快占领上风没办法 管不了别人管好自己吧,玩法,正面
1655,1655,2026-02-27,我说疗养院就是警察局有没有懂得。,推荐,5.4,29,188,我说疗养院就是警察局有没有懂得,情怀,正面
1656,1656,2026-02-27,"老实说，玩得有些于心不忍。里昂，你太沧桑了，骚话少了，偶尔对屏幕前的哥们讲讲冷笑话，但你严肃到我嘴角根本翘不起来。活生生的护士惨死在面前，你的表情却自始至终都没有变过，甚至只是冷冷说了一句想转院了。我无法想象这种无法挽救的惨案在你周围还发生了多少，你终于明白没办法拯救所有人了吗。
生4re结束以后我很想再见到你，我这辈子没觉得哪个男角色有多帅，而充满正义感、责任感、少年感、安全感的你是例外。现在我却只想你尽早离开生化的舞台，哪怕后面只是文件里提一嘴你和ada没羞没臊的退休生活。
你依旧如同在西班牙时那样身手矫健，枪法如神，甚至还多了豪车座驾和酷炫腕表。
同样的境况，不同的伤患，和已然衰老的你。
一个男人究竟还要经历多少苦难才能找到属于他的幸福，在你身上我看不到答案。
恳请时间对你再宽容一些些吧，你——里昂·S·肯尼迪，浣熊市的英雄，我的少年。",推荐,2.6,6,165,老实说 玩得有些于心不忍 里昂 你太沧桑了 骚话少了 偶尔对屏幕前的哥们讲讲冷笑话 但你严肃到我嘴角根本翘不起来 活生生的护士惨死在面前 你的表情却自始至终都没有变过 甚至只是冷冷说了一句想转院了 我无法想象这种无法挽救的惨案在你周围还发生了多少 你终于明白没办法拯救所有人了吗 生4re结束以后我很想再见到你 我这辈子没觉得哪个男角色有多帅 而充满正义感 责任感 少年感 安全感的你是例外 现在我却只想你尽早离开生化的舞台 哪怕后面只是文件里提一嘴你和ada没羞没臊的退休生活 你依旧如同在西班牙时那样身手矫健 枪法如神 甚至还多了豪车座驾和酷炫腕表 同样的境况 不同的伤患 和已然衰老的你 一个男人究竟还要经历多少苦难才能找到属于他的幸福 在你身上我看不到答案 恳请时间对你再宽容一些些吧 你 里昂 S 肯尼迪 浣熊市的英雄 我的少年,剧情,正面
1657,1657,2026-02-27,爽爽爽爽!!!就是有点小吓人，不过还好有第三人称，我昂哥太帅了，四哈斯哈,推荐,10.8,14,123,爽爽爽爽 就是有点小吓人 不过还好有第三人称 我昂哥太帅了 四哈斯哈,情怀,正面
1658,1658,2026-02-27,好玩,推荐,4.5,7,66,好玩,玩法,正面
1659,1659,2026-02-27,你永远可以相信卡婊，伟大无需多言(这代的女主真的太可爱了，又怂又笨手笨脚说话还结结巴巴哈哈哈，天然呆的感觉）,推荐,13.3,44,203,你永远可以相信卡婊 伟大无需多言 这代的女主真的太可爱了 又怂又笨手笨脚说话还结结巴巴哈哈哈 天然呆的感觉,剧情,正面
1660,1660,2026-02-27,女主线我唯唯诺诺，里昂线我重拳出击,推荐,4.1,42,101,女主线我唯唯诺诺 里昂线我重拳出击,情怀,正面
1661,1661,2026-02-27,里昂线太他妈爽了，打击感爆棚，新女主线反而差了些，前期子弹稀缺，好在有了吸血器后就不缺子弹了。,推荐,4.5,11,120,里昂线太他妈爽了 打击感爆棚 新女主线反而差了些 前期子弹稀缺 好在有了吸血器后就不缺子弹了,玩法,正面
1662,1662,2026-02-27,什么都好，就是这个女人关太鸡巴折磨了，人菜枪废，传统开荒太痛苦了一堆初见杀，能不能先让我拿leon爽个两小时再吃这大坨,推荐,12.9,32,191,什么都好 就是这个女人关太鸡巴折磨了 人菜枪废 传统开荒太痛苦了一堆初见杀 能不能先让我拿leon爽个两小时再吃这大坨,玩法,正面
1663,1663,2026-02-27,集大成之作可以这么说吗,推荐,9.9,22,81,集大成之作可以这么说吗,其他,正面
1664,1664,2026-02-27,卡表神了,推荐,7.1,45,54,卡表神了,情怀,正面
1665,1665,2026-02-27,太中辣！！！中 中 中 中,推荐,6.4,12,171,太中辣 中 中 中 中,其他,正面
1666,1666,2026-02-27,1111,推荐,9.6,36,145,1111,其他,正面
1667,1667,2026-02-27,很好玩，里昂战斗爽,推荐,1.1,48,157,很好玩 里昂战斗爽,情怀,正面
1668,1668,2026-02-27,"好玩
",推荐,1.9,27,186,好玩,玩法,正面
1669,1669,2026-02-27,牛逼这画质简直惊为天人，是我库里画质最好的游戏，剧情解密也很有意思,推荐,12.8,29,138,牛逼这画质简直惊为天人 是我库里画质最好的游戏 剧情解密也很有意思,画面,正面
1670,1670,2026-02-27,有三光的生化危机就是好生化危机,推荐,13.8,43,102,有三光的生化危机就是好生化危机,情怀,正面
1671,1671,2026-02-27,新旧风格交替融合的一作，既能体验到类银河恶魔城与恐怖元素（格蕾丝线），也能体验到act战斗元素（里昂线），依然是线性单机的行业标杆,推荐,4.2,8,117,新旧风格交替融合的一作 既能体验到类银河恶魔城与恐怖元素 格蕾丝线 也能体验到act战斗元素 里昂线 依然是线性单机的行业标杆,玩法,正面
1672,1672,2026-02-27,"爽飞了
",推荐,13.1,39,48,爽飞了,其他,正面
1673,1673,2026-02-27,非常好,推荐,12.2,18,77,非常好,其他,正面
1674,1674,2026-02-27,什么时候适配原生PS5手柄什么时候改过来,不推荐,4.3,47,56,什么时候适配原生PS5手柄什么时候改过来,优化,负面
1675,1675,2026-02-27,里昂帅，格蕾丝雪莉美，结束,推荐,7.5,43,152,里昂帅 格蕾丝雪莉美 结束,情怀,正面
1676,1676,2026-02-27,里昂！,推荐,2.9,39,48,里昂,情怀,正面
1677,1677,2026-02-27,VERY GOOD,推荐,6.6,43,202,VERY GOOD,其他,正面
1678,1678,2026-02-27,玩十个小时格蕾丝奖励玩十分钟里昂,不推荐,10.0,47,106,玩十个小时格蕾丝奖励玩十分钟里昂,情怀,负面
1679,1679,2026-02-27,好玩，何尝不是一种搜打撤呢,推荐,5.3,23,182,好玩 何尝不是一种搜打撤呢,玩法,正面
1680,1680,2026-02-27,111111111111111111111111111,推荐,10.0,22,81,111111111111111111111111111,其他,正面
1681,1681,2026-02-27,好玩爱玩,推荐,4.9,38,47,好玩爱玩,玩法,正面
1682,1682,2026-02-27,写着完美适配dualsense手柄结果插上无法识别，然后只能开steam映射，你玩谁呢？,不推荐,0.6,6,15,写着完美适配dualsense手柄结果插上无法识别 然后只能开steam映射 你玩谁呢,优化,负面
1683,1683,2026-02-27,很难想象它首发的优化就如此牛逼，我3050都能1080p完美游玩，而且真的很好玩，很有氛围，就是卡普空有点恶俗，主角被处刑的动画生动到有些恶心了,推荐,10.1,4,13,很难想象它首发的优化就如此牛逼 我3050都能1080p完美游玩 而且真的很好玩 很有氛围 就是卡普空有点恶俗 主角被处刑的动画生动到有些恶心了,优化,正面
1684,1684,2026-02-27,好玩，爱玩，多玩,推荐,5.1,15,74,好玩 爱玩 多玩,情怀,正面
1685,1685,2026-02-27,里昂嘿嘿嘿嘿嘿嘿,推荐,8.9,39,48,里昂嘿嘿嘿嘿嘿嘿,情怀,正面
1686,1686,2026-02-27,"里面有很多的惊喜等着我们，到接手里昂开始有点像半开放世界一样，非常有意思，就是在那个大工厂里面掉帧严重，5060ti都干不动吗，不过就是开了一个路径追踪。通关时间应该会很长，没有那么段，前半段是生化2，后半段是生化4和6的结合体。
",推荐,9.2,23,82,里面有很多的惊喜等着我们 到接手里昂开始有点像半开放世界一样 非常有意思 就是在那个大工厂里面掉帧严重 5060ti都干不动吗 不过就是开了一个路径追踪 通关时间应该会很长 没有那么段 前半段是生化2 后半段是生化4和6的结合体,玩法,正面
1687,1687,2026-02-27,好,推荐,3.5,2,111,好,其他,正面
1688,1688,2026-02-27,买就完了，不会让你失望的，至少目前体验的部分（刚为了救艾米莉到地下）里昂的爽和格蕾丝的恐怖简直是把重置2/7（取决于什么人称视角）和重置4完美的结合，全流程稳定这个质量的话感觉至少有年度最佳提名,推荐,7.4,29,138,买就完了 不会让你失望的 至少目前体验的部分 刚为了救艾米莉到地下 里昂的爽和格蕾丝的恐怖简直是把重置2 7 取决于什么人称视角 和重置4完美的结合 全流程稳定这个质量的话感觉至少有年度最佳提名,情怀,正面
1689,1689,2026-02-27,6,推荐,11.5,50,159,6,其他,正面
1690,1690,2026-02-27,第一天爽玩13个小时！！！既有七八部的恐怖氛围解密 又有第四部的战斗爽{个人认为比第四部还爽！！！）集大成之作 希望后面剧情能对里昂好点 生化粉无脑入,推荐,11.1,6,115,第一天爽玩13个小时 既有七八部的恐怖氛围解密 又有第四部的战斗爽 个人认为比第四部还爽 集大成之作 希望后面剧情能对里昂好点 生化粉无脑入,剧情,正面
1691,1691,2026-02-27,玩着非常不错,推荐,9.1,24,83,玩着非常不错,玩法,正面
1692,1692,2026-02-27,"9小时了，里昂还没醒~
其实很能理解格蕾丝的反应，现实里的密室逃脱不乏被吓到尖叫腿软不敢做单线的人，何况这种真的会要命的情形。
然后艾丽莎被刀那段，英配格蕾丝的实力真的恐怖如斯。",推荐,13.3,2,161,9小时了 里昂还没醒 其实很能理解格蕾丝的反应 现实里的密室逃脱不乏被吓到尖叫腿软不敢做单线的人 何况这种真的会要命的情形 然后艾丽莎被刀那段 英配格蕾丝的实力真的恐怖如斯,剧情,正面
1693,1693,2026-02-27,牛批，boss战也能炒冷饭,不推荐,11.1,22,31,牛批 boss战也能炒冷饭,情怀,负面
1694,1694,2026-02-27,里昂真帅！,推荐,6.9,45,204,里昂真帅,情怀,正面
1695,1695,2026-02-27,游戏是好玩的，就是ds手柄适配咋回事？,推荐,1.8,18,77,游戏是好玩的 就是ds手柄适配咋回事,优化,正面
1696,1696,2026-02-27,"总结一下自己的看法叭0.0
1.体验感:目前体验三个小时下来只能说夯爆了，幸好当时没有看偷跑的视频，也没有关注社区的一些讨论，最好自己体验一下，每个人的看法和体验感都不一样。对新手玩家来说的话，该作的手上难度并不高。
2.目前进度:打到了客房区和病院区，操作格蕾丝在这两个区域来回解密，会有一点绕，需要拿的东西很多，地图提供的点位还是很详细的，但最好记一下图，避免绕晕，本作的怪是挺有特色的，丧尸会延续人类身前的习性，利用好这些习性，可以少浪费子弹，基本是不怎么需要开枪的。但是手枪有时候会打不出来子弹不知道是不是自己的原因，会卡手。
3.操作感:该作有第一人称和第三人称切换这点非常好，格蕾丝最好用第一人称，跑图解密以及躲怪的体验沉浸感会高很多，里昂还是用第三人称，因为老爸来咯~可以看到帅气的处决动画，里昂真是越看越帅，越老越香醇。但美中不足的地方，在设置中没有找到调节灵敏度，只能通过调节鼠标驱动增加灵敏度，不然会有点慢。
4.画质和帧数: 我是笔电4070，在进游戏的时候会让你选择画质优先还是帧数优先，我选择了画质优先，整体优化是很不错的，稳定100帧以上，中间也没有卡顿.",推荐,7.8,26,85,总结一下自己的看法叭0 0 1 体验感 目前体验三个小时下来只能说夯爆了 幸好当时没有看偷跑的视频 也没有关注社区的一些讨论 最好自己体验一下 每个人的看法和体验感都不一样 对新手玩家来说的话 该作的手上难度并不高 2 目前进度 打到了客房区和病院区 操作格蕾丝在这两个区域来回解密 会有一点绕 需要拿的东西很多 地图提供的点位还是很详细的 但最好记一下图 避免绕晕 本作的怪是挺有特色的 丧尸会延续人类身前的习性 利用好这些习性 可以少浪费子弹 基本是不怎么需要开枪的 但是手枪有时候会打不出来子弹不知道是不是自己的原因 会卡手 3 操作感 该作有第一人称和第三人称切换这点非常好 格蕾丝最好用第一人称 跑图解密以及躲怪的体验沉浸感会高很多 里昂还是用第三人称 因为老爸来咯 可以看到帅气的处决动画 里昂真是越看越帅 越老越香醇 但美中不足的地方 在设置中没有找到调节灵敏度 只能通过调节鼠标驱动增加灵敏度 不然会有点慢 4 画质和帧数 我是笔电4070 在进游戏的时候会让你选择画质优先还是帧数优先 我选择了画质优先 整体优化是很不错的 稳定100帧以上 中间也没有卡顿,玩法,正面
1697,1697,2026-02-27,要不是明天就早起复工了我一定会一口气打通关,推荐,10.3,16,25,要不是明天就早起复工了我一定会一口气打通关,情怀,正面
1698,1698,2026-02-27,从生2稚嫩的菜鸟警官到生9饱经风霜的资深特工，游戏里已经整整过去28年，他不再是一个普通的游戏角色，更像是陪伴多年的老友，我也已然从那个懵懂清澈的男孩变成满身班味的社畜，我现在已经有能力消费得起一台高配电脑和原价购买新游戏了，看见你又重新活跃在荧幕上心里激动万分又五味杂陈，你也逃不过衰老的命运，我想这是我再与你见面最好的方式了吧，不知现实生活中还有哪些人能陪你又走过下一段岁月呢,推荐,3.1,33,192,从生2稚嫩的菜鸟警官到生9饱经风霜的资深特工 游戏里已经整整过去28年 他不再是一个普通的游戏角色 更像是陪伴多年的老友 我也已然从那个懵懂清澈的男孩变成满身班味的社畜 我现在已经有能力消费得起一台高配电脑和原价购买新游戏了 看见你又重新活跃在荧幕上心里激动万分又五味杂陈 你也逃不过衰老的命运 我想这是我再与你见面最好的方式了吧 不知现实生活中还有哪些人能陪你又走过下一段岁月呢,情怀,正面
1699,1699,2026-02-27,蘸豆！爽！！！,推荐,3.8,31,40,蘸豆 爽,玩法,正面
1700,1700,2026-02-27,神作,推荐,3.1,43,152,神作,情怀,正面
1701,1701,2026-02-27,好,推荐,6.1,41,50,好,其他,正面
1702,1702,2026-02-27,神,推荐,4.5,12,121,神,其他,正面
1703,1703,2026-02-27,没白等那么久 一口气玩了十个小时,推荐,10.6,10,19,没白等那么久 一口气玩了十个小时,情怀,正面
1704,1704,2026-02-27,这就是神作生化危机么？,推荐,5.2,13,172,这就是神作生化危机么,情怀,正面
1705,1705,2026-02-27,优化非常好 玩的也很好 体验不输生化4 格蕾丝的章节也挺刺激的 一直拿里昂打打杀杀反而有点平淡了 值得玩一玩,推荐,6.7,26,35,优化非常好 玩的也很好 体验不输生化4 格蕾丝的章节也挺刺激的 一直拿里昂打打杀杀反而有点平淡了 值得玩一玩,玩法,正面
1706,1706,2026-02-27,"这代Grace第一视角超恐怖，戴上耳机沉浸感一流。
只是这次手把R1回血一紧张就很容易按错浪费药草，又不可以取消键位，只可以改成其他少用的键位比较好。
优化不错，几乎没卡顿。
4070 ti super 光追特效全开，dlss quality 可以稳定75fps左右，framegen 100fps+",推荐,3.8,24,33,这代Grace第一视角超恐怖 戴上耳机沉浸感一流 只是这次手把R1回血一紧张就很容易按错浪费药草 又不可以取消键位 只可以改成其他少用的键位比较好 优化不错 几乎没卡顿 4070 ti super 光追特效全开 dlss quality 可以稳定75fps左右 framegen 100fps,音效,正面
1707,1707,2026-02-27,无论是2、7的资源管理，还是4的战斗爽都在9融合的恰到好处，心惊胆战玩完女主再爽用里昂开杀，这就是现在生化最好的路。,推荐,12.8,7,166,无论是2 7的资源管理 还是4的战斗爽都在9融合的恰到好处 心惊胆战玩完女主再爽用里昂开杀 这就是现在生化最好的路,玩法,正面
1708,1708,2026-02-27,里昂的帅一如既往.........战斗爽............,推荐,2.1,22,81,里昂的帅一如既往 战斗爽,情怀,正面
1709,1709,2026-02-27,"nice game

",推荐,11.8,45,154,nice game,其他,正面
1710,1710,2026-02-27,东边跑一遍再去西边跑一遍，循坏几次，然后开中间的门这种逆天设计过时了，跟JRPG暗雷一样可以直接剔除游戏,不推荐,10.9,18,177,东边跑一遍再去西边跑一遍 循坏几次 然后开中间的门这种逆天设计过时了 跟JRPG暗雷一样可以直接剔除游戏,玩法,负面
1711,1711,2026-02-27,好玩！！！,推荐,11.9,37,96,好玩,玩法,正面
1712,1712,2026-02-27,用里昂薄纱很爽，用格雷斯能体验恐怖氛围，箱庭解密略折磨,推荐,9.6,44,153,用里昂薄纱很爽 用格雷斯能体验恐怖氛围 箱庭解密略折磨,玩法,正面
1713,1713,2026-02-27,夯爆了，完美融合了前几部的所有优点，要恐怖有恐怖要战斗有战斗，体验感直接拉曼,推荐,10.5,25,134,夯爆了 完美融合了前几部的所有优点 要恐怖有恐怖要战斗有战斗 体验感直接拉曼,玩法,正面
1714,1714,2026-02-27,吴迪！不枉我期待这么久,推荐,4.7,36,95,吴迪 不枉我期待这么久,情怀,正面
1715,1715,2026-02-27,毫无疑问，这是一部伟大的作品。开头格蕾丝线的氛围塑造一流，关卡设计也非常合理，与里昂双线叙事让玩家能充分了解两人之间性格、战斗方式差异的同时并不会影响玩家的代入感，格蕾丝线受的委屈惊吓全都在里昂线发泄出来，突出一个爽。浣熊市第一部分的半开放地图略拖节奏，会不免给人一种正在玩《最后的生还者》的既视感，但设计也能感觉出来是非常用心的，射击玻璃让丧尸掉下去的部分真的很不错，在废墟大楼中穿梭的感觉也是很棒的。摩托战！爽就完事了！这就是里昂，这就是超人！！,推荐,14.2,40,199,毫无疑问 这是一部伟大的作品 开头格蕾丝线的氛围塑造一流 关卡设计也非常合理 与里昂双线叙事让玩家能充分了解两人之间性格 战斗方式差异的同时并不会影响玩家的代入感 格蕾丝线受的委屈惊吓全都在里昂线发泄出来 突出一个爽 浣熊市第一部分的半开放地图略拖节奏 会不免给人一种正在玩 最后的生还者 的既视感 但设计也能感觉出来是非常用心的 射击玻璃让丧尸掉下去的部分真的很不错 在废墟大楼中穿梭的感觉也是很棒的 摩托战 爽就完事了 这就是里昂 这就是超人,剧情,正面
1716,1716,2026-02-27,还可以。,推荐,1.8,14,173,还可以,其他,正面
1717,1717,2026-02-27,哈人！,推荐,2.4,21,80,哈人,其他,正面
1718,1718,2026-02-27,只要是生化危机无脑好评，就这么简单,推荐,5.2,36,45,只要是生化危机无脑好评 就这么简单,情怀,正面
1719,1719,2026-02-27,"如果你对[h1]生化危机 [/h1]这个ip早有耳闻但是听说是恐怖游戏而不敢入坑的话，那么生9将是你现在入坑生化危机的最佳游戏，以前我给朋友安利生化危机总是要在重解密的re2和战斗爽的re4中做选择，但是现在生9角色双线剧情的设计让它成为我推荐好友入坑的不二之选，在疗养院的格蕾丝线你可以感受到像re2的解密和在警察局的转角遇到爱and经典的格子危机，在里昂线你可以体会到re4的特工里昂见面掏枪突突突打出硬直来上一套帅气的体术，喜欢解密或者战斗爽的玩家都可以玩到自己喜欢的部分。
缺点的话就是没有佣兵模式和ada没出现希望后续DLC能够加入，里昂的剧情有点短了毕竟是新老交替要多给新主角多点剧情。
总体来说这部是质量上乘的佳作，大家可以放心游玩",推荐,16.9,42,151,如果你对 h1 生化危机 h1 这个ip早有耳闻但是听说是恐怖游戏而不敢入坑的话 那么生9将是你现在入坑生化危机的最佳游戏 以前我给朋友安利生化危机总是要在重解密的re2和战斗爽的re4中做选择 但是现在生9角色双线剧情的设计让它成为我推荐好友入坑的不二之选 在疗养院的格蕾丝线你可以感受到像re2的解密和在警察局的转角遇到爱and经典的格子危机 在里昂线你可以体会到re4的特工里昂见面掏枪突突突打出硬直来上一套帅气的体术 喜欢解密或者战斗爽的玩家都可以玩到自己喜欢的部分 缺点的话就是没有佣兵模式和ada没出现希望后续DLC能够加入 里昂的剧情有点短了毕竟是新老交替要多给新主角多点剧情 总体来说这部是质量上乘的佳作 大家可以放心游玩,玩法,正面
1720,1720,2026-02-27,无敌,推荐,5.9,1,110,无敌,其他,正面
1721,1721,2026-02-27,《生化危机9》这三个来小时玩下来最让我惊喜的，莫过于格蕾丝的个人线。这条故事线仿佛一次成功的“精神返祖”，精准地复现了系列早期那种被困于洋馆与偏僻小镇的幽闭恐惧——没有花哨的QTE与爆炸场面，只有手电筒光柱里浮动的尘埃，以及转角处未知的呜咽。这一代对丧尸机制的革新堪称点睛之笔：它们不再只是缓慢挪动的肉块，而是被生前的执念所束缚的悲剧载体。保留生前的习惯与行为——比如美声丧尸，她徘徊在房间里，喉咙里挤出的破碎咏叹调混着喉间血沫的咕噜声，那种艺术本能被尸变扭曲成噩梦的诡异感，比任何Jump Scare都更直击脊背。里昂登场时，一切慌乱瞬间找到了锚点。他那张被岁月刻出风霜的面孔，配上依旧沉稳如磐石的身手——手刃丧尸时的干脆利落、换弹夹时的肌肉记忆，仿佛在告诉玩家：无论病毒如何变异，无论浣熊市的噩梦轮回多少次，总会有人握着刀站在阴影与文明的分界线上。这种“刀不老、人未变”的踏实感，大概就是这个IP沉淀二十年后，最让人安心的底牌吧。真不错！！！！！！,推荐,3.4,22,81,生化危机9 这三个来小时玩下来最让我惊喜的 莫过于格蕾丝的个人线 这条故事线仿佛一次成功的 精神返祖 精准地复现了系列早期那种被困于洋馆与偏僻小镇的幽闭恐惧 没有花哨的QTE与爆炸场面 只有手电筒光柱里浮动的尘埃 以及转角处未知的呜咽 这一代对丧尸机制的革新堪称点睛之笔 它们不再只是缓慢挪动的肉块 而是被生前的执念所束缚的悲剧载体 保留生前的习惯与行为 比如美声丧尸 她徘徊在房间里 喉咙里挤出的破碎咏叹调混着喉间血沫的咕噜声 那种艺术本能被尸变扭曲成噩梦的诡异感 比任何Jump Scare都更直击脊背 里昂登场时 一切慌乱瞬间找到了锚点 他那张被岁月刻出风霜的面孔 配上依旧沉稳如磐石的身手 手刃丧尸时的干脆利落 换弹夹时的肌肉记忆 仿佛在告诉玩家 无论病毒如何变异 无论浣熊市的噩梦轮回多少次 总会有人握着刀站在阴影与文明的分界线上 这种 刀不老 人未变 的踏实感 大概就是这个IP沉淀二十年后 最让人安心的底牌吧 真不错,剧情,正面
1722,1722,2026-02-27,那还说啥了卡婊，先挂个好评，希望后续支持ds手柄的震动，别只是改图标，毕竟是动作射击游戏,推荐,4.6,47,56,那还说啥了卡婊 先挂个好评 希望后续支持ds手柄的震动 别只是改图标 毕竟是动作射击游戏,情怀,正面
1723,1723,2026-02-27,恐怖 解谜 战斗 都有了！,推荐,7.6,3,62,恐怖 解谜 战斗 都有了,玩法,正面
1724,1724,2026-02-27,原来是个莫名其妙的男人啊，不知道的还以为是1998年生化危机2以新人警察身份出场，在浣熊市遭遇丧尸危机，与女学生克莱尔搭档救出雪莉柏肯，并通过艾达王协助，击败暴君和G病毒感染体威廉柏肯，一路过关斩将终于逃出浣熊市。然后为了保护雪莉柏肯自愿和美国政府达成协议，经过地狱一般的培训成为顶尖特工，然后经历一系列任务，在2005年的生化危机4里为了调查总统女儿失踪案来到西班牙，发现其中有巨大阴谋，在艾达王以及路易斯的协助下，清除自己及总统女儿的寄生虫，并破坏阴谋救出总统女儿在政府内部名声大噪，期间在电影生化危机诅咒和恶化里多次对抗生化，并被下一任总统亚当重用，志同意合决定揭露浣熊市真相，但总统被以首席国家安全顾问西蒙斯为首的神秘家族刺杀，并诬陷自己为凶手，而老朋友艾达似乎也遭遇了问题，最终不断的逃亡和调查终于击败西蒙斯并证明一身清白。然后因为其形象在游戏界深受欢迎，2009年，任天堂力量将他列为他们第14位最喜爱的任天堂游戏英雄。在2011年的吉尼斯世界纪录玩家版中，被投票成为最佳电子游戏人物的第36位。2012年，在GamesRadar的电子游戏中“最有影响力和最无法无天”的英雄投票中，位列第11位。在《帝国杂志》的50大电子游戏人物名单中，排名第44位里昂.斯科特.肯尼迪呢。差点误会了。,推荐,4.4,50,59,原来是个莫名其妙的男人啊 不知道的还以为是1998年生化危机2以新人警察身份出场 在浣熊市遭遇丧尸危机 与女学生克莱尔搭档救出雪莉柏肯 并通过艾达王协助 击败暴君和G病毒感染体威廉柏肯 一路过关斩将终于逃出浣熊市 然后为了保护雪莉柏肯自愿和美国政府达成协议 经过地狱一般的培训成为顶尖特工 然后经历一系列任务 在2005年的生化危机4里为了调查总统女儿失踪案来到西班牙 发现其中有巨大阴谋 在艾达王以及路易斯的协助下 清除自己及总统女儿的寄生虫 并破坏阴谋救出总统女儿在政府内部名声大噪 期间在电影生化危机诅咒和恶化里多次对抗生化 并被下一任总统亚当重用 志同意合决定揭露浣熊市真相 但总统被以首席国家安全顾问西蒙斯为首的神秘家族刺杀 并诬陷自己为凶手 而老朋友艾达似乎也遭遇了问题 最终不断的逃亡和调查终于击败西蒙斯并证明一身清白 然后因为其形象在游戏界深受欢迎 2009年 任天堂力量将他列为他们第14位最喜爱的任天堂游戏英雄 在2011年的吉尼斯世界纪录玩家版中 被投票成为最佳电子游戏人物的第36位 2012年 在GamesRadar的电子游戏中 最有影响力和最无法无天 的英雄投票中 位列第11位 在 帝国杂志 的50大电子游戏人物名单中 排名第44位里昂 斯科特 肯尼迪呢 差点误会了,剧情,正面
1725,1725,2026-02-27,太他妈好玩了，348绝对值！！！！！！！！！！！！！！,推荐,13.3,36,195,太他妈好玩了 348绝对值,价格,正面
1726,1726,2026-02-27,卡婊我爱你,推荐,8.8,26,85,卡婊我爱你,情怀,正面
1727,1727,2026-02-27,优化不错，4070s光追高+画质高+DLSS质量+插帧=160帧左右，前期有点恐怖，拿到枪之后就没那么恐怖了，最怕的是Grace线，探索途中杂兵诈尸。,推荐,4.7,39,98,优化不错 4070s光追高 画质高 DLSS质量 插帧 160帧左右 前期有点恐怖 拿到枪之后就没那么恐怖了 最怕的是Grace线 探索途中杂兵诈尸,优化,正面
1728,1728,2026-02-27,老昂依旧爽,推荐,6.2,46,55,老昂依旧爽,情怀,正面
1729,1729,2026-02-27,要啥没啥，恐怖不如2，7，战斗爽不如4，5，6，8，全是又臭又长毫无新意的解密，从第二部开始玩到九终于是吃到屎了,不推荐,10.3,5,164,要啥没啥 恐怖不如2 7 战斗爽不如4 5 6 8 全是又臭又长毫无新意的解密 从第二部开始玩到九终于是吃到屎了,玩法,负面
1730,1730,2026-02-27,你居然能在一款游戏里面玩到生化危机2和生化危机4的体验,推荐,12.1,29,38,你居然能在一款游戏里面玩到生化危机2和生化危机4的体验,情怀,正面
1731,1731,2026-02-27,好玩爱玩,推荐,4.1,38,197,好玩爱玩,玩法,正面
1732,1732,2026-02-27,好玩,推荐,12.2,50,209,好玩,玩法,正面
1733,1733,2026-02-27,第一次发评论，以前都是在主机上玩生化系列，第一次买个PC版，写着支持PS5手柄，插上居然毫无反应！游戏都进不去，玩个毛线！,不推荐,0.5,33,92,第一次发评论 以前都是在主机上玩生化系列 第一次买个PC版 写着支持PS5手柄 插上居然毫无反应 游戏都进不去 玩个毛线,优化,负面
1734,1734,2026-02-27,Resident Evil Requiem,推荐,19.2,4,163,Resident Evil Requiem,情怀,正面
1735,1735,2026-02-27,开局这格蕾丝菜成啥样了......跑都跑不稳当....还不如碍事梨 莫伊拉甚至娜塔丽娅....,推荐,2.1,16,25,开局这格蕾丝菜成啥样了 跑都跑不稳当 还不如碍事梨 莫伊拉甚至娜塔丽娅,玩法,正面
1736,1736,2026-02-27,里昂叔真他妈帅,推荐,9.1,37,46,里昂叔真他妈帅,情怀,正面
1737,1737,2026-02-27,"时长有点短 一周目六个小时就通了 但瑕不掩瑜，里昂线的动作射击 格蕾丝线的恐怖求生我觉得都做的还可以
你要问我性价比咋样 我只能说现在这个版本的内容量确实不值三百多 等一年后永久降价再考虑入手也不迟",推荐,10.2,45,54,时长有点短 一周目六个小时就通了 但瑕不掩瑜 里昂线的动作射击 格蕾丝线的恐怖求生我觉得都做的还可以 你要问我性价比咋样 我只能说现在这个版本的内容量确实不值三百多 等一年后永久降价再考虑入手也不迟,价格,正面
1738,1738,2026-02-27,神奇抓取判定，比琳壁都能吸；奇妙受击判定，彷佛有人手持黑暗剑砍我；独特战斗节奏，梦回回合制游戏；奇特格挡硬直，格挡后僵尸小伙立正动画期间不动如山，动画不播完就不吃硬直,不推荐,5.3,24,183,神奇抓取判定 比琳壁都能吸 奇妙受击判定 彷佛有人手持黑暗剑砍我 独特战斗节奏 梦回回合制游戏 奇特格挡硬直 格挡后僵尸小伙立正动画期间不动如山 动画不播完就不吃硬直,玩法,负面
1739,1739,2026-02-27,peak,推荐,14.0,42,51,peak,其他,正面
1740,1740,2026-02-27,格蕾絲恐怖氛圍拉滿 ，裏昂戰鬥爽堪比生化4,推荐,3.2,13,72,格蕾絲恐怖氛圍拉滿 裏昂戰鬥爽堪比生化4,情怀,正面
1741,1741,2026-02-27,怎么就这么好玩呢,推荐,2.2,42,201,怎么就这么好玩呢,玩法,正面
1742,1742,2026-02-27,真生化危机无双,推荐,10.4,32,91,真生化危机无双,玩法,正面
1743,1743,2026-02-27,挂羊头卖狗肉这块，说是完全适配Dualsence，结果首发当天中午下班高高兴兴回来解压预载还没睡午觉，关掉steam输入连手柄都控制不了，不能适配你为什么要标注完美支持，恶心人吗？8和RE4不适配你好歹还标注了不能支持，这次标出来了搞这一出是否涉嫌虚假宣传？不更新适配不会改差评的。,不推荐,4.2,27,186,挂羊头卖狗肉这块 说是完全适配Dualsence 结果首发当天中午下班高高兴兴回来解压预载还没睡午觉 关掉steam输入连手柄都控制不了 不能适配你为什么要标注完美支持 恶心人吗 8和RE4不适配你好歹还标注了不能支持 这次标出来了搞这一出是否涉嫌虚假宣传 不更新适配不会改差评的,优化,负面
1744,1744,2026-02-27,"7900X+6700xt 2k分辨率稳定70-80fps 光追普通 其他全极高 ，fsr3.1.5  超级质量 优化真的神啊··
 
回到了熟悉的生化危机2的警局，里昂nb 斧头+体术+安魂	",推荐,1.8,37,196,7900X 6700xt 2k分辨率稳定70 80fps 光追普通 其他全极高 fsr3 1 5 超级质量 优化真的神啊 回到了熟悉的生化危机2的警局 里昂nb 斧头 体术 安魂,优化,正面
1745,1745,2026-02-27,还行，能感觉到卡普空想同时讨好喜欢01237部喜欢恐怖和4568部喜欢动作的生化危机玩家，但是解密太难了，好不容易到里昂，没打两下就又到那个人机格蕾丝，然后解半天迷还是没解开，刷个好评只是给里昂的，要不是里昂的战斗模组做的不错，我已经刷差评了,推荐,6.7,43,102,还行 能感觉到卡普空想同时讨好喜欢01237部喜欢恐怖和4568部喜欢动作的生化危机玩家 但是解密太难了 好不容易到里昂 没打两下就又到那个人机格蕾丝 然后解半天迷还是没解开 刷个好评只是给里昂的 要不是里昂的战斗模组做的不错 我已经刷差评了,玩法,正面
1746,1746,2026-02-27,老婆送的必须好评好评好评❤❤❤,推荐,6.4,44,103,老婆送的必须好评好评好评,情怀,正面
1747,1747,2026-02-27,感觉不错,推荐,3.1,20,129,感觉不错,其他,正面
1748,1748,2026-02-27,very good,推荐,1.7,31,40,very good,其他,正面
1749,1749,2026-02-27,bucuo,推荐,3.6,21,80,bucuo,其他,正面
1750,1750,2026-02-27,延续了生化危机一贯的玩法，经久不衰,推荐,12.4,13,22,延续了生化危机一贯的玩法 经久不衰,玩法,正面
1751,1751,2026-02-27,里昂爽，格蕾丝感觉像在玩逃生,推荐,7.8,17,126,里昂爽 格蕾丝感觉像在玩逃生,情怀,正面
1752,1752,2026-02-27,"本来不看好第一人称（78手感塑料画面稀烂），但9的第一人称进步太明显了，一三人称都适配的很好。
路径追踪到底谁在开，帧生成20帧绷不住了。感觉开场的街景就是给看光追的（笑），老老实实用光追高+质量档了，画面较系列前作提升巨大。",推荐,3.4,33,42,本来不看好第一人称 78手感塑料画面稀烂 但9的第一人称进步太明显了 一三人称都适配的很好 路径追踪到底谁在开 帧生成20帧绷不住了 感觉开场的街景就是给看光追的 笑 老老实实用光追高 质量档了 画面较系列前作提升巨大,画面,正面
1753,1753,2026-02-27,"小女孩没死真的是太好了
",推荐,10.1,21,80,小女孩没死真的是太好了,剧情,正面
1754,1754,2026-02-27,"我在第一章的那个一楼和二楼转了3小时半，各种走微信步数，最后才发现门禁卡在那个断胳膊的手里？？？我晕血那个断胳膊走过去好几次都不想捡起来，服了，，，
还有那个血腥程度没主播模式，那么年龄能改不，我本来想写16岁又怕很多东西体验不到（比如万一有大胸妹之类的），后来写19岁，那爆浆的番茄酱泼了我一视网膜，要不你搞个色盲模式 血弄其他颜色也行啊。
晕血但爱玩，路痴但爱玩，我一直在想我解谜解不出来是我智商问题吗？我靠 我在内耗了
差评的原因不是因为游戏不好玩，是因为我吐槽这游戏的时候 直播间被封了  太气了卧槽，血腥都不会被封，吐槽游戏会封，有卡婊内线是吧",不推荐,3.7,26,35,我在第一章的那个一楼和二楼转了3小时半 各种走微信步数 最后才发现门禁卡在那个断胳膊的手里 我晕血那个断胳膊走过去好几次都不想捡起来 服了 还有那个血腥程度没主播模式 那么年龄能改不 我本来想写16岁又怕很多东西体验不到 比如万一有大胸妹之类的 后来写19岁 那爆浆的番茄酱泼了我一视网膜 要不你搞个色盲模式 血弄其他颜色也行啊 晕血但爱玩 路痴但爱玩 我一直在想我解谜解不出来是我智商问题吗 我靠 我在内耗了 差评的原因不是因为游戏不好玩 是因为我吐槽这游戏的时候 直播间被封了 太气了卧槽 血腥都不会被封 吐槽游戏会封 有卡婊内线是吧,画面,负面
1755,1755,2026-02-27,很好玩，里昂负责杀，格蕾莉负责怂,推荐,5.8,13,122,很好玩 里昂负责杀 格蕾莉负责怂,情怀,正面
1756,1756,2026-02-27,是这个味,推荐,4.7,36,95,是这个味,情怀,正面
1757,1757,2026-02-27,好玩，中配也很给力，格蕾丝都吓尿了哈哈哈,推荐,10.9,14,173,好玩 中配也很给力 格蕾丝都吓尿了哈哈哈,音效,正面
1758,1758,2026-02-27,好玩，我想一直用里昂-。-,推荐,6.5,5,114,好玩 我想一直用里昂,情怀,正面
1759,1759,2026-02-27,生化7+生化4RE 完全体，又怕又爽,推荐,13.9,8,117,生化7 生化4RE 完全体 又怕又爽,玩法,正面
1760,1760,2026-02-27,集大成之作，卡普空依旧伟大！,推荐,13.8,20,29,集大成之作 卡普空依旧伟大,情怀,正面
1761,1761,2026-02-27,格雷斯唯唯诺诺，里昂枪枪爆头,推荐,13.7,43,52,格雷斯唯唯诺诺 里昂枪枪爆头,情怀,正面
1762,1762,2026-02-27,里昂太帅了！！画面超级棒，卡普空再接再厉，赶紧把1、0端上来吧,推荐,1.7,31,40,里昂太帅了 画面超级棒 卡普空再接再厉 赶紧把1 0端上来吧,画面,正面
1763,1763,2026-02-27,好玩,推荐,10.9,22,181,好玩,玩法,正面
1764,1764,2026-02-27,好玩，我玩的很开心,推荐,3.7,34,193,好玩 我玩的很开心,玩法,正面
1765,1765,2026-02-27,玩了4个小时，崩溃闪退了两次。忍了，其他优化还可以吧，观感和玩法保持平均水平吧，比起往作没什么突破，算是卡婊平稳落地，里昂的脸感觉就是生4重制的脸加点皱纹，不是正常衰老肌肉松弛的感觉，但还是帅的，格蕾丝也美的，整体给个好评先。,推荐,9.1,43,102,玩了4个小时 崩溃闪退了两次 忍了 其他优化还可以吧 观感和玩法保持平均水平吧 比起往作没什么突破 算是卡婊平稳落地 里昂的脸感觉就是生4重制的脸加点皱纹 不是正常衰老肌肉松弛的感觉 但还是帅的 格蕾丝也美的 整体给个好评先,优化,正面
1766,1766,2026-02-27,GOOD  GAME,推荐,4.2,17,26,GOOD GAME,其他,正面
1767,1767,2026-02-27,希望下一部还能见到里昂,推荐,9.3,5,164,希望下一部还能见到里昂,情怀,正面
1768,1768,2026-02-27,"还是熟悉的味道，一贯良好的技术表现力和优化
游玩了前期，很惊艳，绝佳的视听体验，希望后面也可以保持

可能会有点缺乏新意，但是平稳落地，妥妥佳作，放心买
好玩，必须好评",推荐,6.9,8,117,还是熟悉的味道 一贯良好的技术表现力和优化 游玩了前期 很惊艳 绝佳的视听体验 希望后面也可以保持 可能会有点缺乏新意 但是平稳落地 妥妥佳作 放心买 好玩 必须好评,画面,正面
1769,1769,2026-02-27,不推荐没玩过任意一款前作的玩家购买,推荐,10.5,24,83,不推荐没玩过任意一款前作的玩家购买,情怀,正面
1770,1770,2026-02-27,感觉格丽斯篇比里昂好玩 太刺激了,推荐,10.8,35,94,感觉格丽斯篇比里昂好玩 太刺激了,玩法,正面
1771,1771,2026-02-27,原价买的，不喜欢也得喜欢。,推荐,6.7,28,187,原价买的 不喜欢也得喜欢,价格,正面
1772,1772,2026-02-27,非常棒！,推荐,4.4,34,143,非常棒,其他,正面
1773,1773,2026-02-27,优化很不错，随随便便开高画质也不卡，这里我要点名一款同样由卡普空制作的动作游戏,推荐,2.1,11,120,优化很不错 随随便便开高画质也不卡 这里我要点名一款同样由卡普空制作的动作游戏,优化,正面
1774,1774,2026-02-27,"今天一天都在惊吓和战斗爽中来回切换
（为什么我的游戏画面有一大堆的噪点有没有知道怎么解决的是不是因为英伟达驱动的问题？）",推荐,2.3,44,153,今天一天都在惊吓和战斗爽中来回切换 为什么我的游戏画面有一大堆的噪点有没有知道怎么解决的是不是因为英伟达驱动的问题,画面,正面
1775,1775,2026-02-27,8分，中规中矩的生化危机，没有生4r的那种震撼，但他就是好玩，就是上头，首发10h通关，恐怖和爽感都有，就是·好玩,推荐,10.2,40,199,8分 中规中矩的生化危机 没有生4r的那种震撼 但他就是好玩 就是上头 首发10h通关 恐怖和爽感都有 就是 好玩,玩法,正面
1776,1776,2026-02-27,"      看到舅舅党爆料那会期待就已经拉满了，re9是我26年最期待的游戏，卡普空这次没让人失望。
       这一作创新的地方可能不多，但他把老re所有的优点都整合了进去，给三十周年交出了一张几乎满分的答卷。有传统的生存恐怖环节，也有6代的突突突，还有前作数不清的彩蛋。唯一不好的一点就是女主线物资太多了，玩到后面子弹太多不吓人了。
        碎碎念   这两年这么多新游戏暴雷，开年能玩到re9真是太幸福了。",推荐,10.2,28,187,看到舅舅党爆料那会期待就已经拉满了 re9是我26年最期待的游戏 卡普空这次没让人失望 这一作创新的地方可能不多 但他把老re所有的优点都整合了进去 给三十周年交出了一张几乎满分的答卷 有传统的生存恐怖环节 也有6代的突突突 还有前作数不清的彩蛋 唯一不好的一点就是女主线物资太多了 玩到后面子弹太多不吓人了 碎碎念 这两年这么多新游戏暴雷 开年能玩到re9真是太幸福了,情怀,正面
1777,1777,2026-02-27,打到浣溪市了，真好玩，女主物资稀缺杀哪个怪都得斟酌玩着是真害怕，一切到三光框框杀爽死了，就是浣熊市太卡了,推荐,11.4,14,23,打到浣溪市了 真好玩 女主物资稀缺杀哪个怪都得斟酌玩着是真害怕 一切到三光框框杀爽死了 就是浣熊市太卡了,玩法,正面
1778,1778,2026-02-27,周期性的抽搐卡顿，CPU和GPU都没有吃满，就是每过一会就卡个十几秒，  别告诉我是D加密导致的,不推荐,3.0,24,183,周期性的抽搐卡顿 CPU和GPU都没有吃满 就是每过一会就卡个十几秒 别告诉我是D加密导致的,优化,负面
1779,1779,2026-02-27,就是这个味,推荐,5.7,39,48,就是这个味,情怀,正面
1780,1780,2026-02-27,好,推荐,12.4,6,115,好,其他,正面
1781,1781,2026-02-27,爽玩，不错,推荐,5.5,34,43,爽玩 不错,玩法,正面
1782,1782,2026-02-27,"回来吧里昂肯尼迪
我最骄傲的信仰
依稀记得警察局
还有暴揍萨德勒
今天暴揍维克多
生物武器全清除
😭😭😭😭😭",推荐,9.9,7,116,回来吧里昂肯尼迪 我最骄傲的信仰 依稀记得警察局 还有暴揍萨德勒 今天暴揍维克多 生物武器全清除,情怀,正面
1783,1783,2026-02-27,进不去游戏 一直报错 司马游戏,不推荐,4.8,10,69,进不去游戏 一直报错 司马游戏,优化,负面
1784,1784,2026-02-27,"喜欢
",推荐,12.9,39,48,喜欢,其他,正面
1785,1785,2026-02-27,"很不错，流程也不短，我这个时长才刚刚格蕾丝下到病院地下，应该只玩了一半不到，大概率通关15-18小时吧估计，网上很多人云亦云的真要自己玩了才清楚，毕竟从98年开始就玩生化2过来的，看着作品一代代进步主角一代代老去很有感触，当年玩的时候里昂我叫哥哥，玩到重置版2和4时候我要叫他弟弟，现在又回来叫哥哥了，很有意思，来自一个已经40岁的老生化玩家的感慨，岁月如歌，不知道有生之年还能不能玩到里昂和艾达的大结局咯，且玩且珍惜吧~
本人配置是4060，开的2k+dlss不开光追其他都拉高，很稳定在90帧以上，re引擎就应该搞室内搞生化这种箱庭，搞怪猎真的水土不服了有一说一，不过都是好玩的，继续加油吧capcom~",推荐,9.4,19,178,很不错 流程也不短 我这个时长才刚刚格蕾丝下到病院地下 应该只玩了一半不到 大概率通关15 18小时吧估计 网上很多人云亦云的真要自己玩了才清楚 毕竟从98年开始就玩生化2过来的 看着作品一代代进步主角一代代老去很有感触 当年玩的时候里昂我叫哥哥 玩到重置版2和4时候我要叫他弟弟 现在又回来叫哥哥了 很有意思 来自一个已经40岁的老生化玩家的感慨 岁月如歌 不知道有生之年还能不能玩到里昂和艾达的大结局咯 且玩且珍惜吧 本人配置是4060 开的2k dlss不开光追其他都拉高 很稳定在90帧以上 re引擎就应该搞室内搞生化这种箱庭 搞怪猎真的水土不服了有一说一 不过都是好玩的 继续加油吧capcom,情怀,正面
1786,1786,2026-02-27,伟大的作品，伟大的画质，伟大的恐怖氛围，不美丽的价格T T,推荐,3.6,11,170,伟大的作品 伟大的画质 伟大的恐怖氛围 不美丽的价格T T,画面,正面
1787,1787,2026-02-27,整体思路设计得像老版RE2，表关里关但是没RE2紧凑，看得出来卡普空只是求个稳，平稳落地应该是有了,推荐,12.3,30,89,整体思路设计得像老版RE2 表关里关但是没RE2紧凑 看得出来卡普空只是求个稳 平稳落地应该是有了,玩法,正面
1788,1788,2026-02-27,法拉利永远都是法拉利,推荐,7.0,38,97,法拉利永远都是法拉利,情怀,正面
1789,1789,2026-02-27,"作为一个从小学就开始被生化2重制版吸引到的玩家 初中时配到电脑的第一时间就是去网站上搞到了盗版的生化2玩 看别人攻略用最低难度都玩了七个小时真的挺佩服自己胆小 要上高中时看到生化4重制版也是继续用盗版玩 当时就已经被里昂的颜值和人格魅力深深惊艳到的我彻底地入坑了生化 重制版的234 新作8都通关了 前不久打折入的生化6也是和兄弟通关了里昂线 这次生化9犹豫不决最终还是花钱拿下了 也算是给曾经的自己补了张票吧  疗养院确实有点阴间了 我标准难度资源分配很严峻 甚至于在小妹破日月星密码时精打细算刚好剩下一颗子弹 前期的jumpscare确实吓到了我 但解密和地图很富有生化2的风格 绕来绕去的花费了很长时间 子弹一直都不够
不管怎样我都还是给了这个好评 因为只要有里昂的作品我觉得都是优秀的",推荐,8.1,9,68,作为一个从小学就开始被生化2重制版吸引到的玩家 初中时配到电脑的第一时间就是去网站上搞到了盗版的生化2玩 看别人攻略用最低难度都玩了七个小时真的挺佩服自己胆小 要上高中时看到生化4重制版也是继续用盗版玩 当时就已经被里昂的颜值和人格魅力深深惊艳到的我彻底地入坑了生化 重制版的234 新作8都通关了 前不久打折入的生化6也是和兄弟通关了里昂线 这次生化9犹豫不决最终还是花钱拿下了 也算是给曾经的自己补了张票吧 疗养院确实有点阴间了 我标准难度资源分配很严峻 甚至于在小妹破日月星密码时精打细算刚好剩下一颗子弹 前期的jumpscare确实吓到了我 但解密和地图很富有生化2的风格 绕来绕去的花费了很长时间 子弹一直都不够 不管怎样我都还是给了这个好评 因为只要有里昂的作品我觉得都是优秀的,情怀,正面
1790,1790,2026-02-27,好玩，但是分给到李三光，格蕾丝算是接了碍事梨的班，cmg烦得要死，除了啊啊啊啊啊就是啊啊啊啊啊啊，然后就是好怕好痛好恐怖好破碎，你踏马fbi就招这种脆弱比吗？文职也就算了，PTSD+玻璃心还派她出外勤？,推荐,7.5,13,172,好玩 但是分给到李三光 格蕾丝算是接了碍事梨的班 cmg烦得要死 除了啊啊啊啊啊就是啊啊啊啊啊啊 然后就是好怕好痛好恐怖好破碎 你踏马fbi就招这种脆弱比吗 文职也就算了 PTSD 玻璃心还派她出外勤,剧情,正面
1791,1791,2026-02-27,"有一种我刚入坑玩二代重置的错觉，是哪个恐怖生存的味道了
",推荐,5.8,5,164,有一种我刚入坑玩二代重置的错觉 是哪个恐怖生存的味道了,情怀,正面
1792,1792,2026-02-27,先惯例性给个好评,推荐,2.9,49,208,先惯例性给个好评,其他,正面
1793,1793,2026-02-27,好玩爱玩！,推荐,8.2,5,64,好玩爱玩,玩法,正面
1794,1794,2026-02-27,里昂线太爽了,推荐,4.8,14,173,里昂线太爽了,情怀,正面
1795,1795,2026-02-27,初到疗养院格蕾丝线刚找到保险丝（生9有点小恐怖啊），下一秒里昂线CG开始播片（但话又说回来）,推荐,1.6,18,177,初到疗养院格蕾丝线刚找到保险丝 生9有点小恐怖啊 下一秒里昂线CG开始播片 但话又说回来,剧情,正面
1796,1796,2026-02-27,"是个好游戏，但是目前BUG还是有点多（
比如在游戏第一遍加载的时候着色器直接炸了（害的我以为我电脑吃炫迈了，全炫光）
还有就是为什么没全屏之类的小毛病（鼠标灵敏度点名一下，这个我忍不了，还得自己调鼠标DPI的）
希望后面能修复一下",推荐,7.8,12,21,是个好游戏 但是目前BUG还是有点多 比如在游戏第一遍加载的时候着色器直接炸了 害的我以为我电脑吃炫迈了 全炫光 还有就是为什么没全屏之类的小毛病 鼠标灵敏度点名一下 这个我忍不了 还得自己调鼠标DPI的 希望后面能修复一下,优化,正面
1797,1797,2026-02-27,格蕾丝地下部分周围太黑了，只有手电筒，追逐戏极度紧张刺激 一转头怪在我面前，我心脏直接不行了差点交代在电脑桌前,推荐,12.9,15,124,格蕾丝地下部分周围太黑了 只有手电筒 追逐戏极度紧张刺激 一转头怪在我面前 我心脏直接不行了差点交代在电脑桌前,音效,正面
1798,1798,2026-02-27,玩的我心悸,推荐,7.5,14,23,玩的我心悸,其他,正面
1799,1799,2026-02-27,牛皮,推荐,12.3,13,22,牛皮,其他,正面
1800,1800,2026-02-27,新瓶装旧酒,推荐,10.1,20,179,新瓶装旧酒,情怀,正面
1801,1801,2026-02-27,游戏很好玩 情怀也很加分 就是可惜没有艾达王,推荐,10.6,1,10,游戏很好玩 情怀也很加分 就是可惜没有艾达王,情怀,正面
1802,1802,2026-02-27,可以,推荐,16.4,39,48,可以,其他,正面
1803,1803,2026-02-27,已通关，我的评价是（2+7）+（4+8）=9,推荐,10.5,27,36,已通关 我的评价是 2 7 4 8 9,其他,正面
1804,1804,2026-02-27,这一代虽说被有些关卡设计恶心到了，不过总的来说女主篇的恐怖程度可以给到顶级，里昂篇我打的更是爽的不行，夯爆了,推荐,8.8,13,22,这一代虽说被有些关卡设计恶心到了 不过总的来说女主篇的恐怖程度可以给到顶级 里昂篇我打的更是爽的不行 夯爆了,玩法,正面
1805,1805,2026-02-27,好,推荐,6.6,4,163,好,其他,正面
1806,1806,2026-02-27,好玩，格蕾丝玩起来挺恐怖的，生化7我不敢玩，这作玩得紧张刺激，里昂的操作手感比4re还爽，感觉丧尸都不够杀啊。,推荐,7.6,31,140,好玩 格蕾丝玩起来挺恐怖的 生化7我不敢玩 这作玩得紧张刺激 里昂的操作手感比4re还爽 感觉丧尸都不够杀啊,玩法,正面
1807,1807,2026-02-27,卡婊该死啊，妈的，我买游戏就是爽，你这破单机加个鸡毛的反作弊啊，你说怪物猎人也就算了。这个纯单人的都加反作弊，是不是也想卖像生化危机4无限弹药啊？！是不是怕大家拿无限弹药打快了，发现内容太少了啊！！！！我就想休息的时候拿枪一顿杀，焯了。吃相太难看了！,不推荐,7.2,16,25,卡婊该死啊 妈的 我买游戏就是爽 你这破单机加个鸡毛的反作弊啊 你说怪物猎人也就算了 这个纯单人的都加反作弊 是不是也想卖像生化危机4无限弹药啊 是不是怕大家拿无限弹药打快了 发现内容太少了啊 我就想休息的时候拿枪一顿杀 焯了 吃相太难看了,玩法,负面
1808,1808,2026-02-27,结合了新生化2代解密+7代恐怖氛围以及4代里昂枪枪爆头和体术处决的爽感，初见6个小时已经上瘾，绝对的佳作,推荐,6.9,25,184,结合了新生化2代解密 7代恐怖氛围以及4代里昂枪枪爆头和体术处决的爽感 初见6个小时已经上瘾 绝对的佳作,玩法,正面
1809,1809,2026-02-27,维克多抓住里昂撩他头发的时候真的太暧昧了,推荐,12.3,5,164,维克多抓住里昂撩他头发的时候真的太暧昧了,剧情,正面
1810,1810,2026-02-27,好得很,推荐,14.8,30,89,好得很,其他,正面
1811,1811,2026-02-27,Grace线有生7/8的感觉，Leon线就是r生4的爽感和犀利的吐槽，综合目前情况评价为超大杯,推荐,7.2,8,67,Grace线有生7 8的感觉 Leon线就是r生4的爽感和犀利的吐槽 综合目前情况评价为超大杯,情怀,正面
1812,1812,2026-02-27,已严肃通关，该恐怖的地方恐怖，该爽的地方爽，三光偷偷开魔人的次数有点多了。,推荐,9.8,32,141,已严肃通关 该恐怖的地方恐怖 该爽的地方爽 三光偷偷开魔人的次数有点多了,玩法,正面
1813,1813,2026-02-27,好吃,推荐,5.8,48,207,好吃,其他,正面
1814,1814,2026-02-27,游戏还没玩完，忍不住先给个好评！我只能说太tm好玩了，还等什么赶紧冲！绝对物超所值啦。,推荐,9.3,36,195,游戏还没玩完 忍不住先给个好评 我只能说太tm好玩了 还等什么赶紧冲 绝对物超所值啦,玩法,正面
1815,1815,2026-02-27,突然觉得里昂和格蕾丝还是直接分篇吧，目前刚开始疗养院洋馆式探索地图不熟就开始一直坐牢了，手残选了有墨带的模式，然后本来没耐心潜行结果反复坐牢现在更没耐心了 心思都在里昂战斗那里去了,推荐,8.1,6,165,突然觉得里昂和格蕾丝还是直接分篇吧 目前刚开始疗养院洋馆式探索地图不熟就开始一直坐牢了 手残选了有墨带的模式 然后本来没耐心潜行结果反复坐牢现在更没耐心了 心思都在里昂战斗那里去了,玩法,正面
1816,1816,2026-02-27,好,推荐,9.9,28,37,好,其他,正面
1817,1817,2026-02-27,怎么从头到尾女主就给我十来发左轮子弹,推荐,12.4,50,109,怎么从头到尾女主就给我十来发左轮子弹,玩法,正面
1818,1818,2026-02-27,从土星第一次玩生化1，我就是生化忠实粉必须每作都玩。,推荐,4.1,22,81,从土星第一次玩生化1 我就是生化忠实粉必须每作都玩,情怀,正面
1819,1819,2026-02-27,"非常棒
",推荐,3.3,19,178,非常棒,其他,正面
1820,1820,2026-02-27,"满分💯，还是熟悉的配方，熟悉的味道。

社区论坛有说中配效果不如意的，就选择了英配，体验下来极佳，格蕾丝的颤音都配出来了，给声优点个赞👍，觉得中配不行的可以试试英配。其次，我看评论区里有玩家在吐槽ps手柄，我用的Xbox手柄目前没遇到任何问题，非ds手柄用户放心食用。

熟悉了这类游戏的套路耐吓阈值也提高了，普通场景吓不到我，反倒是被格蕾丝一举一动都一惊一乍的反应给吓到了。
格蕾丝里昂双线切换，可怂可爽，两种体验感，买到就是赚到。

最后，最重要的一点，请大家多多支持这款由我本色出演的游戏😎😎😎",推荐,1.2,2,111,满分 还是熟悉的配方 熟悉的味道 社区论坛有说中配效果不如意的 就选择了英配 体验下来极佳 格蕾丝的颤音都配出来了 给声优点个赞 觉得中配不行的可以试试英配 其次 我看评论区里有玩家在吐槽ps手柄 我用的Xbox手柄目前没遇到任何问题 非ds手柄用户放心食用 熟悉了这类游戏的套路耐吓阈值也提高了 普通场景吓不到我 反倒是被格蕾丝一举一动都一惊一乍的反应给吓到了 格蕾丝里昂双线切换 可怂可爽 两种体验感 买到就是赚到 最后 最重要的一点 请大家多多支持这款由我本色出演的游戏,音效,正面
1821,1821,2026-02-27,"[h2] 男神来了！[/h2]

除开重制版，自生化6后时隔近13年，里昂终于在续作中以可操作角色再次登场，冲这个就必须支持一波。",推荐,3.9,8,167,h2 男神来了 h2 除开重制版 自生化6后时隔近13年 里昂终于在续作中以可操作角色再次登场 冲这个就必须支持一波,情怀,正面
1822,1822,2026-02-27,所谓的卡普空IP双子星，有的IP最新作是安魂曲，有的IP最新作是荒野，夸脏哦。,推荐,11.1,45,104,所谓的卡普空IP双子星 有的IP最新作是安魂曲 有的IP最新作是荒野 夸脏哦,情怀,正面
1823,1823,2026-02-27,等了这么久总算是玩儿上了，总体很不错，偶尔掉帧，最高特效加高级光追的享受谁懂。我还在疗养院逛圈子，谁能救救我。。。。T_T,推荐,3.1,26,185,等了这么久总算是玩儿上了 总体很不错 偶尔掉帧 最高特效加高级光追的享受谁懂 我还在疗养院逛圈子 谁能救救我 T T,画面,正面
1824,1824,2026-02-27,开头还不错，很有氛围，听说后面烂了，就先不管了。不推荐入豪华版，因为女主的衣服好看，不过推荐第一人称玩，基本看不到，男主的几件挺一般的。,推荐,3.7,13,72,开头还不错 很有氛围 听说后面烂了 就先不管了 不推荐入豪华版 因为女主的衣服好看 不过推荐第一人称玩 基本看不到 男主的几件挺一般的,剧情,正面
1825,1825,2026-02-27,"很棒
",推荐,9.9,20,179,很棒,其他,正面
1826,1826,2026-02-27,没得说这是真好玩，疗养院这一段我感觉甚至比2警察局还要好玩一些,推荐,5.9,6,165,没得说这是真好玩 疗养院这一段我感觉甚至比2警察局还要好玩一些,玩法,正面
1827,1827,2026-02-27,有里昂的生化危机就是好生化危机，而且代代给里昂配个女主角哈哈哈,推荐,3.6,37,196,有里昂的生化危机就是好生化危机 而且代代给里昂配个女主角哈哈哈,情怀,正面
1828,1828,2026-02-27,好玩。，年纪大了，就是太吓人了， 想找修改器了,推荐,8.4,30,89,好玩 年纪大了 就是太吓人了 想找修改器了,玩法,正面
1829,1829,2026-02-27,实在是太好玩了，融合了生化危机历代的玩法,推荐,13.7,5,164,实在是太好玩了 融合了生化危机历代的玩法,玩法,正面
1830,1830,2026-02-27,指引模糊不说，到处都是进不去的门、箱子、门禁卡.......体验太不合理，拿玩家当狗遛呢...,不推荐,12.3,16,25,指引模糊不说 到处都是进不去的门 箱子 门禁卡 体验太不合理 拿玩家当狗遛呢,玩法,负面
1831,1831,2026-02-27,打完女主线玩里昂线不笑的可以去查查有没有抑郁症了,推荐,12.0,2,11,打完女主线玩里昂线不笑的可以去查查有没有抑郁症了,剧情,正面
1832,1832,2026-02-27,好玩。爱玩。,推荐,3.6,46,105,好玩 爱玩,玩法,正面
1833,1833,2026-02-27,RE2和RE4的结合 兼顾了爽感与传统的老生化危机味儿 不得不品的上乘佳作,推荐,8.7,12,71,RE2和RE4的结合 兼顾了爽感与传统的老生化危机味儿 不得不品的上乘佳作,情怀,正面
1834,1834,2026-02-27,不错~~,推荐,12.4,50,209,不错,其他,正面
1835,1835,2026-02-27,好爽。一枪头再接F，里昂体术代替大脑。,推荐,10.4,42,51,好爽 一枪头再接F 里昂体术代替大脑,玩法,正面
1836,1836,2026-02-27, 优化烂完了，各种闪退崩溃，好了坏坏了好，什么招都使了就是不管用，烂完了,不推荐,11.3,21,30,优化烂完了 各种闪退崩溃 好了坏坏了好 什么招都使了就是不管用 烂完了,优化,负面
1837,1837,2026-02-27,好玩！除了某些场景偶尔有点掉帧！好评！,推荐,4.9,40,149,好玩 除了某些场景偶尔有点掉帧 好评,优化,正面
1838,1838,2026-02-27,残血找路纯折磨,不推荐,7.6,23,82,残血找路纯折磨,玩法,负面
1839,1839,2026-02-27,"格蕾丝刚到中庭，玩的非常刺激非常爽，至少是佳作水准
",推荐,8.3,40,149,格蕾丝刚到中庭 玩的非常刺激非常爽 至少是佳作水准,玩法,正面
1840,1840,2026-02-27,是那一枚纯粹的味道,推荐,7.2,25,184,是那一枚纯粹的味道,情怀,正面
1841,1841,2026-02-27,好玩,推荐,7.8,17,76,好玩,玩法,正面
1842,1842,2026-02-27,在生化危机30周年之际推出的这部作品，质量和诚意满满，作为我第一次预购的游戏，我觉得可以算得上是非常愉快的一次消费，买了我预计未来几个月的快乐。,推荐,12.7,29,138,在生化危机30周年之际推出的这部作品 质量和诚意满满 作为我第一次预购的游戏 我觉得可以算得上是非常愉快的一次消费 买了我预计未来几个月的快乐,情怀,正面
1843,1843,2026-02-27,太好玩了！！！！！！！,推荐,10.6,40,99,太好玩了,玩法,正面
1844,1844,2026-02-27,太好玩了，尤其里昂，爽翻天了,推荐,4.3,48,157,太好玩了 尤其里昂 爽翻天了,情怀,正面
1845,1845,2026-02-27,三光！！！！！看我体术哈撒给！！！,推荐,3.8,23,82,三光 看我体术哈撒给,情怀,正面
1846,1846,2026-02-27,"如果你是RE2;RE3;RE7没用奖励武器通关的玩家看一下
今天一下班回来直接玩到11点，我本身游戏类型玩得很杂，接受度也高，RE每一代我都特别喜欢。
很多新玩家可能是从生化危机4入坑的，玩2、3代重制版时用奖励武器通关，就会吐槽格蕾丝机动性慢、资源少、解谜复杂、地图绕，但这些点我反而特别吃。
 
在等生化危机9这段时间，我又把生化危机2重制版翻出来玩了一遍，全程没用奖励武器，那种压迫感、逃出生天的快感，真的只有生化2，3，7才有那味儿。
新玩家可能不适应，但只要是真心喜欢生化2的，这作绝对不会让你失望。双主角双线剧情，一个偏动作射击，一个偏生存恐怖，这个设计我觉得已经非常棒了。
 
唯一小遗憾是首发对DS5手柄优化一般，我玩美末2本来专门用手柄，但生化这种游戏还是键鼠更舒服，所以这点我没扣分。
整体依旧神中神，生存恐怖味太正了。",推荐,6.4,47,106,如果你是RE2 RE3 RE7没用奖励武器通关的玩家看一下 今天一下班回来直接玩到11点 我本身游戏类型玩得很杂 接受度也高 RE每一代我都特别喜欢 很多新玩家可能是从生化危机4入坑的 玩2 3代重制版时用奖励武器通关 就会吐槽格蕾丝机动性慢 资源少 解谜复杂 地图绕 但这些点我反而特别吃 在等生化危机9这段时间 我又把生化危机2重制版翻出来玩了一遍 全程没用奖励武器 那种压迫感 逃出生天的快感 真的只有生化2 3 7才有那味儿 新玩家可能不适应 但只要是真心喜欢生化2的 这作绝对不会让你失望 双主角双线剧情 一个偏动作射击 一个偏生存恐怖 这个设计我觉得已经非常棒了 唯一小遗憾是首发对DS5手柄优化一般 我玩美末2本来专门用手柄 但生化这种游戏还是键鼠更舒服 所以这点我没扣分 整体依旧神中神 生存恐怖味太正了,情怀,正面
1847,1847,2026-02-27,推到了浣熊市，目前体验还是非常不错的，特别是画质明显更好了，格蕾丝这故事太霉了什么都做不到,推荐,9.2,8,117,推到了浣熊市 目前体验还是非常不错的 特别是画质明显更好了 格蕾丝这故事太霉了什么都做不到,画面,正面
1848,1848,2026-02-27,期待了好久结果游戏都进不去 什么方法都试了,不推荐,0.1,1,10,期待了好久结果游戏都进不去 什么方法都试了,优化,负面
1849,1849,2026-02-27,夯爆了 为了里昂我愿意变成给,推荐,7.3,18,177,夯爆了 为了里昂我愿意变成给,情怀,正面
1850,1850,2026-02-27,生化迷强烈推荐游玩！！,推荐,9.2,36,145,生化迷强烈推荐游玩,情怀,正面
1851,1851,2026-02-27,好,推荐,7.0,8,117,好,其他,正面
1852,1852,2026-02-27,好玩，玩法有二代有四代，创新又有原本的味道,推荐,10.5,1,60,好玩 玩法有二代有四代 创新又有原本的味道,玩法,正面
1853,1853,2026-02-27,"少年十五二十时，步行夺得胡马骑。
射杀山中白额虎，肯数邺下黄须儿。
一身转战三千里，一剑曾当百万师。
汉兵奋迅如霹雳，虏骑奔腾畏蒺藜。
卫青不败由天幸，李广无功缘数奇。
自从弃置便衰朽，世事蹉跎成白首。
昔时飞箭无全目，今日垂杨生左肘。
路傍时卖故侯瓜，门前学种先生柳。
苍茫古木连穷巷，寥落寒山对虚牖。
誓令疏勒出飞泉，不似颍川空使酒。
贺兰山下阵如云，羽檄交驰日夕闻。
节使三河募年少，诏书五道出将军。
试拂铁衣如雪色，聊持宝剑动星文。
愿得燕弓射天将，耻令越甲鸣吾君。
莫嫌旧日云中守，犹堪一战取功勋。",推荐,10.9,35,144,少年十五二十时 步行夺得胡马骑 射杀山中白额虎 肯数邺下黄须儿 一身转战三千里 一剑曾当百万师 汉兵奋迅如霹雳 虏骑奔腾畏蒺藜 卫青不败由天幸 李广无功缘数奇 自从弃置便衰朽 世事蹉跎成白首 昔时飞箭无全目 今日垂杨生左肘 路傍时卖故侯瓜 门前学种先生柳 苍茫古木连穷巷 寥落寒山对虚牖 誓令疏勒出飞泉 不似颍川空使酒 贺兰山下阵如云 羽檄交驰日夕闻 节使三河募年少 诏书五道出将军 试拂铁衣如雪色 聊持宝剑动星文 愿得燕弓射天将 耻令越甲鸣吾君 莫嫌旧日云中守 犹堪一战取功勋,其他,正面
1854,1854,2026-02-27,涅玛的，好久没有被这么吓过了,推荐,3.8,45,154,涅玛的 好久没有被这么吓过了,音效,正面
1855,1855,2026-02-27,"里昂真帅、格蕾丝很美。
b(￣▽￣)d",推荐,2.7,19,178,里昂真帅 格蕾丝很美 b d,情怀,正面
1856,1856,2026-02-27,好玩，希望赶紧出dlc,推荐,7.2,14,23,好玩 希望赶紧出dlc,玩法,正面
1857,1857,2026-02-27,玩爽了,推荐,3.2,2,161,玩爽了,玩法,正面
1858,1858,2026-02-27,最值的一次预购，剧情俗套了点，解密差了点，但是战斗爽！老昂头抡起斧子那一刻我滑了。,推荐,14.3,26,185,最值的一次预购 剧情俗套了点 解密差了点 但是战斗爽 老昂头抡起斧子那一刻我滑了,玩法,正面
1859,1859,2026-02-27,优化非常好  浣熊市音效很有怀念感 赞赞赞,推荐,2.9,17,126,优化非常好 浣熊市音效很有怀念感 赞赞赞,音效,正面
1860,1860,2026-02-27,实在是太强了已经说不出任何可以表达这部作品的言语了，10星好评,推荐,7.0,16,175,实在是太强了已经说不出任何可以表达这部作品的言语了 10星好评,情怀,正面
1861,1861,2026-02-27,太好玩了，我爱生化危机,推荐,3.8,32,141,太好玩了 我爱生化危机,情怀,正面
1862,1862,2026-02-27,毋庸置疑目前生化系列最强代表作，最喜欢的唯一游戏男主里昂帅惨,推荐,15.8,29,38,毋庸置疑目前生化系列最强代表作 最喜欢的唯一游戏男主里昂帅惨,情怀,正面
1863,1863,2026-02-27,还不错，融合了23代的密室解密和4代的战斗爽。,推荐,5.8,35,44,还不错 融合了23代的密室解密和4代的战斗爽,玩法,正面
1864,1864,2026-02-27,没的说，品质非常高的一部正传，引擎、画面优化牛逼，不吃硬件，没有让生化粉丝们失望！强烈推荐！,推荐,5.4,18,77,没的说 品质非常高的一部正传 引擎 画面优化牛逼 不吃硬件 没有让生化粉丝们失望 强烈推荐,画面,正面
1865,1865,2026-02-27,生化圈传来噩耗，刚背兽打药增肌，魔丸萎缩，奄奄一息，靠着红蓝草药勉强续命，王阿姨签完保险合同连夜跑路。三光增肌有多快，科技扎一年，顶克里斯自然练五年，几十剂病毒掺着打，两针普拉卡寄生虫刺入胸肌，像电池鼓包毒血攻心。T病毒吞噬腺体，千倍睾酮开挂增肌。响尾蛇+G病毒拉爆小臂血管，魔丸干瘪大罢工。稳扎稳打，剑指生化9拿下最受欢迎选手。,推荐,10.5,16,175,生化圈传来噩耗 刚背兽打药增肌 魔丸萎缩 奄奄一息 靠着红蓝草药勉强续命 王阿姨签完保险合同连夜跑路 三光增肌有多快 科技扎一年 顶克里斯自然练五年 几十剂病毒掺着打 两针普拉卡寄生虫刺入胸肌 像电池鼓包毒血攻心 T病毒吞噬腺体 千倍睾酮开挂增肌 响尾蛇 G病毒拉爆小臂血管 魔丸干瘪大罢工 稳扎稳打 剑指生化9拿下最受欢迎选手,情怀,正面
1866,1866,2026-02-27,伟大，无需多言,推荐,6.5,22,181,伟大 无需多言,情怀,正面
1867,1867,2026-02-27,多少男人也拜倒在Lion的old jeans之下想给他当狗,推荐,11.5,9,68,多少男人也拜倒在Lion的old jeans之下想给他当狗,情怀,正面
1868,1868,2026-02-27,感觉是生化危机2 + 生化危机4的缝合，有点怀旧，有点恐怖，有点爽快,推荐,2.9,48,107,感觉是生化危机2 生化危机4的缝合 有点怀旧 有点恐怖 有点爽快,情怀,正面
1869,1869,2026-02-27,牛逼,推荐,8.8,31,40,牛逼,其他,正面
1870,1870,2026-02-27,压抑了2小时的格蕾丝流程，只给我玩20分钟里昂宣泄？你妈死了卡普空,不推荐,5.2,18,127,压抑了2小时的格蕾丝流程 只给我玩20分钟里昂宣泄 你妈死了卡普空,玩法,负面
1871,1871,2026-02-27,好玩，跟看电影一样，画质较前作提升的不是一星半点,推荐,6.0,49,58,好玩 跟看电影一样 画质较前作提升的不是一星半点,画面,正面
1872,1872,2026-02-27,豆腐,推荐,15.8,6,165,豆腐,情怀,正面
1873,1873,2026-02-27,好玩，就是太贵了,推荐,11.1,26,85,好玩 就是太贵了,价格,正面
1874,1874,2026-02-27,好,推荐,12.8,16,175,好,其他,正面
1875,1875,2026-02-27,不支持dse手柄有点可惜。不过玩了4h感觉可以给个好评,推荐,4.4,49,208,不支持dse手柄有点可惜 不过玩了4h感觉可以给个好评,玩法,正面
1876,1876,2026-02-27,好玩,推荐,10.9,24,183,好玩,玩法,正面
1877,1877,2026-02-27,我是键鼠玩家刚举枪手感就发现不对劲了，刚开始以为是适配手柄不适配键鼠进设置想调一下镜头速度结果没找到这一代设置也不一样，有没有人指路怎么调，我要去steam刷差评给官方看留意一下优化什么时候优化好了什么时候改回来可恶啊明明生四射击手感做那么好的,不推荐,3.6,14,123,我是键鼠玩家刚举枪手感就发现不对劲了 刚开始以为是适配手柄不适配键鼠进设置想调一下镜头速度结果没找到这一代设置也不一样 有没有人指路怎么调 我要去steam刷差评给官方看留意一下优化什么时候优化好了什么时候改回来可恶啊明明生四射击手感做那么好的,玩法,负面
1878,1878,2026-02-27,挺好玩的，就是格蕾丝那还是格子危机,推荐,6.8,19,28,挺好玩的 就是格蕾丝那还是格子危机,玩法,正面
1879,1879,2026-02-27,格蕾丝好可爱好可爱有没有懂的,推荐,11.0,36,45,格蕾丝好可爱好可爱有没有懂的,其他,正面
1880,1880,2026-02-27,好玩,推荐,4.5,50,109,好玩,玩法,正面
1881,1881,2026-02-27,你里昂哥老了也是法拉利,推荐,11.5,2,61,你里昂哥老了也是法拉利,情怀,正面
1882,1882,2026-02-27,《支持您的Dualsense控制器》,不推荐,6.2,38,147,支持您的Dualsense控制器,其他,负面
1883,1883,2026-02-27,"对我而言这部仅次于RE4,不算非常恐怖也不能说不恐怖，机动性方面里昂玩的十分爽，解密难度也不大",推荐,14.7,19,28,对我而言这部仅次于RE4 不算非常恐怖也不能说不恐怖 机动性方面里昂玩的十分爽 解密难度也不大,玩法,正面
1884,1884,2026-02-27,好玩,推荐,8.2,41,50,好玩,玩法,正面
1885,1885,2026-02-27,玩格蕾丝我唯唯诺诺，玩里昂我重拳出击,推荐,3.4,21,30,玩格蕾丝我唯唯诺诺 玩里昂我重拳出击,情怀,正面
1886,1886,2026-02-27,我做了一个梦，梦见里昂重返raccoon city，警长和同事热情地欢迎他，横幅上写着欢迎菜鸟里昂。还准备有趣的小游戏让他更快地认识新同事，完成之后会得到奖励，不再是一把枪一个草药或者一枚子弹，而是一块蛋糕或者一个纪念品，因为这个世界没有僵尸，有的只是只是充满爱和和平的朋友和家人[流泪][流泪][流泪],推荐,4.1,42,201,我做了一个梦 梦见里昂重返raccoon city 警长和同事热情地欢迎他 横幅上写着欢迎菜鸟里昂 还准备有趣的小游戏让他更快地认识新同事 完成之后会得到奖励 不再是一把枪一个草药或者一枚子弹 而是一块蛋糕或者一个纪念品 因为这个世界没有僵尸 有的只是只是充满爱和和平的朋友和家人 流泪 流泪 流泪,情怀,正面
1887,1887,2026-02-27,不赖,推荐,4.1,6,115,不赖,其他,正面
1888,1888,2026-02-27,女主蠢猪来的，就只会嗷嗷乱叫，恐怖氛围全是靠女主叫唤。限制子弹限制光源跳脸解密，没点新东西。,不推荐,1.0,29,138,女主蠢猪来的 就只会嗷嗷乱叫 恐怖氛围全是靠女主叫唤 限制子弹限制光源跳脸解密 没点新东西,玩法,负面
1889,1889,2026-02-27,嘻嘻....🥵里昂....🥵嘻嘻...🥵,推荐,3.4,11,120,嘻嘻 里昂 嘻嘻,情怀,正面
1890,1890,2026-02-27,"[h2] 这是一封情书 [/h2]
我第一次知道《生化危机》，是在2017年的寒假。
那时在B站刷到C菌的实况视频，生化危机7。
像是一扇门忽然被推开——诡谲，阴影，癫狂，压抑的氛围，还有那种在恐惧中前行的爱与孤独。

你知道那种感觉吗？
不是简单的“喜欢”，更像一见钟情。
从屏幕那一端伸出的，是另一个世界，而我毫无抵抗地走了进去。

之后的每一部作品，我几乎都是先在B站看完实况，再去找资源亲自去游玩。
仿佛先远远观望，再跑过去假装偶遇。
当我还是个拮据的大学生，第一次真正接触单机游戏，是在2020年。
囊中羞涩，只能玩盗版。
但热爱是真实的。

后来慢慢有了收入，也开始一部一部补上正版。
像是为曾经的热烈补票，也为青春的一段执念买单。

如今，《生化危机》走到了第九部。
三十年的IP沉淀，是一代又一代人的记忆回响。
而对我来说，它是近十年的陪伴——
从少年到成年，从懵懂到自知。

这一次，我想郑重地与你“见面”。
不再隔着实况与弹幕，而是亲手推开那扇熟悉又陌生的门。
想与你在黑暗中并肩，想与你在枪声中呼吸相闻。

游戏没有辜负我的爱。
它像一封写给老玩家的长信，回顾过往，也指向未来。

三十年的传奇，是它的历史；
近十年的热爱，是我的青春。

在病毒与废墟之间，我看见的从来不只是怪物——
还有时间，还有成长，还有自己。",推荐,12.0,35,194,h2 这是一封情书 h2 我第一次知道 生化危机 是在2017年的寒假 那时在B站刷到C菌的实况视频 生化危机7 像是一扇门忽然被推开 诡谲 阴影 癫狂 压抑的氛围 还有那种在恐惧中前行的爱与孤独 你知道那种感觉吗 不是简单的 喜欢 更像一见钟情 从屏幕那一端伸出的 是另一个世界 而我毫无抵抗地走了进去 之后的每一部作品 我几乎都是先在B站看完实况 再去找资源亲自去游玩 仿佛先远远观望 再跑过去假装偶遇 当我还是个拮据的大学生 第一次真正接触单机游戏 是在2020年 囊中羞涩 只能玩盗版 但热爱是真实的 后来慢慢有了收入 也开始一部一部补上正版 像是为曾经的热烈补票 也为青春的一段执念买单 如今 生化危机 走到了第九部 三十年的IP沉淀 是一代又一代人的记忆回响 而对我来说 它是近十年的陪伴 从少年到成年 从懵懂到自知 这一次 我想郑重地与你 见面 不再隔着实况与弹幕 而是亲手推开那扇熟悉又陌生的门 想与你在黑暗中并肩 想与你在枪声中呼吸相闻 游戏没有辜负我的爱 它像一封写给老玩家的长信 回顾过往 也指向未来 三十年的传奇 是它的历史 近十年的热爱 是我的青春 在病毒与废墟之间 我看见的从来不只是怪物 还有时间 还有成长 还有自己,情怀,正面
1891,1891,2026-02-27,劈爆养老院,推荐,8.3,23,132,劈爆养老院,情怀,正面
1892,1892,2026-02-27,不错的游戏,推荐,3.0,46,205,不错的游戏,其他,正面
1893,1893,2026-02-27,反作弊太恶心了脚本一用就闪退,不推荐,8.9,19,178,反作弊太恶心了脚本一用就闪退,优化,负面
1894,1894,2026-02-27,我需要DS适配,不推荐,4.4,14,123,我需要DS适配,其他,负面
1895,1895,2026-02-27,体验感最好的一部生化，对于刚入坑生化的新人及其推荐，格蕾丝体验像是生7和生2的结合，里昂更像6和4的结合，总体体验感非常好。恐怖氛围拉满，流程也不是很长，短小精悍了,推荐,13.9,18,127,体验感最好的一部生化 对于刚入坑生化的新人及其推荐 格蕾丝体验像是生7和生2的结合 里昂更像6和4的结合 总体体验感非常好 恐怖氛围拉满 流程也不是很长 短小精悍了,玩法,正面
1896,1896,2026-02-27,好玩，爱玩，战斗部分很爽，就是解谜太简单了。所以卡普空能不能每年都出一部生化新作，我很需要,推荐,18.1,10,69,好玩 爱玩 战斗部分很爽 就是解谜太简单了 所以卡普空能不能每年都出一部生化新作 我很需要,玩法,正面
1897,1897,2026-02-27,太好玩啦！好喜欢,推荐,7.6,30,89,太好玩啦 好喜欢,玩法,正面
1898,1898,2026-02-27,把这啥软女主的关卡换了得了，纯ex人来的，不如里昂关卡一根毛,推荐,3.5,17,176,把这啥软女主的关卡换了得了 纯ex人来的 不如里昂关卡一根毛,剧情,正面
1899,1899,2026-02-27,这一代过场动画音画不同步的问题相当严重，我几乎没有正常的看完一场cg，非常影响游玩体验,推荐,9.8,20,129,这一代过场动画音画不同步的问题相当严重 我几乎没有正常的看完一场cg 非常影响游玩体验,优化,正面
1900,1900,2026-02-27,很美味的一部生化危机，既有2re的解密强度，也有4re的战斗爽，还有大地图，半自由探索，就是这个找保险丝和找阀门可不可以改一改，哪怕加一点创新在里面，20年了还在找保险丝和螺丝刀。,推荐,11.1,23,32,很美味的一部生化危机 既有2re的解密强度 也有4re的战斗爽 还有大地图 半自由探索 就是这个找保险丝和找阀门可不可以改一改 哪怕加一点创新在里面 20年了还在找保险丝和螺丝刀,玩法,正面
1901,1901,2026-02-27,好玩,推荐,8.6,18,27,好玩,玩法,正面
1902,1902,2026-02-27,"建议把格蕾丝的戏份全放在cg里，我抬手就是一个跳过。
格蕾丝篇玩滴难受，卡普空真的不是来黑佛波勒的吗",不推荐,2.3,22,181,建议把格蕾丝的戏份全放在cg里 我抬手就是一个跳过 格蕾丝篇玩滴难受 卡普空真的不是来黑佛波勒的吗,剧情,负面
1903,1903,2026-02-27,好玩,推荐,12.3,4,13,好玩,玩法,正面
1904,1904,2026-02-27,"作为从老版一路玩过来的生化老粉，这一作真的没让人失望。恐怖氛围和战斗手感平衡得特别好，既有 7 那种压抑窒息的生存恐惧，又有里昂线爽快的射击与动作感，双线叙事玩起来节奏很抓人。
画面和场景设计依旧是卡普空顶级水平，氛围营造拉满，有些地方吓得我好几次不敢往前走。解谜、探索、资源管理都很有内味儿，流程长度也足够扎实。
虽然首发优化有点小毛病，但整体体验完全对得起 “生化危机” 这块招牌。剧情有情怀有惊喜，结局也足够有分量。
值得一玩。推荐入手！",推荐,7.3,30,189,作为从老版一路玩过来的生化老粉 这一作真的没让人失望 恐怖氛围和战斗手感平衡得特别好 既有 7 那种压抑窒息的生存恐惧 又有里昂线爽快的射击与动作感 双线叙事玩起来节奏很抓人 画面和场景设计依旧是卡普空顶级水平 氛围营造拉满 有些地方吓得我好几次不敢往前走 解谜 探索 资源管理都很有内味儿 流程长度也足够扎实 虽然首发优化有点小毛病 但整体体验完全对得起 生化危机 这块招牌 剧情有情怀有惊喜 结局也足够有分量 值得一玩 推荐入手,情怀,正面
1905,1905,2026-02-27,好玩，就是在地下的时候太压抑了 玩女主的时候注意格子管理，头上变异的那个怪不要用女主打换成李昂一斧头就劈死了，女主要打半天很浪费弹药,推荐,7.7,48,157,好玩 就是在地下的时候太压抑了 玩女主的时候注意格子管理 头上变异的那个怪不要用女主打换成李昂一斧头就劈死了 女主要打半天很浪费弹药,玩法,正面
1906,1906,2026-02-27,好玩，画面和优化没得说，我5060默认画质全程100帧以上，格蕾丝的英配真的强，玩起来代入感特别强,推荐,6.8,8,167,好玩 画面和优化没得说 我5060默认画质全程100帧以上 格蕾丝的英配真的强 玩起来代入感特别强,音效,正面
1907,1907,2026-02-27,好玩,推荐,12.4,30,189,好玩,玩法,正面
1908,1908,2026-02-27,吓尿了，序章回忆起了初见re7demo的日子,推荐,7.5,18,177,吓尿了 序章回忆起了初见re7demo的日子,情怀,正面
1909,1909,2026-02-27,哈人,推荐,6.8,28,87,哈人,其他,正面
1910,1910,2026-02-27,牛逼~！！！！！！,推荐,12.0,32,191,牛逼,其他,正面
1911,1911,2026-02-27,格蕾丝前期解密恐怖拉满（个人）三光直接战斗爽，好生化，这几年预购卡婊游戏最不亏的一集,推荐,4.8,34,43,格蕾丝前期解密恐怖拉满 个人 三光直接战斗爽 好生化 这几年预购卡婊游戏最不亏的一集,剧情,正面
1912,1912,2026-02-27,95年，初一，第一次和我哥在同学家看别人玩生化危机1，丧尸回头永远抹不去的记忆，99年，买了PS1，1800元，天文数字，第一次玩了自己拥有的生化危机2，第一次操作里昂，那时我18岁，2026年，我买了85寸的电视，我有了最好的电脑，里昂老了，我也40+了，瞬间泪目了，生化危机伴随了我的童年一路走来直到现在，5555555555555，法克卡婊！！！！？？？？好像不对，法克错对象了，应该是法克konami，合金装备大师合集没中文，我甘你酿,推荐,2.2,7,16,95年 初一 第一次和我哥在同学家看别人玩生化危机1 丧尸回头永远抹不去的记忆 99年 买了PS1 1800元 天文数字 第一次玩了自己拥有的生化危机2 第一次操作里昂 那时我18岁 2026年 我买了85寸的电视 我有了最好的电脑 里昂老了 我也40 了 瞬间泪目了 生化危机伴随了我的童年一路走来直到现在 5555555555555 法克卡婊 好像不对 法克错对象了 应该是法克konami 合金装备大师合集没中文 我甘你酿,情怀,正面
1913,1913,2026-02-27,我冲！！！,推荐,7.5,18,127,我冲,其他,正面
1914,1914,2026-02-27,好,推荐,13.1,6,115,好,其他,正面
1915,1915,2026-02-27,好玩！,推荐,12.1,27,136,好玩,玩法,正面
1916,1916,2026-02-27,好玩 算的上生化里面的一款佳作  这一作的游戏画面对比上一代有非常大的进步   格蕾丝打的很憋屈 里昂杀爽了,推荐,10.8,17,26,好玩 算的上生化里面的一款佳作 这一作的游戏画面对比上一代有非常大的进步 格蕾丝打的很憋屈 里昂杀爽了,画面,正面
1917,1917,2026-02-27,每走一步都要规划然后省点道具有没有懂得,推荐,12.9,48,207,每走一步都要规划然后省点道具有没有懂得,玩法,正面
1918,1918,2026-02-27,玩格蕾丝我唯唯诺诺，玩里昂我重拳出击，小壁登就你刚刚打我是吧，看我用体术教你做人,推荐,11.3,33,42,玩格蕾丝我唯唯诺诺 玩里昂我重拳出击 小壁登就你刚刚打我是吧 看我用体术教你做人,情怀,正面
1919,1919,2026-02-27,好玩！,推荐,13.1,44,103,好玩,玩法,正面
1920,1920,2026-02-27,好玩，刚打完疗养院，这次双线比生化危机2的平行宇宙双线好太多了，在里昂时间线女主没杀的怪还在，已经杀的就只剩尸体。疗养院箱庭地图也有警察局内味，设计的挺好,推荐,8.7,27,186,好玩 刚打完疗养院 这次双线比生化危机2的平行宇宙双线好太多了 在里昂时间线女主没杀的怪还在 已经杀的就只剩尸体 疗养院箱庭地图也有警察局内味 设计的挺好,玩法,正面
1921,1921,2026-02-27,好玩,推荐,9.1,18,77,好玩,玩法,正面
1922,1922,2026-02-27,"游戏做的很好，喜欢re2的玩家过年了。
只有一点，不支持ds，但是商店标注完美支持ds，这令人很不爽，希望是bug，后续修正。",推荐,2.8,43,102,游戏做的很好 喜欢re2的玩家过年了 只有一点 不支持ds 但是商店标注完美支持ds 这令人很不爽 希望是bug 后续修正,优化,正面
1923,1923,2026-02-27,还是男主好玩。。。,推荐,6.6,14,173,还是男主好玩,情怀,正面
1924,1924,2026-02-27,无敌，好玩，多出！,推荐,3.7,2,61,无敌 好玩 多出,玩法,正面
1925,1925,2026-02-27,28年前彼时的里昂，只是个第一天报到就迟到的菜鸟警察。眼神里还带着点警匪片男主的不羁，却一头撞进了人间地狱。当里昂站在那座早已荒废的警局大厅，阳光透过破碎的屋顶照进来，照在他历经沧桑的脸上时，那种时空错位感带来的悲凉几乎要将人吞噬。从浣熊市的菜鸟，到拯救总统的英雄，再到如今这个背负着整个系列历史的沉重宿命的男人。Requiem是献给里昂的一曲镇魂歌，也是献给所有老玩家的一封情书。它告诉我们，英雄也会老去，传奇终将落幕。,推荐,10.8,16,125,28年前彼时的里昂 只是个第一天报到就迟到的菜鸟警察 眼神里还带着点警匪片男主的不羁 却一头撞进了人间地狱 当里昂站在那座早已荒废的警局大厅 阳光透过破碎的屋顶照进来 照在他历经沧桑的脸上时 那种时空错位感带来的悲凉几乎要将人吞噬 从浣熊市的菜鸟 到拯救总统的英雄 再到如今这个背负着整个系列历史的沉重宿命的男人 Requiem是献给里昂的一曲镇魂歌 也是献给所有老玩家的一封情书 它告诉我们 英雄也会老去 传奇终将落幕,情怀,正面
1926,1926,2026-02-27,优化真棒😁😁,推荐,5.2,15,174,优化真棒,优化,正面
1927,1927,2026-02-27,前半段很像生2重制,推荐,23.9,50,159,前半段很像生2重制,情怀,正面
1928,1928,2026-02-27,播片音画不同步,不推荐,1.6,42,201,播片音画不同步,音效,负面
1929,1929,2026-02-27,不错，爽了,推荐,4.1,14,173,不错 爽了,其他,正面
1930,1930,2026-02-27,是真恐怖,推荐,8.7,36,45,是真恐怖,剧情,正面
1931,1931,2026-02-27,一百万年了，第一人称FOV还是不能调节，开场格蕾丝表现唐完了，格蕾丝资源紧张不说还刷红头怪增加难度。更别提前面两个小boss全是跳脸杀这种弱智剧情蹦出来的。缝合怪缝的一坨司了属于是。,不推荐,8.5,47,156,一百万年了 第一人称FOV还是不能调节 开场格蕾丝表现唐完了 格蕾丝资源紧张不说还刷红头怪增加难度 更别提前面两个小boss全是跳脸杀这种弱智剧情蹦出来的 缝合怪缝的一坨司了属于是,玩法,负面
1932,1932,2026-02-27,格蕾丝好骚噢，魂淡我的王阿姨呢~,推荐,5.5,29,38,格蕾丝好骚噢 魂淡我的王阿姨呢,情怀,正面
1933,1933,2026-02-27,"Re2+Re4混合体，卡普空的技术力肉眼可见有提升，没遇到B站刷到的什么闪退报错，A卡优化也很顶，就是体验不到路径追踪了
格蕾丝脸模很好看，里昂切了但丁大号，在我心里就是好评如潮的9分游戏 （有里昂的生化危机还要什么自行车啊，冲就完了！！）",推荐,3.9,35,94,Re2 Re4混合体 卡普空的技术力肉眼可见有提升 没遇到B站刷到的什么闪退报错 A卡优化也很顶 就是体验不到路径追踪了 格蕾丝脸模很好看 里昂切了但丁大号 在我心里就是好评如潮的9分游戏 有里昂的生化危机还要什么自行车啊 冲就完了,画面,正面
1934,1934,2026-02-27,挺不错的，但是流程有点太短了，而且pc上也没有ds手柄的适配，也没有佣兵模式或者第四生还者之类的模式,推荐,10.1,14,73,挺不错的 但是流程有点太短了 而且pc上也没有ds手柄的适配 也没有佣兵模式或者第四生还者之类的模式,玩法,正面
1935,1935,2026-02-27,差评先给，现在还进不去游戏，3070ti不支持说是，可能是驱动问题可能是其他问题，不过遇到了，我玩不了，等能进去玩了，我回来改掉，整个生化系列唯独在9这进不去，看其他人爽玩难受死了,推荐,0.6,5,64,差评先给 现在还进不去游戏 3070ti不支持说是 可能是驱动问题可能是其他问题 不过遇到了 我玩不了 等能进去玩了 我回来改掉 整个生化系列唯独在9这进不去 看其他人爽玩难受死了,优化,正面
1936,1936,2026-02-27,不是哥们，你不能什么都做伤害判定吧？大妹妹往天花板爬上去了还能蹬我一脚的？推车过去了我从后面碰着也能掉血向反方向摔？老玩家了，前几作这种情况少多了,不推荐,8.0,40,199,不是哥们 你不能什么都做伤害判定吧 大妹妹往天花板爬上去了还能蹬我一脚的 推车过去了我从后面碰着也能掉血向反方向摔 老玩家了 前几作这种情况少多了,玩法,负面
1937,1937,2026-02-27,好玩,推荐,4.7,2,111,好玩,玩法,正面
1938,1938,2026-02-27,不错，很有新意,推荐,3.7,30,39,不错 很有新意,其他,正面
1939,1939,2026-02-27,中年李警官绝逼叔界第一性感大王。连我一大老爷们儿看的都直犯迷糊，估计那些小姐姐们、老妹妹们不说细细端详了就是撇上一撇都洪水泛滥。,推荐,17.2,12,71,中年李警官绝逼叔界第一性感大王 连我一大老爷们儿看的都直犯迷糊 估计那些小姐姐们 老妹妹们不说细细端详了就是撇上一撇都洪水泛滥,情怀,正面
1940,1940,2026-02-27,不知道为什么，无法启动。,推荐,0.4,34,93,不知道为什么 无法启动,优化,正面
1941,1941,2026-02-27,可以的，格蕾丝负责坐牢，三光执行三光,推荐,6.3,34,43,可以的 格蕾丝负责坐牢 三光执行三光,情怀,正面
1942,1942,2026-02-27,一口气玩了七个小时 来写评测 还是值得这么长时间的等待的 李三光关卡爽的  女主关卡也不缺乏紧张刺激  好玩,推荐,8.0,40,199,一口气玩了七个小时 来写评测 还是值得这么长时间的等待的 李三光关卡爽的 女主关卡也不缺乏紧张刺激 好玩,玩法,正面
1943,1943,2026-02-27,好玩,推荐,3.7,23,132,好玩,玩法,正面
1944,1944,2026-02-27,"伟大，无需多言。还得是卡普空。中间的追车让我有了点神秘海域的感觉。就是卡普空怎么杀白毛萝莉啊，萝莉控狂怒，难道4月份的识质存在也有杀机娘萝莉环节吗，不要啊卡普空，不要口牙，再杀萝莉直接差评.
PS :打到后面让我感觉到了熟悉的味道，像4re里面的克劳瑟的刀战（只不过这次是斧头帮（笑））2re里面的暴君，太伟大了卡普空，话说那个地下的花蛮像奇杰拉的，也许和迪迦里面一样，人心比它的根还要深（笑）",推荐,10.2,33,192,伟大 无需多言 还得是卡普空 中间的追车让我有了点神秘海域的感觉 就是卡普空怎么杀白毛萝莉啊 萝莉控狂怒 难道4月份的识质存在也有杀机娘萝莉环节吗 不要啊卡普空 不要口牙 再杀萝莉直接差评 PS 打到后面让我感觉到了熟悉的味道 像4re里面的克劳瑟的刀战 只不过这次是斧头帮 笑 2re里面的暴君 太伟大了卡普空 话说那个地下的花蛮像奇杰拉的 也许和迪迦里面一样 人心比它的根还要深 笑,情怀,正面
1945,1945,2026-02-27,豪玩,推荐,8.4,17,126,豪玩,其他,正面
1946,1946,2026-02-27,晚上玩了一会，操作格瑞斯的时候一次没死，操作里昂的时候死了四五次你敢信？？？,推荐,2.8,19,78,晚上玩了一会 操作格瑞斯的时候一次没死 操作里昂的时候死了四五次你敢信,玩法,正面
1947,1947,2026-02-27,爽啊，就是还是不支持ds手柄自适应扳机我真的是日你马了,推荐,9.5,5,114,爽啊 就是还是不支持ds手柄自适应扳机我真的是日你马了,玩法,正面
1948,1948,2026-02-27,又怂又想玩,推荐,3.4,4,63,又怂又想玩,情怀,正面
1949,1949,2026-02-27,好玩只是这怪啥做的打头好几枪才死,推荐,3.9,10,169,好玩只是这怪啥做的打头好几枪才死,玩法,正面
1950,1950,2026-02-27,66666,推荐,7.2,3,62,66666,其他,正面
1951,1951,2026-02-27,1,推荐,6.1,32,191,1,其他,正面
1952,1952,2026-02-27,"里昂一出场，直接值回票价，夯爆了。
优化做的也很好，帧数全程稳定在90帧以上。

",推荐,5.4,2,161,里昂一出场 直接值回票价 夯爆了 优化做的也很好 帧数全程稳定在90帧以上,情怀,正面
1953,1953,2026-02-27,回家了！,推荐,13.1,42,201,回家了,其他,正面
1954,1954,2026-02-27,"体验了八个小时，刚打到下水道，惊喜也就那样，惊吓一堆
第一，很难想象都2026年了，竟然还有游戏没有预输入，过完cg之后一边尖叫一边闲庭信步的走两秒。
第二，有解密无所谓，解密难无所谓，你像生4的六边形拼图一样做成奖励物品就行。一个合成材料的解密弄那么难，我就纳闷了，生9也没有解密标签吧。
第三，你最好在后面的剧情里解释清楚为什么分头的背能驼成那样
第四，发售前一堆人吹疗养院，玩到现在给我的感受是，作为生2模式的续作，它算是合格的，但远没有那么惊艳，里昂的动作模组很惊艳，但是打击感和手感拉了，格蕾丝的流程落入俗套，我一个都没怎么玩过恐怖游戏的人，都能猜出来下一步是什么",不推荐,10.3,16,175,体验了八个小时 刚打到下水道 惊喜也就那样 惊吓一堆 第一 很难想象都2026年了 竟然还有游戏没有预输入 过完cg之后一边尖叫一边闲庭信步的走两秒 第二 有解密无所谓 解密难无所谓 你像生4的六边形拼图一样做成奖励物品就行 一个合成材料的解密弄那么难 我就纳闷了 生9也没有解密标签吧 第三 你最好在后面的剧情里解释清楚为什么分头的背能驼成那样 第四 发售前一堆人吹疗养院 玩到现在给我的感受是 作为生2模式的续作 它算是合格的 但远没有那么惊艳 里昂的动作模组很惊艳 但是打击感和手感拉了 格蕾丝的流程落入俗套 我一个都没怎么玩过恐怖游戏的人 都能猜出来下一步是什么,玩法,负面
1955,1955,2026-02-27,"绝对的生化危机佳作很早之前预购了没有让我失望让我找回了第一次玩生化危机4的感觉
我的配置是5600+4070游戏优化不能说非常好但绝对不差2k高画质关闭光追平均是有120帧的",推荐,15.9,46,205,绝对的生化危机佳作很早之前预购了没有让我失望让我找回了第一次玩生化危机4的感觉 我的配置是5600 4070游戏优化不能说非常好但绝对不差2k高画质关闭光追平均是有120帧的,情怀,正面
1956,1956,2026-02-27,生化危机9最恐怖的是王阿姨已经52岁了，而我的朋友，你也快30岁了,推荐,5.2,42,201,生化危机9最恐怖的是王阿姨已经52岁了 而我的朋友 你也快30岁了,情怀,正面
1957,1957,2026-02-27,"首先，作为一个预购玩家，这部生化危机在画面优化，玩法，氛围塑造方面无疑是很优秀的存在，符合我对本部作品的期待，在格蕾丝篇你能体会到类似七代八代的恐怖氛围，尽管有很多人评论本代主角的喘气声以及“傲娇，墨迹”的性格令人反感，但我还是想说，格蕾丝作为一个文职人员，让她突然间自己去调查一个对自己造成了很大心理阴影的伤心地，在面对未知的恐惧之下，请玩家带入到主角的视角当中，我认为格蕾丝已经做的很不错了。其次说到李昂篇，本部作品利用插叙的叙事方法，当玩家还沉浸在格蕾丝篇恐惧的氛围当中时，恰到好处的插入了李三光“战斗爽”的环节，从某方面来讲也适当的缓解了部分玩家紧张的心理（李昂没啥好说的，玩过四代的都知道看到有体术时多么安心）。
————————————————
————————————————
接下来我要说点不好听的了。
卡婊我csndm，为什么要迫害小孩子呢？我dnmd你知不知道我初见艾丽莎的时候老父亲的心都要化了，一白内障的小姑娘暂且不说是TM被人抓来做实验造成的，在面对生化人的时候不吵不闹，安安静静的依偎在格蕾丝身边，被“女孩”抓走的时候还紧紧握着给格蕾丝的水晶方块，我操你妈的卡婊，你个gdx啊！！！这俩人又是经历疗养院底下集三龙珠，又是曼巴坠机，然后你他妈的就给这么可爱的小姑娘写下线了？格蕾丝抱着她跑的时候我连生化危机世界里某组织的新成员的身份我都想好了你他妈的卡婊你给人写死了？？？写死了就写死了，你还他妈的让人家变成了一他妈的鬼婴？？就他么因为你卡婊给人家小姑娘安排的被带去做生化实验，活生生的人！那么可爱的小姑娘最后变成了个怪物！？我最为玩家最后的心情和格蕾丝是一样的，悲伤，愤怒……
————————————————你踏马为什么要迫害孩子啊啊啊啊啊啊啊啊卡！！！婊！！！！
————————————————
但是，我还没完全通关hh，不过卡婊能够如此带动玩家的心情正在某方面何尝不是一种成功，就像顽皮狗做的美末2，实在太～能～牵～动～人～心～了～～～（调侃ing）不过剧情终归是剧情，技术力还是没毛，这里可以给到一个人上人👍🏻",推荐,6.6,15,24,首先 作为一个预购玩家 这部生化危机在画面优化 玩法 氛围塑造方面无疑是很优秀的存在 符合我对本部作品的期待 在格蕾丝篇你能体会到类似七代八代的恐怖氛围 尽管有很多人评论本代主角的喘气声以及 傲娇 墨迹 的性格令人反感 但我还是想说 格蕾丝作为一个文职人员 让她突然间自己去调查一个对自己造成了很大心理阴影的伤心地 在面对未知的恐惧之下 请玩家带入到主角的视角当中 我认为格蕾丝已经做的很不错了 其次说到李昂篇 本部作品利用插叙的叙事方法 当玩家还沉浸在格蕾丝篇恐惧的氛围当中时 恰到好处的插入了李三光 战斗爽 的环节 从某方面来讲也适当的缓解了部分玩家紧张的心理 李昂没啥好说的 玩过四代的都知道看到有体术时多么安心 接下来我要说点不好听的了 卡婊我csndm 为什么要迫害小孩子呢 我dnmd你知不知道我初见艾丽莎的时候老父亲的心都要化了 一白内障的小姑娘暂且不说是TM被人抓来做实验造成的 在面对生化人的时候不吵不闹 安安静静的依偎在格蕾丝身边 被 女孩 抓走的时候还紧紧握着给格蕾丝的水晶方块 我操你妈的卡婊 你个gdx啊 这俩人又是经历疗养院底下集三龙珠 又是曼巴坠机 然后你他妈的就给这么可爱的小姑娘写下线了 格蕾丝抱着她跑的时候我连生化危机世界里某组织的新成员的身份我都想好了你他妈的卡婊你给人写死了 写死了就写死了 你还他妈的让人家变成了一他妈的鬼婴 就他么因为你卡婊给人家小姑娘安排的被带去做生化实验 活生生的人 那么可爱的小姑娘最后变成了个怪物 我最为玩家最后的心情和格蕾丝是一样的 悲伤 愤怒 你踏马为什么要迫害孩子啊啊啊啊啊啊啊啊卡 婊 但是 我还没完全通关hh 不过卡婊能够如此带动玩家的心情正在某方面何尝不是一种成功 就像顽皮狗做的美末2 实在太 能 牵 动 人 心 了 调侃ing 不过剧情终归是剧情 技术力还是没毛 这里可以给到一个人上人,剧情,正面
1958,1958,2026-02-27,一出疗养所整个游戏的水平就直线下滑，谁家狙击枪提高镜子倍率灵敏度也变高的，很难想象这种失误会出现在358才能买到的游戏里。除此之外，能不能别惦记第一人称和第三人称切换了，直接给里昂第一人称删了得了。,不推荐,13.6,19,78,一出疗养所整个游戏的水平就直线下滑 谁家狙击枪提高镜子倍率灵敏度也变高的 很难想象这种失误会出现在358才能买到的游戏里 除此之外 能不能别惦记第一人称和第三人称切换了 直接给里昂第一人称删了得了,玩法,负面
1959,1959,2026-02-27,太好玩了，女主部分比7代恐怖一点啊，李三光直接战斗爽，感觉像是4代和七代的结合体plus版，妈的太好玩了。照这样保持下去不输4代。爽爽爽！痛哭流涕痛哭流涕,推荐,5.0,47,156,太好玩了 女主部分比7代恐怖一点啊 李三光直接战斗爽 感觉像是4代和七代的结合体plus版 妈的太好玩了 照这样保持下去不输4代 爽爽爽 痛哭流涕痛哭流涕,玩法,正面
1960,1960,2026-02-27,"写着完全支持dse,打开游戏直接无法识别，可真有你的啊卡普空。
路径光追+dlaa够清晰，画质够好，那么能不能让我把那胶片颗粒关掉啊，我开路径光追就是为了看你的胶片颗粒？
剧情还行，对话蛮多老生化梗，听完可以会心一笑",不推荐,5.5,18,27,写着完全支持dse 打开游戏直接无法识别 可真有你的啊卡普空 路径光追 dlaa够清晰 画质够好 那么能不能让我把那胶片颗粒关掉啊 我开路径光追就是为了看你的胶片颗粒 剧情还行 对话蛮多老生化梗 听完可以会心一笑,画面,负面
1961,1961,2026-02-27,7代恐怖解密的紧张，4代动作设计的爽感。,推荐,9.0,33,192,7代恐怖解密的紧张 4代动作设计的爽感,玩法,正面
1962,1962,2026-02-27,一会潜行一会狂战，僵尸你快跑我有双重人格,推荐,12.9,25,134,一会潜行一会狂战 僵尸你快跑我有双重人格,玩法,正面
1963,1963,2026-02-27,结合了re2的恐怖解密和re4的爽快动作，不错,推荐,2.3,7,66,结合了re2的恐怖解密和re4的爽快动作 不错,玩法,正面
1964,1964,2026-02-27,我们是看着里昂长大的，里昂也看着我们长大的，游戏建模画质越来越好，小时候玩监控视角的生化危机还害怕的要死，现在画质高了，反而不怕了,推荐,12.8,9,168,我们是看着里昂长大的 里昂也看着我们长大的 游戏建模画质越来越好 小时候玩监控视角的生化危机还害怕的要死 现在画质高了 反而不怕了,情怀,正面
1965,1965,2026-02-27,很噁心 憶如寄往,推荐,7.8,4,113,很噁心 憶如寄往,其他,正面
1966,1966,2026-02-27,还不错，豪华版衣服最好看的一次,推荐,12.9,34,143,还不错 豪华版衣服最好看的一次,情怀,正面
1967,1967,2026-02-27,有能力但不同步dualsense的适配 2026年还在歧视pc，烂人公司 滚吧,不推荐,6.7,1,160,有能力但不同步dualsense的适配 2026年还在歧视pc 烂人公司 滚吧,其他,负面
1968,1968,2026-02-27,太棒了,推荐,8.1,30,139,太棒了,其他,正面
1969,1969,2026-02-27,完美结合2和4，又爽又有生存恐怖,推荐,12.0,17,26,完美结合2和4 又爽又有生存恐怖,玩法,正面
1970,1970,2026-02-27,画面、氛围、音乐都是顶级，但是资源管理实在有点严格了。关键就是战斗不爽，尤其是格蕾丝线，玩的我有点憋屈其实，唉。里昂线资源倒是够了，但是还没打爽了就结束了。整体来说是个好游戏，就是难度的下限比较高。,推荐,8.3,11,20,画面 氛围 音乐都是顶级 但是资源管理实在有点严格了 关键就是战斗不爽 尤其是格蕾丝线 玩的我有点憋屈其实 唉 里昂线资源倒是够了 但是还没打爽了就结束了 整体来说是个好游戏 就是难度的下限比较高,玩法,正面
1971,1971,2026-02-27,bc,推荐,3.6,5,64,bc,其他,正面
1972,1972,2026-02-27,好玩,推荐,5.8,24,183,好玩,玩法,正面
1973,1973,2026-02-27,卡表做游戏就是用心，优化好，建模棒，操作丝滑666,推荐,3.4,50,209,卡表做游戏就是用心 优化好 建模棒 操作丝滑666,画面,正面
1974,1974,2026-02-27,在摸黑恐怖游戏艰难挣扎后，谁懂老年李三光的救赎感,推荐,6.5,50,109,在摸黑恐怖游戏艰难挣扎后 谁懂老年李三光的救赎感,情怀,正面
1975,1975,2026-02-27,好玩，已经对着里面的黑丝僵尸导很久了,推荐,8.8,8,167,好玩 已经对着里面的黑丝僵尸导很久了,其他,正面
1976,1976,2026-02-27,神作,推荐,5.7,26,35,神作,情怀,正面
1977,1977,2026-02-27,无聊，一点也不恐怖。（手抖着打字）,推荐,1.5,22,81,无聊 一点也不恐怖 手抖着打字,玩法,正面
1978,1978,2026-02-27,不错,推荐,13.8,15,124,不错,其他,正面
1979,1979,2026-02-27,不错这次帧生成相当完美，格蕾丝前我唯唯诺诺里昂后我重拳出击，小女孩也太可爱了！,推荐,6.5,8,67,不错这次帧生成相当完美 格蕾丝前我唯唯诺诺里昂后我重拳出击 小女孩也太可爱了,画面,正面
1980,1980,2026-02-27,太棒了~真是好游戏沉浸感十足,推荐,7.2,36,195,太棒了 真是好游戏沉浸感十足,玩法,正面
1981,1981,2026-02-27,里昂好评，里昂部分很爽但是太短了，格蕾丝部分资源扣，解密又墨迹,推荐,9.0,2,161,里昂好评 里昂部分很爽但是太短了 格蕾丝部分资源扣 解密又墨迹,剧情,正面
1982,1982,2026-02-27,依旧是原来的味道，没有任何变化，但是也不算差，但是这个背包我真的要吐槽，这点空间你还规划个卵啊，基本去一个新地方捡垃圾就满了，大部分时间就是捡到新东西没地方了，去存档点放东西，如此重复折返，真的很让人恼火，但是依旧推荐，因为没有代餐,推荐,9.3,20,179,依旧是原来的味道 没有任何变化 但是也不算差 但是这个背包我真的要吐槽 这点空间你还规划个卵啊 基本去一个新地方捡垃圾就满了 大部分时间就是捡到新东西没地方了 去存档点放东西 如此重复折返 真的很让人恼火 但是依旧推荐 因为没有代餐,玩法,正面
1983,1983,2026-02-27,Love it,推荐,6.9,28,87,Love it,情怀,正面
1984,1984,2026-02-27,八尺格蕾丝非常适合让二弟激情发射,推荐,13.6,29,188,八尺格蕾丝非常适合让二弟激情发射,其他,正面
1985,1985,2026-02-27,不愧是生化正统续作，操作里昂可以玩的很爽，操作格蕾丝就得战战兢兢，有re4里操作阿什利那味了。,推荐,5.5,20,29,不愧是生化正统续作 操作里昂可以玩的很爽 操作格蕾丝就得战战兢兢 有re4里操作阿什利那味了,玩法,正面
1986,1986,2026-02-27,好，舒服了，就是哥们跑步有点慢,推荐,2.9,11,170,好 舒服了 就是哥们跑步有点慢,玩法,正面
1987,1987,2026-02-27,里昂，战斗，爽！,推荐,11.0,16,125,里昂 战斗 爽,玩法,正面
1988,1988,2026-02-27,好,推荐,7.0,29,88,好,其他,正面
1989,1989,2026-02-27,神作无疑,推荐,14.3,14,73,神作无疑,情怀,正面
1990,1990,2026-02-27,推荐,推荐,10.4,19,28,推荐,其他,正面
1991,1991,2026-02-27,格蕾丝剧情拥有不错的恐怖感，里昂剧情长 战斗爽 但有些许疲劳 但说实话，得益于re引擎的功劳 游戏表现，画面，优化 都是很棒的 4060笔记本不考虑画质的情况下完全可以流畅运行，直至通关没有在肉眼感受到明显卡顿 掉帧问题无需担心 喜欢就入！,推荐,12.3,27,186,格蕾丝剧情拥有不错的恐怖感 里昂剧情长 战斗爽 但有些许疲劳 但说实话 得益于re引擎的功劳 游戏表现 画面 优化 都是很棒的 4060笔记本不考虑画质的情况下完全可以流畅运行 直至通关没有在肉眼感受到明显卡顿 掉帧问题无需担心 喜欢就入,画面,正面
1992,1992,2026-02-27,优化很好，发挥稳定,推荐,2.5,44,53,优化很好 发挥稳定,优化,正面
1993,1993,2026-02-27,女主角弱的有点过分了啊哈哈哈哈,推荐,8.6,16,25,女主角弱的有点过分了啊哈哈哈哈,剧情,正面
1994,1994,2026-02-27,目前玩到里昂进浣熊市部分，我第一次写评论，十分推荐大家去玩！,推荐,15.2,13,172,目前玩到里昂进浣熊市部分 我第一次写评论 十分推荐大家去玩,情怀,正面
1995,1995,2026-02-27,"这个女主怎么塑造的？一个FBI探员在紧急情况下表现得比一般人还差像个无助的少女，看看克莱尔和伊森，普通人都比格蕾丝一个正式的探员有勇气，在宾馆慌乱地翻背包、手忙脚乱地掏枪，体术只能软绵绵地推人，像没接受过训练一样，给人一种很强烈的“德不配位”感，走后门入职的吧！强行把一个该展现专业战斗素养的角色，塞进了一个“弱势解谜主角”的框架里，你还不如把她背景设定成调查记者或者女大学生呢。
游戏性上来说，女主部分解谜占比太重了，流程玩着难受。",不推荐,3.5,49,158,这个女主怎么塑造的 一个FBI探员在紧急情况下表现得比一般人还差像个无助的少女 看看克莱尔和伊森 普通人都比格蕾丝一个正式的探员有勇气 在宾馆慌乱地翻背包 手忙脚乱地掏枪 体术只能软绵绵地推人 像没接受过训练一样 给人一种很强烈的 德不配位 感 走后门入职的吧 强行把一个该展现专业战斗素养的角色 塞进了一个 弱势解谜主角 的框架里 你还不如把她背景设定成调查记者或者女大学生呢 游戏性上来说 女主部分解谜占比太重了 流程玩着难受,剧情,负面
1996,1996,2026-02-27,真不赖吧,推荐,11.7,34,143,真不赖吧,其他,正面
1997,1997,2026-02-27,优化做的还行，3090全高流畅运行，就是弹药不够用，我现在研讨室都进不去啊，全是僵尸，我没有子弹了，好烦%………………………………,推荐,7.0,47,156,优化做的还行 3090全高流畅运行 就是弹药不够用 我现在研讨室都进不去啊 全是僵尸 我没有子弹了 好烦,玩法,正面
1998,1998,2026-02-27,傻逼格蕾丝傻逼卡普空，不知道生化危机9靠谁赚钱吗，司马玩意,不推荐,2.9,37,196,傻逼格蕾丝傻逼卡普空 不知道生化危机9靠谁赚钱吗 司马玩意,情怀,负面
1999,1999,2026-02-27,喜欢生4生8那种战斗爽，同时也喜欢生7那种生存恐怖氛围浓厚的玩家必入，属于是两个愿望一次满足了,推荐,7.7,44,153,喜欢生4生8那种战斗爽 同时也喜欢生7那种生存恐怖氛围浓厚的玩家必入 属于是两个愿望一次满足了,玩法,正面
2000,2000,2026-02-27,毕竟是游戏，娱乐还可以。吹毛求疵的话，其实还能更好,推荐,6.4,8,17,毕竟是游戏 娱乐还可以 吹毛求疵的话 其实还能更好,其他,正面
2001,2001,2026-02-27,90分佳作,推荐,7.7,45,104,90分佳作,其他,正面
2002,2002,2026-02-27,"我是没想到现在卡普空箱庭解密都能翻车 

目前玩到格蕾丝节奏很差 没子弹避战到一堆子弹用不完被系统强制消耗子弹 
一周目玩家不知道做什么强制往返跑 虽说是系统传统 但是图没这么大或者锁定区域解密 
再加上资源问题  体验极差",不推荐,6.3,30,189,我是没想到现在卡普空箱庭解密都能翻车 目前玩到格蕾丝节奏很差 没子弹避战到一堆子弹用不完被系统强制消耗子弹 一周目玩家不知道做什么强制往返跑 虽说是系统传统 但是图没这么大或者锁定区域解密 再加上资源问题 体验极差,玩法,负面
2003,2003,2026-02-27,很棒,推荐,4.0,50,109,很棒,其他,正面
2004,2004,2026-02-27,"好玩，上瘾，不算特别吓人
",推荐,8.4,17,26,好玩 上瘾 不算特别吓人,玩法,正面
2005,2005,2026-02-27,"中画质，帧生成到120，还奢求什么呢
内容玩法也是集前作之大成了，很棒",推荐,6.8,35,144,中画质 帧生成到120 还奢求什么呢 内容玩法也是集前作之大成了 很棒,画面,正面
2006,2006,2026-02-27,我的白月光里昂啊。。。。。。你太涩了,推荐,9.0,44,153,我的白月光里昂啊 你太涩了,情怀,正面
2007,2007,2026-02-27,"An unhandled exception occurred！！！！
",不推荐,4.8,18,27,An unhandled exception occurred,其他,负面
2008,2008,2026-02-27,可以,推荐,6.2,45,204,可以,其他,正面
2009,2009,2026-02-27,还得是生化这股子箱庭味玩得爽啊,推荐,6.2,4,163,还得是生化这股子箱庭味玩得爽啊,玩法,正面
2010,2010,2026-02-27,冲re的优化都给满分,推荐,5.0,20,29,冲re的优化都给满分,优化,正面
2011,2011,2026-02-27,我柜子动了我不玩了,推荐,1.6,5,114,我柜子动了我不玩了,其他,正面
2012,2012,2026-02-27,系列最佳。,推荐,1.7,23,182,系列最佳,情怀,正面
2013,2013,2026-02-27,什么时候适配DualSense手柄什么时候给好评,不推荐,9.9,44,53,什么时候适配DualSense手柄什么时候给好评,其他,负面
2014,2014,2026-02-27,不如4,推荐,5.2,46,55,不如4,情怀,正面
2015,2015,2026-02-27,好玩，里昂就是神，格蕾丝也不赖,推荐,6.5,1,60,好玩 里昂就是神 格蕾丝也不赖,情怀,正面
2016,2016,2026-02-27,玩到目前本作更像是结合了7代的第一人称恐怖和4代的战斗爽，双主角切换毫无违和，希望里昂有个好结局,推荐,7.2,32,191,玩到目前本作更像是结合了7代的第一人称恐怖和4代的战斗爽 双主角切换毫无违和 希望里昂有个好结局,剧情,正面
2017,2017,2026-02-27,等了这么久没用白等 生化系列正统续作 赞赞赞赞,推荐,5.8,31,140,等了这么久没用白等 生化系列正统续作 赞赞赞赞,情怀,正面
2018,2018,2026-02-27,好玩 神,推荐,10.4,6,165,好玩 神,玩法,正面
2019,2019,2026-02-27,nmm的，老子配的5090，开路径全高为啥屏幕上全是噪点，零几年的大屁股电视机都没这么多恶心的噪点吧,不推荐,1.2,9,118,nmm的 老子配的5090 开路径全高为啥屏幕上全是噪点 零几年的大屁股电视机都没这么多恶心的噪点吧,画面,负面
2020,2020,2026-02-27,不错,推荐,0.2,42,51,不错,其他,正面
2021,2021,2026-02-27,不好玩你们拿安魂打我,推荐,2.8,46,205,不好玩你们拿安魂打我,玩法,正面
2022,2022,2026-02-27,好玩，画面和优化出色，开了帧生成反而卡了，里昂太帅了,推荐,3.6,10,69,好玩 画面和优化出色 开了帧生成反而卡了 里昂太帅了,画面,正面
2023,2023,2026-02-27,好玩 没话说,推荐,8.1,14,73,好玩 没话说,玩法,正面
2024,2024,2026-02-27,好玩 好玩 好玩 好玩 好玩 好玩 好玩 好玩,推荐,9.5,44,53,好玩 好玩 好玩 好玩 好玩 好玩 好玩 好玩,玩法,正面
2025,2025,2026-02-27,味真足，好玩爱玩,推荐,10.1,11,120,味真足 好玩爱玩,情怀,正面
2026,2026,2026-02-27,真尼玛垃圾，各种报错,不推荐,0.6,6,65,真尼玛垃圾 各种报错,优化,负面
2027,2027,2026-02-27,你这特么优化的什么玩意，换了好几个手柄，特喵一个都不支持,推荐,3.0,39,198,你这特么优化的什么玩意 换了好几个手柄 特喵一个都不支持,优化,正面
2028,2028,2026-02-27,好,推荐,3.4,28,137,好,其他,正面
2029,2029,2026-02-27,太好玩了目前刚到浣熊市优化也可以我4060笔记本2k中上画质也可以80~90畅玩，这是我第一次预购游戏虽然之前在网上看到很多关于这个游戏不好的评论但目前游玩下来很不错，希望以后能更新雇佣兵模式，也希望大家玩的愉快。,推荐,9.3,13,172,太好玩了目前刚到浣熊市优化也可以我4060笔记本2k中上画质也可以80 90畅玩 这是我第一次预购游戏虽然之前在网上看到很多关于这个游戏不好的评论但目前游玩下来很不错 希望以后能更新雇佣兵模式 也希望大家玩的愉快,玩法,正面
2030,2030,2026-02-27,个人感觉是画面最好的一代，卡普空的水平依旧在线,推荐,7.9,43,52,个人感觉是画面最好的一代 卡普空的水平依旧在线,画面,正面
2031,2031,2026-02-27,这是什么游戏 怎么一点开外面天就黑了,推荐,14.6,29,38,这是什么游戏 怎么一点开外面天就黑了,其他,正面
2032,2032,2026-02-27,"好
",推荐,12.0,32,141,好,其他,正面
2033,2033,2026-02-27,格蕾丝我受尽委屈，里昂我重拳出击。,推荐,11.4,4,163,格蕾丝我受尽委屈 里昂我重拳出击,情怀,正面
2034,2034,2026-02-27,"确实好玩，氛围十足，优化也不错，就是开场不收我格蕾丝枪就好了：“里昂，发把枪。”
",推荐,1.6,29,138,确实好玩 氛围十足 优化也不错 就是开场不收我格蕾丝枪就好了 里昂 发把枪,玩法,正面
2035,2035,2026-02-27,"非常好玩
优化不错
好玩！！！",推荐,5.2,49,58,非常好玩 优化不错 好玩,玩法,正面
2036,2036,2026-02-27,"不愧是生化危机
集re4的动作打击感和re2的解密生存
TGA 2026 GOAT  !",推荐,12.2,41,150,不愧是生化危机 集re4的动作打击感和re2的解密生存 TGA 2026 GOAT,玩法,正面
2037,2037,2026-02-27,！,推荐,3.2,42,201,,玩法,正面
2038,2038,2026-02-27,一把电锯传三代，你捡要被旋一刀，丧尸可是自动拾取，好不容易拿到了，一下又插丧尸身子上，又被自动拾取了，牛逼牛逼,不推荐,6.0,21,130,一把电锯传三代 你捡要被旋一刀 丧尸可是自动拾取 好不容易拿到了 一下又插丧尸身子上 又被自动拾取了 牛逼牛逼,玩法,负面
2039,2039,2026-02-27,还阔以,推荐,5.2,16,175,还阔以,其他,正面
2040,2040,2026-02-27,好玩,推荐,3.3,27,86,好玩,玩法,正面
2041,2041,2026-02-27,"生化危机九是生化危机三十周年所发布的续作，如果您还在纠结是否入手此游戏的话不妨听听我的建议吧！
首先先说优点，生化危机九运用了虚幻五引擎打造这让其在画质上锦上添花，不管是天气或环境细节做的都很符合一款3a大作，在本作中游戏商将之前的几代的游玩视角融合在一起让其既可以沉浸式游玩游戏中的恐怖元素又可以感受到打丧尸的快感，在此作中丧尸也保留了之前的记忆，并且可以通过他们的行为来做出合理判断，最有创新的是本次存档需要玩家收集色带，这让游戏更加真实，游戏商也通过俩个角色来书写其故事线，推动主线剧情的发展，角色不断互换让玩家体验不同的剧情和玩法，并且这次让人物的形态和动作更加真实，如换弹时会将手电筒夹在肩上再去换弹，并且女主持枪手会抖，遇见敌人逃跑时会不慎摔倒，官方也增加了里昂的体术让玩法更加多样性。再说缺点首先如果您是生化危机老玩家您可能在刚开始玩时会有些不适应，因为本作丧尸会不断复活，甚至变异，所以打丧尸脑袋不如打丧尸的腿，并且地图中弹药又很稀缺，这让游戏难度上升了一个档次，其次在游戏发布前很多外网的玩家泄露剧情这让其他玩家的期待感大大下降，甚至官方也没有太在乎只是在剧情都快泄露完后才出面解决，这让很多预购游戏的玩家的期待度大大下降，最后建议：早买早享受，晚买享折扣。当然了游戏是好游戏不管先后都是很值得游玩的。",推荐,11.9,31,90,生化危机九是生化危机三十周年所发布的续作 如果您还在纠结是否入手此游戏的话不妨听听我的建议吧 首先先说优点 生化危机九运用了虚幻五引擎打造这让其在画质上锦上添花 不管是天气或环境细节做的都很符合一款3a大作 在本作中游戏商将之前的几代的游玩视角融合在一起让其既可以沉浸式游玩游戏中的恐怖元素又可以感受到打丧尸的快感 在此作中丧尸也保留了之前的记忆 并且可以通过他们的行为来做出合理判断 最有创新的是本次存档需要玩家收集色带 这让游戏更加真实 游戏商也通过俩个角色来书写其故事线 推动主线剧情的发展 角色不断互换让玩家体验不同的剧情和玩法 并且这次让人物的形态和动作更加真实 如换弹时会将手电筒夹在肩上再去换弹 并且女主持枪手会抖 遇见敌人逃跑时会不慎摔倒 官方也增加了里昂的体术让玩法更加多样性 再说缺点首先如果您是生化危机老玩家您可能在刚开始玩时会有些不适应 因为本作丧尸会不断复活 甚至变异 所以打丧尸脑袋不如打丧尸的腿 并且地图中弹药又很稀缺 这让游戏难度上升了一个档次 其次在游戏发布前很多外网的玩家泄露剧情这让其他玩家的期待感大大下降 甚至官方也没有太在乎只是在剧情都快泄露完后才出面解决 这让很多预购游戏的玩家的期待度大大下降 最后建议 早买早享受 晚买享折扣 当然了游戏是好游戏不管先后都是很值得游玩的,玩法,正面
2042,2042,2026-02-27,好玩,推荐,7.8,5,114,好玩,玩法,正面
2043,2043,2026-02-27,前期格蕾丝玩的太憋屈了，还是喜欢里昂,推荐,11.5,21,180,前期格蕾丝玩的太憋屈了 还是喜欢里昂,情怀,正面
2044,2044,2026-02-27,你让我玩里昂我就给你满分！,推荐,7.7,26,185,你让我玩里昂我就给你满分,情怀,正面
2045,2045,2026-02-27,修修你的声音系统，根本听不到哪里有敌人，多远的脚步感觉都近在耳边，楼上楼下隔着门隔着墙隔着地板的敌人发出的声音就像在身边一样，时刻都被各种错误的声音信息影响，什么时候改什么时候好评,不推荐,7.0,11,120,修修你的声音系统 根本听不到哪里有敌人 多远的脚步感觉都近在耳边 楼上楼下隔着门隔着墙隔着地板的敌人发出的声音就像在身边一样 时刻都被各种错误的声音信息影响 什么时候改什么时候好评,音效,负面
2046,2046,2026-02-27,作为已经体验了生化危机全系列的玩家，我认为这是非常棒的一代。格蕾丝章节是生化危机系列原汁原味的生存恐怖，而且格蕾丝相比伊森更好看，性格也讨喜（伊森也塑造得非常棒，但我喜欢漂亮姑娘），氛围与环境塑造也十分出彩，加上格蕾丝优秀的配音与动作设计，非常有沉浸感。而里昂章节则是战斗爽，动作系统在我看来是比重制4更加优秀的，我一上手里昂后就被这套系统所惊讶到，深度和六代不相上下了，而且因为是最新一代，打起来更有爽感。并且格蕾丝和里昂章节的相互穿插很好地平衡了恐怖与战斗爽，玩起来很上头，这是生化危机全系列给我这种上头感觉最强烈的一部。总之，感觉300+的预购豪华版并不亏（卡普空你还我完全体龙信2）。,推荐,3.9,26,35,作为已经体验了生化危机全系列的玩家 我认为这是非常棒的一代 格蕾丝章节是生化危机系列原汁原味的生存恐怖 而且格蕾丝相比伊森更好看 性格也讨喜 伊森也塑造得非常棒 但我喜欢漂亮姑娘 氛围与环境塑造也十分出彩 加上格蕾丝优秀的配音与动作设计 非常有沉浸感 而里昂章节则是战斗爽 动作系统在我看来是比重制4更加优秀的 我一上手里昂后就被这套系统所惊讶到 深度和六代不相上下了 而且因为是最新一代 打起来更有爽感 并且格蕾丝和里昂章节的相互穿插很好地平衡了恐怖与战斗爽 玩起来很上头 这是生化危机全系列给我这种上头感觉最强烈的一部 总之 感觉300 的预购豪华版并不亏 卡普空你还我完全体龙信2,剧情,正面
2047,2047,2026-02-27,"听说里昂线很少，基本都是女主线，
玩到疗养院不想玩了等宗门护肝了，疗养院流程跟警察局基本没什么区别，回家了属于是。但是物资少的离谱，怪还多还打不死
背包比2代还不够用，最高难度基本只能靠秦王绕柱",不推荐,2.7,34,43,听说里昂线很少 基本都是女主线 玩到疗养院不想玩了等宗门护肝了 疗养院流程跟警察局基本没什么区别 回家了属于是 但是物资少的离谱 怪还多还打不死 背包比2代还不够用 最高难度基本只能靠秦王绕柱,玩法,负面
2048,2048,2026-02-27,good game,推荐,13.8,26,185,good game,其他,正面
2049,2049,2026-02-27,老生化玩家放心入，本作兼具生化7的恐怖和生化4的战斗爽，建议格蕾丝第一人称，里昂第三人称，开头里昂直接战斗爽，可以扔敌人掉落物品秒杀，斧头更是爽中爽，格蕾丝初期没有武器大部分时间只能躲，恐怖氛围营造的非常成功，解密和生2差不多十分经典，怪还会念叨中文挺有趣的。本作血腥程度较高，但真的战斗爽，豪华版走起！,推荐,12.7,18,77,老生化玩家放心入 本作兼具生化7的恐怖和生化4的战斗爽 建议格蕾丝第一人称 里昂第三人称 开头里昂直接战斗爽 可以扔敌人掉落物品秒杀 斧头更是爽中爽 格蕾丝初期没有武器大部分时间只能躲 恐怖氛围营造的非常成功 解密和生2差不多十分经典 怪还会念叨中文挺有趣的 本作血腥程度较高 但真的战斗爽 豪华版走起,玩法,正面
2050,2050,2026-02-27,ps手柄咋没适配！这也太坑了 又买了个ps版 卡真是婊,推荐,0.4,43,202,ps手柄咋没适配 这也太坑了 又买了个ps版 卡真是婊,优化,正面
2051,2051,2026-02-27,在恐怖度和爽度之间做了个平衡，由于得操控男女主两个角色进行故事线，女主因为没有战斗力，很恐怖压抑，恐怖环境下解密很高压，但是在你压力快受不了的时候，故事线就切换回男主。男主作为生化危机系列知名演员，战力爆表，游戏性能极强（能近战，跑得快，枪支弹药多），面对刚刚女主经历过的恐怖场景，当你开始操控男主，那一切都不是问题，游戏瞬间变成无双爽游。极致压力后迎来极致释放，加上生化危机老牌知名角色的情怀加成，对我个人来说，就一个字：爽！,推荐,5.2,41,150,在恐怖度和爽度之间做了个平衡 由于得操控男女主两个角色进行故事线 女主因为没有战斗力 很恐怖压抑 恐怖环境下解密很高压 但是在你压力快受不了的时候 故事线就切换回男主 男主作为生化危机系列知名演员 战力爆表 游戏性能极强 能近战 跑得快 枪支弹药多 面对刚刚女主经历过的恐怖场景 当你开始操控男主 那一切都不是问题 游戏瞬间变成无双爽游 极致压力后迎来极致释放 加上生化危机老牌知名角色的情怀加成 对我个人来说 就一个字 爽,玩法,正面
2052,2052,2026-02-27,"在吓人这件事上比前几作做得好，这刚开局的暗夜精灵给我吓手抖了
",推荐,3.3,26,135,在吓人这件事上比前几作做得好 这刚开局的暗夜精灵给我吓手抖了,音效,正面
2053,2053,2026-02-27,买了卡普空股票，给个好评,推荐,1.0,38,47,买了卡普空股票 给个好评,情怀,正面
2054,2054,2026-02-27,好玩,推荐,5.1,46,55,好玩,玩法,正面
2055,2055,2026-02-27,"5090，9950x3d，4KDlaa 30帧不到，这可以理解，
画质调中等，一进光源复杂的小空间，各种贴图就开始乱闪，
卡普空真有你的",不推荐,1.5,45,204,5090 9950x3d 4KDlaa 30帧不到 这可以理解 画质调中等 一进光源复杂的小空间 各种贴图就开始乱闪 卡普空真有你的,优化,负面
2056,2056,2026-02-27,梁静茹给你的勇气让你连dualsense手柄进游戏关掉steam imput完全不能用还标注支持dualsense？,不推荐,8.1,37,196,梁静茹给你的勇气让你连dualsense手柄进游戏关掉steam imput完全不能用还标注支持dualsense,优化,负面
2057,2057,2026-02-27,这明明是两部游戏，格蕾丝线唯唯诺诺（恐怖游戏），里昂线重锤出击（格斗游戏薄纱丧尸）,推荐,12.5,29,188,这明明是两部游戏 格蕾丝线唯唯诺诺 恐怖游戏 里昂线重锤出击 格斗游戏薄纱丧尸,玩法,正面
2058,2058,2026-02-27,80分以上的佳作,推荐,4.0,46,55,80分以上的佳作,其他,正面
2059,2059,2026-02-27,优化有点差 希望后面优化一下 格子危机名不虚传 哇还有脑残液,推荐,7.2,32,141,优化有点差 希望后面优化一下 格子危机名不虚传 哇还有脑残液,优化,正面
2060,2060,2026-02-27,win10畅玩,推荐,5.3,14,73,win10畅玩,优化,正面
2061,2061,2026-02-27,我喜欢你,推荐,12.8,48,107,我喜欢你,其他,正面
2062,2062,2026-02-27,123124125,推荐,8.1,41,50,123124125,其他,正面
2063,2063,2026-02-27,我要把这个游戏推荐给我的仇人,推荐,2.1,4,163,我要把这个游戏推荐给我的仇人,其他,正面
2064,2064,2026-02-27,还是好玩的,推荐,8.8,30,139,还是好玩的,玩法,正面
2065,2065,2026-02-27,爽,推荐,5.7,50,159,爽,其他,正面
2066,2066,2026-02-27,这逼良子一直在走廊里晃来晃去，你一走他就回头，真的傻逼做的,不推荐,7.2,10,169,这逼良子一直在走廊里晃来晃去 你一走他就回头 真的傻逼做的,玩法,负面
2067,2067,2026-02-27,除了不能定义时代，其他方面做到了几近完美的作品，非常推荐原价购买！！,推荐,12.0,1,160,除了不能定义时代 其他方面做到了几近完美的作品 非常推荐原价购买,价格,正面
2068,2068,2026-02-27,牛逼,推荐,9.4,7,166,牛逼,其他,正面
2069,2069,2026-02-27,真好，我李三光又回来了,推荐,4.1,18,127,真好 我李三光又回来了,情怀,正面
2070,2070,2026-02-27,环境音特别好，比往作好，cv配音立大功，一点b环境音就给女主吓得尖叫的。,推荐,7.2,28,37,环境音特别好 比往作好 cv配音立大功 一点b环境音就给女主吓得尖叫的,音效,正面
2071,2071,2026-02-27,打斗最爽的一部生化危机，里昂简直就是战神从打出僵直到体术，接近战处决顺畅无比，更别提近战还是无限耐久了，游戏建议改名生化无双😂,推荐,10.3,40,149,打斗最爽的一部生化危机 里昂简直就是战神从打出僵直到体术 接近战处决顺畅无比 更别提近战还是无限耐久了 游戏建议改名生化无双,玩法,正面
2072,2072,2026-02-27,豪玩,推荐,10.8,14,123,豪玩,其他,正面
2073,2073,2026-02-27,目前画面最后的一部，演出效果大大增强,推荐,13.2,30,139,目前画面最后的一部 演出效果大大增强,画面,正面
2074,2074,2026-02-27,生化危机还说什么呢,推荐,5.2,39,98,生化危机还说什么呢,情怀,正面
2075,2075,2026-02-27,没有辜负近三年的等待，就俩字，好玩，确实是实打实打的把老生化和新生化融合一体，虽然剧情略有不足（优化有一点点问题），但是游戏性覆盖了我对游戏剧情的不满之处，期待后续更新（,推荐,9.7,24,33,没有辜负近三年的等待 就俩字 好玩 确实是实打实打的把老生化和新生化融合一体 虽然剧情略有不足 优化有一点点问题 但是游戏性覆盖了我对游戏剧情的不满之处 期待后续更新,玩法,正面
2076,2076,2026-02-27,优化没毛病非常好，但是还是有解密游戏的通病，有些地方又臭又长还重复，但是还是不得不说，re牛逼！！！,推荐,12.5,25,34,优化没毛病非常好 但是还是有解密游戏的通病 有些地方又臭又长还重复 但是还是不得不说 re牛逼,玩法,正面
2077,2077,2026-02-27,电脑里有一款卡普空制作，有集中模式，主角战斗爽并且可以gp和相杀，武器用久后需要磨刀，并且和大型怪物战斗的游戏。哦，原来是生化危机啊，我还以为是某个叫德田的家伙做出来的大粪呢。,推荐,10.8,11,70,电脑里有一款卡普空制作 有集中模式 主角战斗爽并且可以gp和相杀 武器用久后需要磨刀 并且和大型怪物战斗的游戏 哦 原来是生化危机啊 我还以为是某个叫德田的家伙做出来的大粪呢,情怀,正面
2078,2078,2026-02-27,里昂雨中走出来的一刻，保护伞最严厉的父亲又来了！目前感觉不错，游戏体验流畅，剧情代入也不错。遗憾的是估计不会有王姐的剧情了，卡婊真是不听劝。哪怕希望在结尾能听见里昂说一句：快点结束吧，今晚艾达还在餐厅等我呢。,推荐,3.8,27,136,里昂雨中走出来的一刻 保护伞最严厉的父亲又来了 目前感觉不错 游戏体验流畅 剧情代入也不错 遗憾的是估计不会有王姐的剧情了 卡婊真是不听劝 哪怕希望在结尾能听见里昂说一句 快点结束吧 今晚艾达还在餐厅等我呢,画面,正面
2079,2079,2026-02-27,Good Good! 里昂纯魅魔的,推荐,9.5,4,163,Good Good 里昂纯魅魔的,情怀,正面
2080,2080,2026-02-27,这个画面只能说优化一般，画面可选项少了很多，手柄适配差，显示支持Dualsense手柄实际上根本没适配，连普通的震动都少得可怜，手感比生化4重制比差多了，白期待了,不推荐,4.8,37,96,这个画面只能说优化一般 画面可选项少了很多 手柄适配差 显示支持Dualsense手柄实际上根本没适配 连普通的震动都少得可怜 手感比生化4重制比差多了 白期待了,画面,负面
2081,2081,2026-02-27,游戏是好游戏，但你页面介绍支持dual sense手柄，结果游戏又完全不支持，你这是搞诈骗吗？太失望了！,不推荐,2.8,43,102,游戏是好游戏 但你页面介绍支持dual sense手柄 结果游戏又完全不支持 你这是搞诈骗吗 太失望了,其他,负面
2082,2082,2026-02-27,生化危机果然还是这么棒。每次里昂出现的时候不管前面多紧张害怕都会一瞬间放松下来，安全感满满，不愧是最帅的男人,推荐,8.6,31,90,生化危机果然还是这么棒 每次里昂出现的时候不管前面多紧张害怕都会一瞬间放松下来 安全感满满 不愧是最帅的男人,情怀,正面
2083,2083,2026-02-27,一口气玩了七个小时不费劲，看得出来卡婊用心好好打磨了这部生化30周年作，特别是剧情这方面，我居然头一回玩生化危机的玩哭（遇见小女孩艾米莉，一开始我以为她和七代的伊芙琳一样，人面兽心的，结果没想到还真是个“普通”小女孩。把艾米莉放出来后能明显感觉到格蕾丝的身上多了一份想要守护别人的勇气和决心，硬是顶着伊森同款恐怖＋加密的操蛋关卡带着艾米莉逃出了医院，虽然坠机了）但是byd卡婊，你怎么能够忍心让艾米莉变异的？？？？我操控里昂真的不想开枪啊！！！等玩到后面看看有没有反转吧，先骂一下卡婊,推荐,9.8,38,47,一口气玩了七个小时不费劲 看得出来卡婊用心好好打磨了这部生化30周年作 特别是剧情这方面 我居然头一回玩生化危机的玩哭 遇见小女孩艾米莉 一开始我以为她和七代的伊芙琳一样 人面兽心的 结果没想到还真是个 普通 小女孩 把艾米莉放出来后能明显感觉到格蕾丝的身上多了一份想要守护别人的勇气和决心 硬是顶着伊森同款恐怖 加密的操蛋关卡带着艾米莉逃出了医院 虽然坠机了 但是byd卡婊 你怎么能够忍心让艾米莉变异的 我操控里昂真的不想开枪啊 等玩到后面看看有没有反转吧 先骂一下卡婊,剧情,正面
2084,2084,2026-02-27,好玩,推荐,9.1,25,134,好玩,玩法,正面
2085,2085,2026-02-27,这游戏优化说实话比大部分单机游戏都好麻了，4070全高画质2k分辨率加DLSS大部分场景能稳160~180帧，放目前别的单机游戏画质又不行的优化不行的都直接90帧不到了,推荐,6.2,23,32,这游戏优化说实话比大部分单机游戏都好麻了 4070全高画质2k分辨率加DLSS大部分场景能稳160 180帧 放目前别的单机游戏画质又不行的优化不行的都直接90帧不到了,优化,正面
2086,2086,2026-02-27,第一人称恐怖至极 吓死了 推荐,推荐,2.1,46,55,第一人称恐怖至极 吓死了 推荐,玩法,正面
2087,2087,2026-02-27,真的是好玩，无论是系统还是画面都是顶级，放心入没问题,推荐,12.1,38,147,真的是好玩 无论是系统还是画面都是顶级 放心入没问题,玩法,正面
2088,2088,2026-02-27,浣熊市太顶了,推荐,12.1,45,204,浣熊市太顶了,情怀,正面
2089,2089,2026-02-27,格蕾丝部分是生化7，里昂部分则是重置4 但多个半开放探索战斗依然爽，2主角转场叙事比前2重置作好很多，推荐早买享受,推荐,9.3,29,138,格蕾丝部分是生化7 里昂部分则是重置4 但多个半开放探索战斗依然爽 2主角转场叙事比前2重置作好很多 推荐早买享受,玩法,正面
2090,2090,2026-02-27,还没通关,推荐,15.3,41,200,还没通关,其他,正面
2091,2091,2026-02-27,集大成但是没太多新活的作品，很平稳，2-4-6的恐怖资源管理＋战斗爽全都很完美的融入了，喜欢这个系列的无脑入吧，也建议等打折，可玩的东西还是有点少了。,推荐,9.9,41,100,集大成但是没太多新活的作品 很平稳 2 4 6的恐怖资源管理 战斗爽全都很完美的融入了 喜欢这个系列的无脑入吧 也建议等打折 可玩的东西还是有点少了,玩法,正面
2092,2092,2026-02-27,好玩,推荐,3.4,36,195,好玩,玩法,正面
2093,2093,2026-02-27,666666666666,推荐,8.7,36,95,666666666666,其他,正面
2094,2094,2026-02-27,生化危机9是我2025年截至到26年2月唯一一个预购首发游玩没有翻车的游戏了，没有遇到BUG，游戏人物建模很精美，游戏优化也特别好，双主角玩法情拉满，系列重制版巅峰之作！,推荐,10.7,7,166,生化危机9是我2025年截至到26年2月唯一一个预购首发游玩没有翻车的游戏了 没有遇到BUG 游戏人物建模很精美 游戏优化也特别好 双主角玩法情拉满 系列重制版巅峰之作,玩法,正面
2095,2095,2026-02-27,格蕾丝手枪打丧尸6枪头不死，卡普空你妈死了,不推荐,3.5,25,34,格蕾丝手枪打丧尸6枪头不死 卡普空你妈死了,玩法,负面
2096,2096,2026-02-27,还行，WIN10系统也能玩,推荐,9.6,10,69,还行 WIN10系统也能玩,优化,正面
2097,2097,2026-02-27,操纵里昂的时候我不时就感慨 “天呐这不就是我嘛，我的上帝这简直就是我”,推荐,13.6,14,23,操纵里昂的时候我不时就感慨 天呐这不就是我嘛 我的上帝这简直就是我,情怀,正面
2098,2098,2026-02-27,有那意思了 爽,推荐,14.6,23,182,有那意思了 爽,情怀,正面
2099,2099,2026-02-27,里昂太帅了简直是战神,推荐,8.5,5,64,里昂太帅了简直是战神,情怀,正面
2100,2100,2026-02-27,一到里昂线，安全感一下子就上来了,推荐,6.7,28,187,一到里昂线 安全感一下子就上来了,情怀,正面
2101,2101,2026-02-27,"玩完最大的感想就是:
格蕾丝——格子的危机
李三光——丧尸的危机",推荐,15.8,23,82,玩完最大的感想就是 格蕾丝 格子的危机 李三光 丧尸的危机,情怀,正面
2102,2102,2026-02-27,好玩，爱玩,推荐,15.3,17,176,好玩 爱玩,玩法,正面
2103,2103,2026-02-27,里昂回归,推荐,6.4,15,124,里昂回归,情怀,正面
2104,2104,2026-02-27,hei死我哩,推荐,7.0,15,24,hei死我哩,其他,正面
2105,2105,2026-02-27,生化危机集大成之作，双主角体验两种玩法,推荐,6.2,38,147,生化危机集大成之作 双主角体验两种玩法,玩法,正面
2106,2106,2026-02-27,完美作品，无需多言,推荐,4.2,24,183,完美作品 无需多言,情怀,正面
2107,2107,2026-02-27,只想一直扮演里昂老先生说是，就是说啥呢，找一堆破烂小刀拆成废料再抽三次小怪的血再用这堆破烂做成三个溶血剂扎死一个胖子和梆梆给胖子一顿喷再用斧头处决三次哪个更爽就不用多说了吧家人们。,推荐,12.1,14,23,只想一直扮演里昂老先生说是 就是说啥呢 找一堆破烂小刀拆成废料再抽三次小怪的血再用这堆破烂做成三个溶血剂扎死一个胖子和梆梆给胖子一顿喷再用斧头处决三次哪个更爽就不用多说了吧家人们,玩法,正面
2108,2108,2026-02-27,里昂牛福,推荐,8.8,18,177,里昂牛福,情怀,正面
2109,2109,2026-02-27,好玩,推荐,5.0,48,107,好玩,玩法,正面
2110,2110,2026-02-27,虽然流程还是短了点，但是里昂能够继续出现在作品中，我还是很开心的。,推荐,6.8,34,93,虽然流程还是短了点 但是里昂能够继续出现在作品中 我还是很开心的,情怀,正面
2111,2111,2026-02-27,李三光还是一如既往的帅,推荐,9.4,49,158,李三光还是一如既往的帅,情怀,正面
2112,2112,2026-02-27,又不给ds手柄做适配,不推荐,6.5,17,26,又不给ds手柄做适配,优化,负面
2113,2113,2026-02-27,我第一次接触这种游戏我觉得蛮好玩但是真的遭不住了胆小的我快被吓哭了qwq,推荐,9.3,27,136,我第一次接触这种游戏我觉得蛮好玩但是真的遭不住了胆小的我快被吓哭了qwq,其他,正面
2114,2114,2026-02-27,好玩，吓人,推荐,8.9,45,154,好玩 吓人,玩法,正面
2115,2115,2026-02-27,有的人看看库里3A没有几个，玩过的游戏也不多，但是不知道为啥，这些人好像对3A游戏的要求额外的高，咱也不知道你是玩过多少大作还是怎么的，口味垫到天上去了么？还是一个破TM手柄问题就掩盖了这个游戏所有的优点？我两个DSE手柄都没跟某些人那样喷那么脏，真的恶心,推荐,4.8,48,57,有的人看看库里3A没有几个 玩过的游戏也不多 但是不知道为啥 这些人好像对3A游戏的要求额外的高 咱也不知道你是玩过多少大作还是怎么的 口味垫到天上去了么 还是一个破TM手柄问题就掩盖了这个游戏所有的优点 我两个DSE手柄都没跟某些人那样喷那么脏 真的恶心,其他,正面
2116,2116,2026-02-27,"我先不玩了，有BUG。检查室一共三个敌人，我杀光了，然后用药剂销毁了一具尸体（药剂极为稀少，暗杀用的，也可以溶解尸体，但是这个超级傻逼，最后我在说）还剩两具尸体，发现屋里有需要解密的地方就先走了，找到东西回来后其中一具尸体变异了，打头20颗子弹才能打死，然后就剩3颗子弹了，后发现找到的东西不匹配，再次去寻找，折返回来后发现地上变异尸体没了，再走两步他妈的两具尸体同时变异了。本来这傻逼格蕾丝走路走不稳、枪也拿不住，瞄准还打晃，我还就剩他妈的三颗子弹，也没刀具、也没有体术，傻逼吧，怎么打！回答我！
说到刚才药剂，需要一个废料合成，药剂可以秒杀一个小怪（暗杀，暗杀！），一个废料可以合成8颗手枪子弹，小怪只需要3-4颗子弹就能打死，我就想问问，哪个天才设计的这套逻辑，回答我！
没有药剂时子弹打死的怪物都会随机变异么？我不清楚，但是目前我遇到了7只了，物资基本收集完了，现在某个房间还养着两只变异怪，关游戏睡觉。
",推荐,7.6,30,139,我先不玩了 有BUG 检查室一共三个敌人 我杀光了 然后用药剂销毁了一具尸体 药剂极为稀少 暗杀用的 也可以溶解尸体 但是这个超级傻逼 最后我在说 还剩两具尸体 发现屋里有需要解密的地方就先走了 找到东西回来后其中一具尸体变异了 打头20颗子弹才能打死 然后就剩3颗子弹了 后发现找到的东西不匹配 再次去寻找 折返回来后发现地上变异尸体没了 再走两步他妈的两具尸体同时变异了 本来这傻逼格蕾丝走路走不稳 枪也拿不住 瞄准还打晃 我还就剩他妈的三颗子弹 也没刀具 也没有体术 傻逼吧 怎么打 回答我 说到刚才药剂 需要一个废料合成 药剂可以秒杀一个小怪 暗杀 暗杀 一个废料可以合成8颗手枪子弹 小怪只需要3 4颗子弹就能打死 我就想问问 哪个天才设计的这套逻辑 回答我 没有药剂时子弹打死的怪物都会随机变异么 我不清楚 但是目前我遇到了7只了 物资基本收集完了 现在某个房间还养着两只变异怪 关游戏睡觉,玩法,正面
2117,2117,2026-02-27,good,推荐,6.9,5,64,good,其他,正面
2118,2118,2026-02-27,好玩,推荐,6.6,26,135,好玩,玩法,正面
2119,2119,2026-02-27,"打了几章简单锐评一下, 等打通再补
节奏很好, 一张一弛
Grace负责咔咔, 章节全部的恐怖感都来自女主的演绎上了, 比场景本身的氛围还要好, 非常入戏, 配音演出真的棒
老李负责乱杀, 没了

有几个硬件问题
1. 开路径光追就必须开帧生成, 互相不能单独关, 试图关帧生成会当场给你freeze, 先关路径追踪再关帧生成就没问题, 强绑定的话为什么选项滑块不给做成不可选呢
2. 不支持ps5手柄是让我觉得匪夷所思或者匪夷索思的事情, 为了ps5销量sony又拼了",推荐,10.0,10,119,打了几章简单锐评一下 等打通再补 节奏很好 一张一弛 Grace负责咔咔 章节全部的恐怖感都来自女主的演绎上了 比场景本身的氛围还要好 非常入戏 配音演出真的棒 老李负责乱杀 没了 有几个硬件问题 1 开路径光追就必须开帧生成 互相不能单独关 试图关帧生成会当场给你freeze 先关路径追踪再关帧生成就没问题 强绑定的话为什么选项滑块不给做成不可选呢 2 不支持ps5手柄是让我觉得匪夷所思或者匪夷索思的事情 为了ps5销量sony又拼了,音效,正面
2120,2120,2026-02-27,"不说别的
这一带格蕾丝线的动态资源是不是有问题？我打到胖子那就剩一发9mm，没有安魂没有刀没有注射器你让我怎么过？",不推荐,6.6,33,192,不说别的 这一带格蕾丝线的动态资源是不是有问题 我打到胖子那就剩一发9mm 没有安魂没有刀没有注射器你让我怎么过,玩法,负面
2121,2121,2026-02-27,I like this 是正统的生化危机游戏。,推荐,7.4,6,165,I like this 是正统的生化危机游戏,情怀,正面
2122,2122,2026-02-27,gooooooooooooooood,推荐,12.6,6,65,gooooooooooooooood,其他,正面
2123,2123,2026-02-27,很好玩，里昂线战斗爽，女主线恐怖，就是女主叛变那里太突兀了,推荐,12.2,43,52,很好玩 里昂线战斗爽 女主线恐怖 就是女主叛变那里太突兀了,剧情,正面
2124,2124,2026-02-27,忠粉在线,推荐,5.9,40,149,忠粉在线,情怀,正面
2125,2125,2026-02-27,非常好的游戏使我的皮古旋转,推荐,9.9,35,44,非常好的游戏使我的皮古旋转,情怀,正面
2126,2126,2026-02-27,fbi女探员可能都没我这个200斤肥宅跑得快，全程玩的脑溢血，剧情看的也脑溢血，好不容易玩到里昂了没十来分钟就给你切走了，日本人都是什么变态，知道你喜欢玩里昂就是不给你玩，等到你实在是想的不行了才给你摸一下，然后又给你切走了,不推荐,2.3,7,116,fbi女探员可能都没我这个200斤肥宅跑得快 全程玩的脑溢血 剧情看的也脑溢血 好不容易玩到里昂了没十来分钟就给你切走了 日本人都是什么变态 知道你喜欢玩里昂就是不给你玩 等到你实在是想的不行了才给你摸一下 然后又给你切走了,剧情,负面
2127,2127,2026-02-27,"格蕾丝关卡氛围感做的蛮不错的，行为动作啥的也符合一个胆小的新人，平地摔是真的呆逼
子弹给的很少，药给的很多，要注重背包管理，全程潜行玩起来有点美末的味道

里昂关卡纯爽，手斧处决太帅了，就是太短了没爽够就切格蕾丝了

物品使用后自动丢弃终于有了，不用每次还得手动丢一下

唯一一点差评：ds5完全没适配 

ps：唱歌僵尸挺瑟的😍，导致压迫感差点意思",推荐,5.4,46,205,格蕾丝关卡氛围感做的蛮不错的 行为动作啥的也符合一个胆小的新人 平地摔是真的呆逼 子弹给的很少 药给的很多 要注重背包管理 全程潜行玩起来有点美末的味道 里昂关卡纯爽 手斧处决太帅了 就是太短了没爽够就切格蕾丝了 物品使用后自动丢弃终于有了 不用每次还得手动丢一下 唯一一点差评 ds5完全没适配 ps 唱歌僵尸挺瑟的 导致压迫感差点意思,玩法,正面
2128,2128,2026-02-27,太好了,推荐,11.6,3,162,太好了,其他,正面
2129,2129,2026-02-27,给那些动不动就给差评的人看，你们打不开游戏就一把火烧了，啥也不是的小丑,推荐,13.8,49,208,给那些动不动就给差评的人看 你们打不开游戏就一把火烧了 啥也不是的小丑,其他,正面
2130,2130,2026-02-27,挺好玩的,推荐,5.9,43,52,挺好玩的,玩法,正面
2131,2131,2026-02-27,里昂帅的一,推荐,6.8,44,203,里昂帅的一,情怀,正面
2132,2132,2026-02-27,里昂是真的帅！！！！！！,推荐,2.0,21,80,里昂是真的帅,情怀,正面
2133,2133,2026-02-27,好玩,推荐,11.3,41,50,好玩,玩法,正面
2134,2134,2026-02-27,好玩，就是细节还有待打磨，像楼梯上死的丧尸像个木条一样平插到楼梯上有点无语，还有开局里昂线进疗养院那块丧尸捡电锯动作太唐了，完了几个小时感觉里昂线还是太短了了，每次切过去几分钟就完事，狙的手感跟页游一样，远不如RE4的狙，还有祖传的保险丝，开局远远看到那个B保险丝盒，我就知道又缺一根保险丝了。目前游玩体验感觉能给8.5分吧,推荐,8.2,36,95,好玩 就是细节还有待打磨 像楼梯上死的丧尸像个木条一样平插到楼梯上有点无语 还有开局里昂线进疗养院那块丧尸捡电锯动作太唐了 完了几个小时感觉里昂线还是太短了了 每次切过去几分钟就完事 狙的手感跟页游一样 远不如RE4的狙 还有祖传的保险丝 开局远远看到那个B保险丝盒 我就知道又缺一根保险丝了 目前游玩体验感觉能给8 5分吧,玩法,正面
2135,2135,2026-02-27,想锁里昂牛子,推荐,11.4,1,10,想锁里昂牛子,其他,正面
2136,2136,2026-02-27,还可以,推荐,4.5,46,105,还可以,其他,正面
2137,2137,2026-02-27,第一次预购，感觉游戏还是可以的,推荐,6.8,37,96,第一次预购 感觉游戏还是可以的,情怀,正面
2138,2138,2026-02-27,格蕾丝可爱捏,推荐,4.8,9,18,格蕾丝可爱捏,其他,正面
2139,2139,2026-02-27,good,推荐,8.2,16,25,good,其他,正面
2140,2140,2026-02-27,缝合了生化2和生化4重置  生2部分比以前轻松 生4部分比以前打的爽     就是能不能把这个什么金币收集删掉 前期占格子太难受了 还一直犹豫要不要捡,推荐,11.1,43,102,缝合了生化2和生化4重置 生2部分比以前轻松 生4部分比以前打的爽 就是能不能把这个什么金币收集删掉 前期占格子太难受了 还一直犹豫要不要捡,玩法,正面
2141,2141,2026-02-27,"大家好：
我是《生化危机9》里昂·S·肯尼迪的脸模。游戏已正式上线，此刻终于可以分享这个消息。
能够参与这部作品，为里昂这一经典角色注入真实的面部细节，是我的荣幸。我与卡普空团队通过面部扫描与表情捕捉技术，力求呈现角色在极端环境下的情绪张力与真实质感。
你们将在游戏中看到由我参与塑造的里昂·肯尼迪。希望大家能在这场全新冒险中，感受到我们的心血与诚意。欢迎届时体验。",推荐,9.7,45,104,大家好 我是 生化危机9 里昂 S 肯尼迪的脸模 游戏已正式上线 此刻终于可以分享这个消息 能够参与这部作品 为里昂这一经典角色注入真实的面部细节 是我的荣幸 我与卡普空团队通过面部扫描与表情捕捉技术 力求呈现角色在极端环境下的情绪张力与真实质感 你们将在游戏中看到由我参与塑造的里昂 肯尼迪 希望大家能在这场全新冒险中 感受到我们的心血与诚意 欢迎届时体验,画面,正面
2142,2142,2026-02-27,"RESIDENT EVIL requiem - Crash
An unhandled exception occurred.
re9.exe!0x140000000 + 0x9e7eabe
re9.exe!0x140000000 + 0x9e7e2fd
你们敢信我这86分钟全在跟这几行报错在斗智斗勇？
还有我STEAM文件夹下根本没有一个叫hid.dll的玩意儿，我甚至买了一个月奇游加速器就为了那个修复闪退功能，依然叼用没有。",不推荐,1.4,2,161,RESIDENT EVIL requiem Crash An unhandled exception occurred re9 exe 0x140000000 0x9e7eabe re9 exe 0x140000000 0x9e7e2fd 你们敢信我这86分钟全在跟这几行报错在斗智斗勇 还有我STEAM文件夹下根本没有一个叫hid dll的玩意儿 我甚至买了一个月奇游加速器就为了那个修复闪退功能 依然叼用没有,优化,负面
2143,2143,2026-02-27,"里昂，好久不见。

3440x1440，图形质量最高，光线追踪高，DLAA，DLSS2X，平均帧率100-120，畅玩~
光线追踪设置为路径追踪：
DLAA，2X有50+帧率，3X有70+帧率，4X有90+帧率，但是3X/4X画面移动果冻效应太明显，不建议设置3X/4X。
质量，2X有90+帧率。

AMD：7800X3D
GPU：5070TI
RAM：32G",推荐,5.8,39,198,里昂 好久不见 3440x1440 图形质量最高 光线追踪高 DLAA DLSS2X 平均帧率100 120 畅玩 光线追踪设置为路径追踪 DLAA 2X有50 帧率 3X有70 帧率 4X有90 帧率 但是3X 4X画面移动果冻效应太明显 不建议设置3X 4X 质量 2X有90 帧率 AMD 7800X3D GPU 5070TI RAM 32G,画面,正面
2144,2144,2026-02-27,平稳落地就是好事,推荐,1.7,3,112,平稳落地就是好事,情怀,正面
2145,2145,2026-02-27,游戏非常喜欢，好玩,推荐,4.1,26,35,游戏非常喜欢 好玩,玩法,正面
2146,2146,2026-02-27,里昂再战二十年好吗，我什么都会做的,推荐,13.6,11,170,里昂再战二十年好吗 我什么都会做的,情怀,正面
2147,2147,2026-02-27,直接通关，蛮好玩,推荐,9.5,28,137,直接通关 蛮好玩,玩法,正面
2148,2148,2026-02-27,太爽了太爽了太爽了！里昂真男人，越来越有味道！,推荐,3.6,46,155,太爽了太爽了太爽了 里昂真男人 越来越有味道,情怀,正面
2149,2149,2026-02-27,"不愧是生化危机
从小时候通过电影了解生化系列，到23年看到了生化4重制的推广，再到高考完之后用奖金购买了自己的第一款游戏——4re，可以说生化系列贯穿了我的生活，于是，当我知道生化危机9之后，我几乎是没有任何犹豫地预购
对于一直关注生化危机，每款游戏都看了无数遍通关流程的我来说，生化9就是我心目中生化危机游戏的一个优秀模板，既可以体验老生化的生存恐怖，又可以扮演三光疯狂杀杀杀，唯一有点遗憾的就是格蕾丝与里昂之间的流程是交替的，如果做成老2那样的表里关，或许更好吧
生化9没有让我失望，之前有朋友问我生化危机从哪部入坑，我的回答是4re，2re，7，而现在，我觉得9也可以成为入坑作，它拥有系列的精华，也许有瑕疵，也许它不尽完美，但是，毫无疑问，它的质量对得起玩家",推荐,7.8,36,195,不愧是生化危机 从小时候通过电影了解生化系列 到23年看到了生化4重制的推广 再到高考完之后用奖金购买了自己的第一款游戏 4re 可以说生化系列贯穿了我的生活 于是 当我知道生化危机9之后 我几乎是没有任何犹豫地预购 对于一直关注生化危机 每款游戏都看了无数遍通关流程的我来说 生化9就是我心目中生化危机游戏的一个优秀模板 既可以体验老生化的生存恐怖 又可以扮演三光疯狂杀杀杀 唯一有点遗憾的就是格蕾丝与里昂之间的流程是交替的 如果做成老2那样的表里关 或许更好吧 生化9没有让我失望 之前有朋友问我生化危机从哪部入坑 我的回答是4re 2re 7 而现在 我觉得9也可以成为入坑作 它拥有系列的精华 也许有瑕疵 也许它不尽完美 但是 毫无疑问 它的质量对得起玩家,情怀,正面
2150,2150,2026-02-27,"大家好：
我是《生化危机9》里昂·S·肯尼迪的脸模。游戏已正式上线，此刻终于可以分享这个消息。
能够参与这部作品，为里昂这一经典角色注入真实的面部细节，是我的荣幸。我与卡普空团队通过面部扫描与表情捕捉技术，力求呈现角色在极端环境下的情绪张力与真实质感。
你们将在游戏中看到由我参与塑造的里昂·肯尼迪。希望大家能在这场全新冒险中，感受到我们的心血与诚意。欢迎届时体验。#生化危机9 #里昂",推荐,2.8,22,81,大家好 我是 生化危机9 里昂 S 肯尼迪的脸模 游戏已正式上线 此刻终于可以分享这个消息 能够参与这部作品 为里昂这一经典角色注入真实的面部细节 是我的荣幸 我与卡普空团队通过面部扫描与表情捕捉技术 力求呈现角色在极端环境下的情绪张力与真实质感 你们将在游戏中看到由我参与塑造的里昂 肯尼迪 希望大家能在这场全新冒险中 感受到我们的心血与诚意 欢迎届时体验 生化危机9 里昂,画面,正面
2151,2151,2026-02-27,"非常推荐,女线杀太多僵尸，导致里昂没杀几个怪，一到里昂，安全感直接起飞",推荐,10.9,35,144,非常推荐 女线杀太多僵尸 导致里昂没杀几个怪 一到里昂 安全感直接起飞,情怀,正面
2152,2152,2026-02-27,为了生化危机换了整套设备，只能说很值,推荐,1.4,21,30,为了生化危机换了整套设备 只能说很值,情怀,正面
2153,2153,2026-02-27,好玩爽玩,推荐,11.4,21,30,好玩爽玩,玩法,正面
2154,2154,2026-02-27,浣熊市还是这么热情好客,推荐,13.4,35,144,浣熊市还是这么热情好客,情怀,正面
2155,2155,2026-02-27,好玩，优化也不错，2026年出的游戏，我这四年前的4G显存笔记本还能流畅玩，这就是卡普空re引擎做箱庭的技术力。,推荐,12.1,27,86,好玩 优化也不错 2026年出的游戏 我这四年前的4G显存笔记本还能流畅玩 这就是卡普空re引擎做箱庭的技术力,优化,正面
2156,2156,2026-02-27,无PS手柄适配,不推荐,5.0,19,78,无PS手柄适配,优化,负面
2157,2157,2026-02-27,保时捷最完美的广告，今年一定要全款拿下,推荐,5.7,21,30,保时捷最完美的广告 今年一定要全款拿下,其他,正面
2158,2158,2026-02-27,"先说说最直观的体验——恐怖感真的回来了！开局操控格蕾丝潜入废弃旅馆，第一人称视角把压抑感拉满，远处的低语、转角突然响起的脚步声，还有那种“不知道下一秒会不会扑出东西”的不确定性，比单纯的跳脸杀更折磨人，好几次攥着鼠标不敢动，这才是生化该有的味道啊！不像前两作偏动作，这作格蕾丝线完全回归生存恐怖，资源少到离谱，每一颗子弹都要省着用，抽血制道具的设定很新颖，但抽取时不能暂停，敌人围过来的时候真的手心冒汗，这种资源焦虑感太对味了。

然后是情怀杀——里昂大叔太帅了！玩到里昂登场的章节直接破防，中年沧桑感拉满，但战斗起来依旧能打，新增的战斧弹反、电锯反杀帅到炸裂，第三人称视角的动作流畅度拉满，打击感扎实，和格蕾丝线的潜行压抑形成鲜明对比，一紧一松的节奏刚好，不会玩久了觉得累。而且回归浣熊市的设定太戳老粉，熟悉又陌生的场景，细节拉满，仿佛又回到了1998年的那场浩劫，这种回望系列历史的感觉，真的很戳人。

两小时里，双线叙事的框架已经很清晰了，格蕾丝追查母亲死亡真相，里昂调查离奇命案，两条线索隐约有交织，每一段剧情都有伏笔，让人忍不住想继续往下玩，解锁完整的故事拼图。

小缺点也有，里昂的跑动动作偶尔有点僵硬，受击反馈不够实，不过这些小问题完全不影响整体体验，毕竟刚玩两小时，后续应该会有补丁优化。

总结一下：不管是老粉还是新玩家，都值得入手！老粉能get到满满的情怀和系列回归的感动，新玩家能体验到最纯粹的生存恐怖+爽快动作，两小时已经让我彻底上头，接下来准备肝完主线，解锁所有隐藏内容。

期待后续章节不翻车，成为系列又一神作✅",推荐,2.8,1,110,先说说最直观的体验 恐怖感真的回来了 开局操控格蕾丝潜入废弃旅馆 第一人称视角把压抑感拉满 远处的低语 转角突然响起的脚步声 还有那种 不知道下一秒会不会扑出东西 的不确定性 比单纯的跳脸杀更折磨人 好几次攥着鼠标不敢动 这才是生化该有的味道啊 不像前两作偏动作 这作格蕾丝线完全回归生存恐怖 资源少到离谱 每一颗子弹都要省着用 抽血制道具的设定很新颖 但抽取时不能暂停 敌人围过来的时候真的手心冒汗 这种资源焦虑感太对味了 然后是情怀杀 里昂大叔太帅了 玩到里昂登场的章节直接破防 中年沧桑感拉满 但战斗起来依旧能打 新增的战斧弹反 电锯反杀帅到炸裂 第三人称视角的动作流畅度拉满 打击感扎实 和格蕾丝线的潜行压抑形成鲜明对比 一紧一松的节奏刚好 不会玩久了觉得累 而且回归浣熊市的设定太戳老粉 熟悉又陌生的场景 细节拉满 仿佛又回到了1998年的那场浩劫 这种回望系列历史的感觉 真的很戳人 两小时里 双线叙事的框架已经很清晰了 格蕾丝追查母亲死亡真相 里昂调查离奇命案 两条线索隐约有交织 每一段剧情都有伏笔 让人忍不住想继续往下玩 解锁完整的故事拼图 小缺点也有 里昂的跑动动作偶尔有点僵硬 受击反馈不够实 不过这些小问题完全不影响整体体验 毕竟刚玩两小时 后续应该会有补丁优化 总结一下 不管是老粉还是新玩家 都值得入手 老粉能get到满满的情怀和系列回归的感动 新玩家能体验到最纯粹的生存恐怖 爽快动作 两小时已经让我彻底上头 接下来准备肝完主线 解锁所有隐藏内容 期待后续章节不翻车 成为系列又一神作,剧情,正面
2159,2159,2026-02-27,超级好玩！！！,推荐,14.7,44,203,超级好玩,玩法,正面
2160,2160,2026-02-27,玩格蕾丝被吓哭后看到里昂就跟看到尊佛一样,推荐,1.9,43,152,玩格蕾丝被吓哭后看到里昂就跟看到尊佛一样,情怀,正面
2161,2161,2026-02-27,比战地6好玩,推荐,3.4,42,151,比战地6好玩,其他,正面
2162,2162,2026-02-27,好玩,推荐,5.7,38,47,好玩,玩法,正面
2163,2163,2026-02-27,神中神，生化系列集大成之作,推荐,13.1,7,16,神中神 生化系列集大成之作,情怀,正面
2164,2164,2026-02-27,自己给我送的礼物，真的无语死了..我还以为是啥呢，结果就是个我很想要的游戏，好像叫生化危机9卡普空销量最高最知名游戏系列正统续作第九部，次世代标杆，凭借REX引擎带来电影级视听革新。可在第一人称的沉浸恐怖与第三人称的经典动作间自由切换，并回归资源管理与探索解谜的生存恐怖本源。游戏重返标志性的浣熊市废墟，将面对能带来全新压迫感的追踪者型敌人，继生化危机4重制版时隔3年之后推出的开发周期最长的全新力作，但是是我自己送我的，真的没有任何想要炫耀的意思，只是想跟大伙说明一下，这里面我没花一分钱全是我自己给买的，我说这话不是为了炫耀什么，但是只是想强调一下这是我买的，真的不是为了跟大伙炫耀，毕竟这是我买的，不是说我在炫耀什么噢，我买的就是好，我觉得这没什么好炫耀的，毕竟是我买的，只是发出来给大家看一下，并没有要炫耀的意思，只是想说明一下这是我买的，仅此而已并没有任何炫耀的意思，但是这是我买来送给我的，所以我并不是来炫耀的，只是想告知大伙一下这是我给我买的大家应该都知道我说这么多是为了什么了是为了让大家知道我给我自己买的,推荐,9.9,46,205,自己给我送的礼物 真的无语死了 我还以为是啥呢 结果就是个我很想要的游戏 好像叫生化危机9卡普空销量最高最知名游戏系列正统续作第九部 次世代标杆 凭借REX引擎带来电影级视听革新 可在第一人称的沉浸恐怖与第三人称的经典动作间自由切换 并回归资源管理与探索解谜的生存恐怖本源 游戏重返标志性的浣熊市废墟 将面对能带来全新压迫感的追踪者型敌人 继生化危机4重制版时隔3年之后推出的开发周期最长的全新力作 但是是我自己送我的 真的没有任何想要炫耀的意思 只是想跟大伙说明一下 这里面我没花一分钱全是我自己给买的 我说这话不是为了炫耀什么 但是只是想强调一下这是我买的 真的不是为了跟大伙炫耀 毕竟这是我买的 不是说我在炫耀什么噢 我买的就是好 我觉得这没什么好炫耀的 毕竟是我买的 只是发出来给大家看一下 并没有要炫耀的意思 只是想说明一下这是我买的 仅此而已并没有任何炫耀的意思 但是这是我买来送给我的 所以我并不是来炫耀的 只是想告知大伙一下这是我给我买的大家应该都知道我说这么多是为了什么了是为了让大家知道我给我自己买的,情怀,正面
2165,2165,2026-02-27,第一个场景真的很惊艳 怪物的行动交互很好 第一个场景开门杀 如果跑得太快会从天花板落下来 跑慢一点只会在屁股追你 还有里昂线的交互也很意思 你们见过npc被npc用电锯误伤刺穿 然后带着电锯跑过来抱住跟你同归于尽的嘛？值得一试，期待后续DLC。,推荐,2.6,10,69,第一个场景真的很惊艳 怪物的行动交互很好 第一个场景开门杀 如果跑得太快会从天花板落下来 跑慢一点只会在屁股追你 还有里昂线的交互也很意思 你们见过npc被npc用电锯误伤刺穿 然后带着电锯跑过来抱住跟你同归于尽的嘛 值得一试 期待后续DLC,玩法,正面
2166,2166,2026-02-27,《支持您的DualSense控制器》支持给鬼了啊,不推荐,10.0,48,107,支持您的DualSense控制器 支持给鬼了啊,其他,负面
2167,2167,2026-02-27,战斗真的不行不如生四。我从来没见过开枪之后有那么大后摇的游戏，开枪之后那个拉栓和上膛后摇巨大。构思战斗明明有生四这么好的案例还做成这样。,不推荐,14.2,35,194,战斗真的不行不如生四 我从来没见过开枪之后有那么大后摇的游戏 开枪之后那个拉栓和上膛后摇巨大 构思战斗明明有生四这么好的案例还做成这样,玩法,负面
2168,2168,2026-02-27,出生卡普空又阉割ds手柄的适配，,不推荐,4.1,6,65,出生卡普空又阉割ds手柄的适配,其他,负面
2169,2169,2026-02-27,没有风大还是太吓人了,推荐,3.9,47,206,没有风大还是太吓人了,其他,正面
2170,2170,2026-02-27,里昂部分爽是太爽了直接全部近战抡死，格蕾丝部分经典也是太经典了怕有些萌新劝退,推荐,8.6,25,84,里昂部分爽是太爽了直接全部近战抡死 格蕾丝部分经典也是太经典了怕有些萌新劝退,玩法,正面
2171,2171,2026-02-27,好玩！不批话,推荐,3.4,16,75,好玩 不批话,玩法,正面
2172,2172,2026-02-27,逆天了，玩到里仰和格蕾丝相遇后的过场动画结束就崩溃报错了，试了好几个解决方案都没有任何效果。服了300多买个罪受难受死了，而且不开光追光栅玩着就是两个游戏。好好好，想要更好的游戏体验你得只能买老黄的5090，这么玩以后大厂全都这样谁还玩得起游戏啊。驱动也是。推送之前有没有bug都不测试一下。还有这个D加密，我认为我遇到这个问题100%都是D加密的锅，正版游戏的受害者，好好好，行行行。再这么继续搞下去谁还买正版游戏。🥲🥲🥲,不推荐,2.9,20,79,逆天了 玩到里仰和格蕾丝相遇后的过场动画结束就崩溃报错了 试了好几个解决方案都没有任何效果 服了300多买个罪受难受死了 而且不开光追光栅玩着就是两个游戏 好好好 想要更好的游戏体验你得只能买老黄的5090 这么玩以后大厂全都这样谁还玩得起游戏啊 驱动也是 推送之前有没有bug都不测试一下 还有这个D加密 我认为我遇到这个问题100 都是D加密的锅 正版游戏的受害者 好好好 行行行 再这么继续搞下去谁还买正版游戏,优化,负面
2173,2173,2026-02-27,一周目真是一口屎一口饭的感觉，里昂是那个饭。,推荐,9.8,19,128,一周目真是一口屎一口饭的感觉 里昂是那个饭,情怀,正面
2174,2174,2026-02-27,里昂帅炸了,推荐,0.2,9,118,里昂帅炸了,情怀,正面
2175,2175,2026-02-27,给想玩的各位一个忠告，等风灵老祖发功吧，疗养院真的是又臭又长,不推荐,14.4,15,24,给想玩的各位一个忠告 等风灵老祖发功吧 疗养院真的是又臭又长,玩法,负面
2176,2176,2026-02-27,好评，游戏性十足！唯一的不足就是操控的男主长着张和我差不多的脸，玩的时候有点出戏。,推荐,1.8,40,149,好评 游戏性十足 唯一的不足就是操控的男主长着张和我差不多的脸 玩的时候有点出戏,玩法,正面
2177,2177,2026-02-27,第一次首发300多买游戏，冲着里昂去的，买吧，不后悔，有里昂的生化就是好的生化！恐惧是对这个游戏最大的尊重，我是弱鸡哈哈哈,推荐,8.1,35,144,第一次首发300多买游戏 冲着里昂去的 买吧 不后悔 有里昂的生化就是好的生化 恐惧是对这个游戏最大的尊重 我是弱鸡哈哈哈,情怀,正面
2178,2178,2026-02-27,very good,推荐,5.9,27,136,very good,其他,正面
2179,2179,2026-02-27,本作有着两种截然不同的体验！里昂负责耍帅，格蕾丝负责胆小,推荐,8.0,23,32,本作有着两种截然不同的体验 里昂负责耍帅 格蕾丝负责胆小,剧情,正面
2180,2180,2026-02-27,爽。,推荐,6.3,41,200,爽,其他,正面
2181,2181,2026-02-27,原汁原味,推荐,6.7,1,160,原汁原味,情怀,正面
2182,2182,2026-02-27,生化情怀拉满！重返浣熊市的 nostalgia 密度爆表。新老主角双线叙事各有高光，资源管理和恐怖氛围都对味儿，这才是我要的生化正统续作！！！,推荐,6.0,47,106,生化情怀拉满 重返浣熊市的 nostalgia 密度爆表 新老主角双线叙事各有高光 资源管理和恐怖氛围都对味儿 这才是我要的生化正统续作,情怀,正面
2183,2183,2026-02-27,卧槽，喜欢生二的有福了，太好玩了……,推荐,13.1,30,89,卧槽 喜欢生二的有福了 太好玩了,情怀,正面
2184,2184,2026-02-27,格蕾丝就没有一点正面作战能力,推荐,2.2,3,12,格蕾丝就没有一点正面作战能力,剧情,正面
2185,2185,2026-02-27,推荐,推荐,5.5,19,128,推荐,其他,正面
2186,2186,2026-02-27,无敌了，量大管饱，但是没那么恐怖,推荐,12.3,22,181,无敌了 量大管饱 但是没那么恐怖,玩法,正面
2187,2187,2026-02-27,战斗太爽，疗养院主要操作格蕾丝，现在八个小时刚到浣熊市,推荐,14.1,8,117,战斗太爽 疗养院主要操作格蕾丝 现在八个小时刚到浣熊市,玩法,正面
2188,2188,2026-02-27,好玩爱玩,推荐,11.8,18,127,好玩爱玩,玩法,正面
2189,2189,2026-02-27,好好啊好好好！！,推荐,7.8,37,196,好好啊好好好,其他,正面
2190,2190,2026-02-27,两个字，好玩，有种玩生化危机2重制版既视感，女主给丧尸注射这一创新点我很喜欢。但是卡婊的游戏我以后不会再预购的了，先不说要等黄金版，这次还没到时间网上通关视频满天飞，什么里昂挂了啊这类的剧透真的很恶心啊,推荐,10.3,28,137,两个字 好玩 有种玩生化危机2重制版既视感 女主给丧尸注射这一创新点我很喜欢 但是卡婊的游戏我以后不会再预购的了 先不说要等黄金版 这次还没到时间网上通关视频满天飞 什么里昂挂了啊这类的剧透真的很恶心啊,玩法,正面
2191,2191,2026-02-27,"音效方面很好，包括但不限于完善的7.1音响支援和祖传的高质量译制腔配音。那问题在哪儿呢？

一个是ps5手柄支持。。。这相关特性压根不支持啊，那你商店页面写支持ps手柄搞毛。看人说ps5开篇下雨都有细致的反馈，擦。。。

还有这游戏hdr亮度裁剪得明显太低了(我用的lg g5 oled电视，相信我的👁👁)。油管上有人分析下来re9最高亮度950nits。。。。pc玩家要求高的话建议等renodx来救一手，已经在做了。

所以手柄体验 vs hdr，你只能ps5和pc究极二选一。不过深究起来明显pc版更难绷一点，显得放弃ps5版选了pc版的我很呆。。。",不推荐,0.5,42,101,音效方面很好 包括但不限于完善的7 1音响支援和祖传的高质量译制腔配音 那问题在哪儿呢 一个是ps5手柄支持 这相关特性压根不支持啊 那你商店页面写支持ps手柄搞毛 看人说ps5开篇下雨都有细致的反馈 擦 还有这游戏hdr亮度裁剪得明显太低了 我用的lg g5 oled电视 相信我的 油管上有人分析下来re9最高亮度950nits pc玩家要求高的话建议等renodx来救一手 已经在做了 所以手柄体验 vs hdr 你只能ps5和pc究极二选一 不过深究起来明显pc版更难绷一点 显得放弃ps5版选了pc版的我很呆,音效,负面
2192,2192,2026-02-27,大家好： 我是《生化危机9》里昂·S·肯尼迪的脸模。游戏现已正式上线，此刻终于可以分享这个消息。 能够参与这部作品，为里昂这一经典角色注入真实的面部细节，是我的荣幸。我与卡普空团队通过面部扫描与表情捕捉技术，力求呈现角色在极端环境下的情绪张力与真实质感。现在，你们将在游戏中看到由我共同塑造的里昂·肯尼迪。希望大家能在这场全新冒险中，感受到我们的心血与诚意，欢迎体验。,推荐,3.3,32,91,大家好 我是 生化危机9 里昂 S 肯尼迪的脸模 游戏现已正式上线 此刻终于可以分享这个消息 能够参与这部作品 为里昂这一经典角色注入真实的面部细节 是我的荣幸 我与卡普空团队通过面部扫描与表情捕捉技术 力求呈现角色在极端环境下的情绪张力与真实质感 现在 你们将在游戏中看到由我共同塑造的里昂 肯尼迪 希望大家能在这场全新冒险中 感受到我们的心血与诚意 欢迎体验,画面,正面
2193,2193,2026-02-27,温馨可爱战斗爽，还想继续玩,推荐,11.3,20,179,温馨可爱战斗爽 还想继续玩,玩法,正面
2194,2194,2026-02-27,裤子尿湿了,不推荐,0.6,47,206,裤子尿湿了,其他,负面
2195,2195,2026-02-27,好玩，代入感拉满，女主角长的也美,推荐,12.9,44,103,好玩 代入感拉满 女主角长的也美,玩法,正面
2196,2196,2026-02-27,哈哈哈,推荐,10.0,20,179,哈哈哈,其他,正面
2197,2197,2026-02-27,王阿姨没有你我该怎么活啊，伤心,推荐,2.4,38,197,王阿姨没有你我该怎么活啊 伤心,情怀,正面
2198,2198,2026-02-27,好玩 无需多言,推荐,9.3,32,191,好玩 无需多言,玩法,正面
2199,2199,2026-02-27,没有四好玩 但也是佳作了,推荐,11.1,11,20,没有四好玩 但也是佳作了,情怀,正面
2200,2200,2026-02-27,1点钟蹲的首发 7个小时下来感觉是在意料之中（没有辜负生化这个经典恐怖ip）有些地方大大超出我的预期 战斗手感 血腥程度相较于之前的作品提到了完全的升华 保留了战斗爽感的同时丝毫没有减弱本作的恐怖氛围 疗养院的气氛和一代洋馆很像 400预购花的一点不冤 就当给卡表出零重置和维罗妮卡的赞助了 综合下来是生化这个ip里面非常优秀的一代了,推荐,12.6,22,31,1点钟蹲的首发 7个小时下来感觉是在意料之中 没有辜负生化这个经典恐怖ip 有些地方大大超出我的预期 战斗手感 血腥程度相较于之前的作品提到了完全的升华 保留了战斗爽感的同时丝毫没有减弱本作的恐怖氛围 疗养院的气氛和一代洋馆很像 400预购花的一点不冤 就当给卡表出零重置和维罗妮卡的赞助了 综合下来是生化这个ip里面非常优秀的一代了,情怀,正面
2201,2201,2026-02-27,做了9年的产品，推出的是这种玩意，剧情和人物塑造的漏洞很多，二十几年的母女像是没有感情，剧情很恶趣味，女主直接把小女孩艾米丽害死了？？？而且里昂剧情太少像是临时加进去的，流程时间比4短，无法想象这个是号称开发时间最久耗资最多的产品，而且还是正传............如果是2年时间做出来的产品，那还能说得过去，我算你时间对半砍，没有做9年，做了4年半，那么长时间做出来这东西，明显就是没有诚意,不推荐,8.8,12,21,做了9年的产品 推出的是这种玩意 剧情和人物塑造的漏洞很多 二十几年的母女像是没有感情 剧情很恶趣味 女主直接把小女孩艾米丽害死了 而且里昂剧情太少像是临时加进去的 流程时间比4短 无法想象这个是号称开发时间最久耗资最多的产品 而且还是正传 如果是2年时间做出来的产品 那还能说得过去 我算你时间对半砍 没有做9年 做了4年半 那么长时间做出来这东西 明显就是没有诚意,剧情,负面
2202,2202,2026-02-27,太压抑了，想要战斗爽QAQ,推荐,5.5,21,180,太压抑了 想要战斗爽QAQ,玩法,正面
2203,2203,2026-02-27,"不！！！
艾——米——丽——
为什么要迫害一个香香软软可可爱爱人畜无害纯真无邪人见人爱的小萝莉！！！
你们这群冷酷无情的畜生，我永远不会原谅你们的😭😭😭",推荐,8.6,48,57,不 艾 米 丽 为什么要迫害一个香香软软可可爱爱人畜无害纯真无邪人见人爱的小萝莉 你们这群冷酷无情的畜生 我永远不会原谅你们的,剧情,正面
2204,2204,2026-02-27,"怎么说呢，里昂线你就玩吧，爽！！！！你玩的不爽来找我（玩到目前的进度里面值得吐槽的就是前期，你小僵尸肚子上杵着一把电锯跑过来给我插死了是什么鬼.......目瞪口呆）
grace线还是经典的解谜+格子危机，里昂线嘛......请压住疯狂上扬的嘴角（）
这作恐怖氛围还是很好的，玩grace刚开始被大痴女吓一大跳，大肥肥的压迫感也很强
作为重制版优化还是一如既往的好，相信后续优化会更好

今晚尽量打通wwwww  好玩！！！",推荐,11.6,18,127,怎么说呢 里昂线你就玩吧 爽 你玩的不爽来找我 玩到目前的进度里面值得吐槽的就是前期 你小僵尸肚子上杵着一把电锯跑过来给我插死了是什么鬼 目瞪口呆 grace线还是经典的解谜 格子危机 里昂线嘛 请压住疯狂上扬的嘴角 这作恐怖氛围还是很好的 玩grace刚开始被大痴女吓一大跳 大肥肥的压迫感也很强 作为重制版优化还是一如既往的好 相信后续优化会更好 今晚尽量打通wwwww 好玩,玩法,正面
2205,2205,2026-02-27,还搁这打好评呢，畜生卡普空除了把ps手柄阉割了其他手柄震动也基本没做，玩了半天手柄都快睡了,不推荐,0.7,23,182,还搁这打好评呢 畜生卡普空除了把ps手柄阉割了其他手柄震动也基本没做 玩了半天手柄都快睡了,音效,负面
2206,2206,2026-02-27,好玩,推荐,8.2,31,40,好玩,玩法,正面
2207,2207,2026-02-27,傻逼卡表为了帮索尼卖ps5  不给pc的生化9做ds5适配,不推荐,9.6,39,48,傻逼卡表为了帮索尼卖ps5 不给pc的生化9做ds5适配,优化,负面
2208,2208,2026-02-27,为什么没有艾达！！！,不推荐,5.4,46,205,为什么没有艾达,情怀,负面
2209,2209,2026-02-27,生化的危机,推荐,8.6,9,118,生化的危机,情怀,正面
2210,2210,2026-02-27,豪丸,推荐,9.1,17,126,豪丸,其他,正面
2211,2211,2026-02-27,好游戏,推荐,11.8,43,152,好游戏,其他,正面
2212,2212,2026-02-27,好玩,推荐,15.2,14,23,好玩,玩法,正面
2213,2213,2026-02-27,6666666666,推荐,11.4,7,16,6666666666,其他,正面
2214,2214,2026-02-27,没有给ds手柄做适配,不推荐,2.8,27,86,没有给ds手柄做适配,优化,负面
2215,2215,2026-02-27,爽！！！李三光纵使老了还是那个李三光！！！本作格蕾丝篇章也是很好照顾了喜欢2代解密恐怖生存的牢玩家了，三光篇更是不用多说，玩过4代的都懂什么叫做[spoiler]烧光 抢光 杀光 [/spoiler],推荐,13.9,29,88,爽 李三光纵使老了还是那个李三光 本作格蕾丝篇章也是很好照顾了喜欢2代解密恐怖生存的牢玩家了 三光篇更是不用多说 玩过4代的都懂什么叫做 spoiler 烧光 抢光 杀光 spoiler,情怀,正面
2216,2216,2026-02-27,"刚玩第一关,感觉里昂的打斗有点僵硬,不自然",推荐,2.0,36,45,刚玩第一关 感觉里昂的打斗有点僵硬 不自然,玩法,正面
2217,2217,2026-02-27,"An unhandled exception occurred.
进不去，根本进不去，第一次买首发游戏，再也不买首发了",不推荐,0.8,47,206,An unhandled exception occurred 进不去 根本进不去 第一次买首发游戏 再也不买首发了,优化,负面
2218,2218,2026-02-27,李三光在每一代的台词都充满幽默感！,推荐,6.4,25,84,李三光在每一代的台词都充满幽默感,情怀,正面
2219,2219,2026-02-27,仿佛在玩生化危机2+4重制版,推荐,5.3,23,82,仿佛在玩生化危机2 4重制版,情怀,正面
2220,2220,2026-02-27,还行吧，和期待的差了一些，但是恐怖氛围还是很好的，用李昂就成无双杀怪了，格蕾丝就是恐怖hh,推荐,9.7,24,133,还行吧 和期待的差了一些 但是恐怖氛围还是很好的 用李昂就成无双杀怪了 格蕾丝就是恐怖hh,玩法,正面
2221,2221,2026-02-27,好玩好玩好玩好玩，游戏最重要的就是好玩,推荐,9.2,26,35,好玩好玩好玩好玩 游戏最重要的就是好玩,玩法,正面
2222,2222,2026-02-27,"我不行了....这剧情要把剧情党逼疯了。
妈已经走了八年了姐妹你一次都没想过去吧老妈藏得东西找回来么？
八年阿
八年啊
八年啊
2026年了女角色怎么还在龟速跑路啊，这么多年FBI工作经验一害怕就磕巴。
好评全都是给三光的。",推荐,2.6,14,123,我不行了 这剧情要把剧情党逼疯了 妈已经走了八年了姐妹你一次都没想过去吧老妈藏得东西找回来么 八年阿 八年啊 八年啊 2026年了女角色怎么还在龟速跑路啊 这么多年FBI工作经验一害怕就磕巴 好评全都是给三光的,剧情,正面
2223,2223,2026-02-27,shuang,推荐,3.0,24,133,shuang,其他,正面
2224,2224,2026-02-27,恐怖够味儿，动作够爽，不管新老玩家都能玩到爽，生存恐怖天花板,推荐,4.4,18,77,恐怖够味儿 动作够爽 不管新老玩家都能玩到爽 生存恐怖天花板,玩法,正面
2225,2225,2026-02-27,好玩的，不过只有路径追踪了女主才像女主哈哈哈哈,推荐,6.8,24,183,好玩的 不过只有路径追踪了女主才像女主哈哈哈哈,画面,正面
2226,2226,2026-02-27,有没有一种可能，我就是喜欢生化四五六那样的。你这一定要给我喂大便吗？玩了两个半小时就二十分钟是好玩的，玩里昂开心了就换到格蕾丝坐牢，还真的给一手赛博PUA啊？喂根萝卜再打一棒子，玩伊森的时候都没这样的感觉。,不推荐,2.8,2,111,有没有一种可能 我就是喜欢生化四五六那样的 你这一定要给我喂大便吗 玩了两个半小时就二十分钟是好玩的 玩里昂开心了就换到格蕾丝坐牢 还真的给一手赛博PUA啊 喂根萝卜再打一棒子 玩伊森的时候都没这样的感觉,玩法,负面
2227,2227,2026-02-27,神作无需多言！完美继承生化的所有优点！画面非常精美！过于逼真！,推荐,6.6,33,42,神作无需多言 完美继承生化的所有优点 画面非常精美 过于逼真,画面,正面
2228,2228,2026-02-27,一如既往吧，格蕾丝一直龟住，材料精打细算怂着打，到三光直接安全感拉满狠狠输出，可惜三光戏份比格蕾丝还是少了点，这部里昂动作帅的，希望dlc能多给里昂点戏份,推荐,9.1,26,35,一如既往吧 格蕾丝一直龟住 材料精打细算怂着打 到三光直接安全感拉满狠狠输出 可惜三光戏份比格蕾丝还是少了点 这部里昂动作帅的 希望dlc能多给里昂点戏份,剧情,正面
2229,2229,2026-02-27,4090打开秒奔溃玩你妈了个逼的傻逼卡普空,不推荐,2.9,8,67,4090打开秒奔溃玩你妈了个逼的傻逼卡普空,优化,负面
2230,2230,2026-02-27,"hao
",推荐,11.0,32,141,hao,其他,正面
2231,2231,2026-02-27,"4K HDR 路径追踪画质下，开了DLAA 帧数50帧，开质量DLSS + 2倍补帧，可以120帧
所以建议是要爽完搞个1080p支持HDR1000的显示器玩就行了 ，有HDR不一定要路径追踪了，这玩意光影是一回事，主要是太黑了，要是盲目拉亮度又会画面很怪。",推荐,1.4,35,94,4K HDR 路径追踪画质下 开了DLAA 帧数50帧 开质量DLSS 2倍补帧 可以120帧 所以建议是要爽完搞个1080p支持HDR1000的显示器玩就行了 有HDR不一定要路径追踪了 这玩意光影是一回事 主要是太黑了 要是盲目拉亮度又会画面很怪,画面,正面
2232,2232,2026-02-27,商店页面和库里游戏页面都显示支持DS手柄，禁用steam输入后，无论有线还是蓝牙都无法使用手柄，只能启用steam输入，不管你是懒得没适配还是阉割了这都属于诈骗，游戏内光栅做的跟SE那FF7一路货色，差评是必须给你的,不推荐,6.8,28,137,商店页面和库里游戏页面都显示支持DS手柄 禁用steam输入后 无论有线还是蓝牙都无法使用手柄 只能启用steam输入 不管你是懒得没适配还是阉割了这都属于诈骗 游戏内光栅做的跟SE那FF7一路货色 差评是必须给你的,优化,负面
2233,2233,2026-02-27,"好游戏，很爽！！！！
但是设计师，你妈妈跟你爸爸交配的时候，是不是也差根棍子？
是不是还得请隔壁老王找一根安上去？",推荐,11.3,17,26,好游戏 很爽 但是设计师 你妈妈跟你爸爸交配的时候 是不是也差根棍子 是不是还得请隔壁老王找一根安上去,其他,正面
2234,2234,2026-02-27,你知道的， 这当然是一个无比艰难的决定，但是你要知道真的很难拒绝卡普空的邀请，没有谁可以，更何况还有里昂·S·肯尼迪，他是那样的全能，上个长草期我们聊了很多，你们知道的浣熊市是我的家乡，考虑了很久，我实在无法放弃这个难得的机会，和现役最伟大的拥有77格背包生命上限的DSO特工并肩作战的机会。再次回到家乡，这无疑是有趣和让人无比兴奋的，我真的迫不及待了哥们儿，想要赶快开始和里昂作战的机会。至于戴维斯，我祝她在鹪木市一切顺利！,推荐,9.1,46,55,你知道的 这当然是一个无比艰难的决定 但是你要知道真的很难拒绝卡普空的邀请 没有谁可以 更何况还有里昂 S 肯尼迪 他是那样的全能 上个长草期我们聊了很多 你们知道的浣熊市是我的家乡 考虑了很久 我实在无法放弃这个难得的机会 和现役最伟大的拥有77格背包生命上限的DSO特工并肩作战的机会 再次回到家乡 这无疑是有趣和让人无比兴奋的 我真的迫不及待了哥们儿 想要赶快开始和里昂作战的机会 至于戴维斯 我祝她在鹪木市一切顺利,情怀,正面
2235,2235,2026-02-27,里昂好帅啊格蕾丝好美啊卧槽好可怕里昂好帅啊格蕾丝好美啊卧槽好可怕里昂好帅啊格蕾丝好美啊卧槽好可怕里昂好帅啊格蕾丝好美啊卧槽好可怕里昂好帅啊格蕾丝好美啊卧槽好可怕,推荐,5.1,50,109,里昂好帅啊格蕾丝好美啊卧槽好可怕里昂好帅啊格蕾丝好美啊卧槽好可怕里昂好帅啊格蕾丝好美啊卧槽好可怕里昂好帅啊格蕾丝好美啊卧槽好可怕里昂好帅啊格蕾丝好美啊卧槽好可怕,剧情,正面
2236,2236,2026-02-27,优秀的箱庭游戏，并且卡表的re引擎给了顶级画面，极致享受,推荐,6.6,48,207,优秀的箱庭游戏 并且卡表的re引擎给了顶级画面 极致享受,画面,正面
2237,2237,2026-02-27,好玩(☆▽☆),推荐,3.6,29,188,好玩,玩法,正面
2238,2238,2026-02-27,里昂战斗太爽了👍,推荐,14.4,9,168,里昂战斗太爽了,玩法,正面
2239,2239,2026-02-27,"RESIDENT EVIL requiem - Crash
An unhandled exception occurred.
re9.exe!0x140000000 + 0x9e7eabe
re9,exe!0x140000000 + 0x9e7e2fd
进不去游戏，买的码还退不了
7900XT

更新：更新了最新的显卡驱动就进去了，大家可以试试。（没有hid文件）",不推荐,2.6,19,28,RESIDENT EVIL requiem Crash An unhandled exception occurred re9 exe 0x140000000 0x9e7eabe re9 exe 0x140000000 0x9e7e2fd 进不去游戏 买的码还退不了 7900XT 更新 更新了最新的显卡驱动就进去了 大家可以试试 没有hid文件,优化,负面
2240,2240,2026-02-27,非常好游戏,推荐,4.7,17,26,非常好游戏,其他,正面
2241,2241,2026-02-27,里昂哥哥虽然已经变成里昂叔叔了，但是当年那种不变的气质依然在线！永远爱！！！！,推荐,3.8,16,125,里昂哥哥虽然已经变成里昂叔叔了 但是当年那种不变的气质依然在线 永远爱,情怀,正面
2242,2242,2026-02-27,希望你们远离原生家庭有问题的人,推荐,16.0,22,31,希望你们远离原生家庭有问题的人,其他,正面
2243,2243,2026-02-27,"别被那些矫情的差评带偏了，因为“电锯掉地上把自己锯死”给差评，只能说明你不适合这种游戏，不是所有看起来有用的东西都可以无成本获取，玩家需要判断，每一代生化危机的界面风格都在变化，这本身不是什么新鲜事，还有那个UI，每一代生化危机的界面风格都在变化，这本身不是什么新鲜事。4代的实时菜单，到7代的录像带式界面，再到这一代，其实都是在尝试用视觉语言服务于游戏氛围，把它当作沉浸感的一环，而且我也能感受到来自生化危机4的那种爽感，感受得到卡普空节奏上的安排，恐怖和爽快在这代里不是对立的，而是互为铺垫。
总之没买到赶快买，游戏终究是主观体验，等你玩过之后，你肯定不会后悔",推荐,3.3,3,162,别被那些矫情的差评带偏了 因为 电锯掉地上把自己锯死 给差评 只能说明你不适合这种游戏 不是所有看起来有用的东西都可以无成本获取 玩家需要判断 每一代生化危机的界面风格都在变化 这本身不是什么新鲜事 还有那个UI 每一代生化危机的界面风格都在变化 这本身不是什么新鲜事 4代的实时菜单 到7代的录像带式界面 再到这一代 其实都是在尝试用视觉语言服务于游戏氛围 把它当作沉浸感的一环 而且我也能感受到来自生化危机4的那种爽感 感受得到卡普空节奏上的安排 恐怖和爽快在这代里不是对立的 而是互为铺垫 总之没买到赶快买 游戏终究是主观体验 等你玩过之后 你肯定不会后悔,玩法,正面
2244,2244,2026-02-27,三光能给10分，艾米娅能给10分，格蕾丝能给10分，但是地牢供电那一段卡表尼玛真得死,不推荐,10.9,7,16,三光能给10分 艾米娅能给10分 格蕾丝能给10分 但是地牢供电那一段卡表尼玛真得死,玩法,负面
2245,2245,2026-02-27,好玩，格蕾丝线默认第一人称和78一样主打恐怖，里昂线默认第三人称和56一样主打动作要素，属于每个类型的玩家都能爽完了。建议格蕾丝视角也开第三人称，挺吓人的，还好我准备了成人纸尿裤,推荐,10.4,18,127,好玩 格蕾丝线默认第一人称和78一样主打恐怖 里昂线默认第三人称和56一样主打动作要素 属于每个类型的玩家都能爽完了 建议格蕾丝视角也开第三人称 挺吓人的 还好我准备了成人纸尿裤,玩法,正面
2246,2246,2026-02-27,傻逼卡普空不支持ds完全适配，光改了个几把UI，什么时候加适配什么时候改回好评，卡孝子要看我库里没有就来骂我那你还是回家吃普拉卡吧，因为这个游戏我买的激活码发我朋友帮我激活了,不推荐,3.8,26,35,傻逼卡普空不支持ds完全适配 光改了个几把UI 什么时候加适配什么时候改回好评 卡孝子要看我库里没有就来骂我那你还是回家吃普拉卡吧 因为这个游戏我买的激活码发我朋友帮我激活了,优化,负面
2247,2247,2026-02-27,游戏还行，就是弹药太少，打敌人太难了！,推荐,3.1,22,131,游戏还行 就是弹药太少 打敌人太难了,玩法,正面
2248,2248,2026-02-27,垃圾玩意 什么垃圾格蕾丝 弱鸡玩个几把,不推荐,2.2,50,59,垃圾玩意 什么垃圾格蕾丝 弱鸡玩个几把,其他,负面
2249,2249,2026-02-27,无暇之作,推荐,13.7,2,11,无暇之作,情怀,正面
2250,2250,2026-02-27,这难道不是最差的一代生化作品？女主真给我整无语了哥们。,不推荐,12.6,48,207,这难道不是最差的一代生化作品 女主真给我整无语了哥们,剧情,负面
2251,2251,2026-02-27,里昂很帅，这一代依旧非常出色，好评！！！,推荐,10.5,5,64,里昂很帅 这一代依旧非常出色 好评,情怀,正面
2252,2252,2026-02-27,好玩好玩好玩，最爱的系列，玩一辈子生化危机！,推荐,7.8,35,144,好玩好玩好玩 最爱的系列 玩一辈子生化危机,情怀,正面
2253,2253,2026-02-27,里昂负责装逼，耍帅，格蕾丝负责乱叫、可爱。完美。,推荐,3.7,38,147,里昂负责装逼 耍帅 格蕾丝负责乱叫 可爱 完美,情怀,正面
2254,2254,2026-02-27,好玩,推荐,9.9,4,163,好玩,玩法,正面
2255,2255,2026-02-27,精彩,推荐,12.7,13,22,精彩,其他,正面
2256,2256,2026-02-27,氛围感做的还是好啊 顶配画质就是爽啊,推荐,2.9,6,165,氛围感做的还是好啊 顶配画质就是爽啊,画面,正面
2257,2257,2026-02-27,很不错,推荐,13.2,29,88,很不错,其他,正面
2258,2258,2026-02-27,疗养院设计与地下室设计绝了，非常刺激。里昂的动作也非常帅。,推荐,7.3,36,45,疗养院设计与地下室设计绝了 非常刺激 里昂的动作也非常帅,剧情,正面
2259,2259,2026-02-27,上瘾、好玩,推荐,12.2,8,17,上瘾 好玩,玩法,正面
2260,2260,2026-02-27,好玩！,推荐,9.4,40,49,好玩,玩法,正面
2261,2261,2026-02-27,打开后黑屏闪退,不推荐,1.1,16,25,打开后黑屏闪退,优化,负面
2262,2262,2026-02-27,卡表天天整又臭又长的序章，全是拨片和步行模拟，给人一种先骗过2小时退款时长再说的感觉。,不推荐,3.1,12,71,卡表天天整又臭又长的序章 全是拨片和步行模拟 给人一种先骗过2小时退款时长再说的感觉,剧情,负面
2263,2263,2026-02-27,66666666666666,推荐,9.2,46,105,66666666666666,其他,正面
2264,2264,2026-02-27,优化非常棒，即便是以我的电脑而言也非常流畅！,推荐,1.3,46,205,优化非常棒 即便是以我的电脑而言也非常流畅,优化,正面
2265,2265,2026-02-27,砍头太爽了,推荐,8.1,1,60,砍头太爽了,玩法,正面
2266,2266,2026-02-27,里昂部分很爽，格蕾丝也很恐怖，玩起来东躲西藏的,推荐,4.5,38,197,里昂部分很爽 格蕾丝也很恐怖 玩起来东躲西藏的,玩法,正面
2267,2267,2026-02-27,进都进不去，气笑了，来回重启进去好几次，就一次成功玩了十几分钟， 然后离开喝个水，暂停一会就报错闪退，之后就进不去了，打开就黑屏，黑屏完就报错然后退出，折腾了一晚上都没玩上，优化怎么能这么差？？？,不推荐,0.8,29,38,进都进不去 气笑了 来回重启进去好几次 就一次成功玩了十几分钟 然后离开喝个水 暂停一会就报错闪退 之后就进不去了 打开就黑屏 黑屏完就报错然后退出 折腾了一晚上都没玩上 优化怎么能这么差,优化,负面
2268,2268,2026-02-27,只要你出新作我比第一时间购入，就吃这一口,推荐,10.2,43,152,只要你出新作我比第一时间购入 就吃这一口,情怀,正面
2269,2269,2026-02-27,好好好还是他妈的好,推荐,10.3,27,86,好好好还是他妈的好,情怀,正面
2270,2270,2026-02-27,"里昂帅
",推荐,3.0,17,176,里昂帅,情怀,正面
2271,2271,2026-02-27,难得李三光史诗级加强，就他妈的出场太少了，格蕾丝虚的要死不中用啊,推荐,12.3,37,196,难得李三光史诗级加强 就他妈的出场太少了 格蕾丝虚的要死不中用啊,剧情,正面
2272,2272,2026-02-27,个人感觉很不错2个主角紧张和爽感都同时具备,推荐,11.6,7,16,个人感觉很不错2个主角紧张和爽感都同时具备,玩法,正面
2273,2273,2026-02-27,次世代画面，比生化4画面表现力更上一层楼，女主角真美，喜欢喜欢,推荐,3.8,7,166,次世代画面 比生化4画面表现力更上一层楼 女主角真美 喜欢喜欢,画面,正面
2274,2274,2026-02-27,十分喜欢,推荐,4.0,48,207,十分喜欢,其他,正面
2275,2275,2026-02-27,你这个鼠标灵敏度和瞄准加速是认真的？虽然这代丧尸摇头晃脑十分严重，但是这个射击手感真的让我红温了，游戏内对瞄准灵敏完全无法设置，生化4的加速设置你好歹保留啊，动不动就空腔被咬一口很恶心。这代丧尸脑袋又是铁做的爆头率极低，有点恶心。,不推荐,8.3,13,122,你这个鼠标灵敏度和瞄准加速是认真的 虽然这代丧尸摇头晃脑十分严重 但是这个射击手感真的让我红温了 游戏内对瞄准灵敏完全无法设置 生化4的加速设置你好歹保留啊 动不动就空腔被咬一口很恶心 这代丧尸脑袋又是铁做的爆头率极低 有点恶心,玩法,负面
2276,2276,2026-02-27,"[h1] 一如既往的优秀，生化危机系列就从没让我失望过 [/h1]

一代更比一代优秀的画面以及神级优化，RTX4090 在4k全高以及关掉路径追踪的情况下，居然能有将近300帧，开启路径追踪也能达到180帧，当然DLSS功不可没，可是同为三A大作，能达到这般帧数的游戏又有多少？真是不敢想象能在3a大作里看到这般帧数，隔壁某些发售大半年的游戏，能否稳个120都是问题。

[h1] 第一人称和第三人称的巧妙搭配，诠释了恐怖与“反恐”的完美结合 [/h1]

在第一人称视角操作下的格蕾丝，真是正儿八经的恐怖游戏，任何怪物都可能给你造成生死危机，费劲巴拉的才能解决一个小怪，经典的格子危机以及肌无力，导致每次行动都要做好充分的准备，否则迎接你的将会是死亡。

而切换到第三人称视角的李三光，简直就像是在玩ACT格斗游戏，真是不敢想象，这是生化危机里能有的操作流畅度，我的帕金森和秦王绕柱去哪了？我管你那么多，直接就是个死亡三连喷 接后旋踢 接诺克萨斯断头台。门打不开？踹开！衣柜打不开？掰开！怪物扑上来？死开！

毫无疑问，这代的生化危机是我目前为止，玩到过体验最棒的一部，挑不出一点毛病，硬要说的话就是给我里昂干成配角了，颇有一种当年玩克里斯打酱油的感觉。",推荐,5.1,26,85,h1 一如既往的优秀 生化危机系列就从没让我失望过 h1 一代更比一代优秀的画面以及神级优化 RTX4090 在4k全高以及关掉路径追踪的情况下 居然能有将近300帧 开启路径追踪也能达到180帧 当然DLSS功不可没 可是同为三A大作 能达到这般帧数的游戏又有多少 真是不敢想象能在3a大作里看到这般帧数 隔壁某些发售大半年的游戏 能否稳个120都是问题 h1 第一人称和第三人称的巧妙搭配 诠释了恐怖与 反恐 的完美结合 h1 在第一人称视角操作下的格蕾丝 真是正儿八经的恐怖游戏 任何怪物都可能给你造成生死危机 费劲巴拉的才能解决一个小怪 经典的格子危机以及肌无力 导致每次行动都要做好充分的准备 否则迎接你的将会是死亡 而切换到第三人称视角的李三光 简直就像是在玩ACT格斗游戏 真是不敢想象 这是生化危机里能有的操作流畅度 我的帕金森和秦王绕柱去哪了 我管你那么多 直接就是个死亡三连喷 接后旋踢 接诺克萨斯断头台 门打不开 踹开 衣柜打不开 掰开 怪物扑上来 死开 毫无疑问 这代的生化危机是我目前为止 玩到过体验最棒的一部 挑不出一点毛病 硬要说的话就是给我里昂干成配角了 颇有一种当年玩克里斯打酱油的感觉,画面,正面
2277,2277,2026-02-27,刚打完在我心中这应该是除了生4重制外最好玩的生化危机了,推荐,14.1,3,112,刚打完在我心中这应该是除了生4重制外最好玩的生化危机了,情怀,正面
2278,2278,2026-02-27,在整个生化危机系列里也绝对是前三的水准！！！卡婊这波还是给力！！！,推荐,5.7,12,71,在整个生化危机系列里也绝对是前三的水准 卡婊这波还是给力,情怀,正面
2279,2279,2026-02-27,"以下内容涉及一些剧透 谨慎观看
中规中矩只能说  感觉有的地方纯是来拖时间恶心人来了。
第一个就是那个破蜘蛛 密码的 12.7X55MM 子弹打它身上跟挠痒痒一样 剧情里五枪还是四枪给那么大一个脑壳都打碎了 
打蜘蛛一点事没有
其次就是收集密码的起爆器 好好好 那么多怪物一个个跟铁头娃一样 资源有点需要像生2那样管理一下。还有那个B迫击炮 
好好好 让我找到了玩RE4城堡开头的感觉。说实话收集三个起爆装置这章真是给我恶心到了 嘻嘻 
虽然说中规中矩 我还是想给你打个差评 这个差评是给艾米莉打的 密码的那么好看一个小女孩虽然说是克隆人吧 变成那个B样了
真是狂掉san值啊。(PS.刚玩到结局 艾米莉还活着 好耶！）
但是恐怖感还是蛮足的 氛围拉满 这一块没得说 但是特么的三个起爆装置收集真是太红温了。",推荐,12.2,27,136,以下内容涉及一些剧透 谨慎观看 中规中矩只能说 感觉有的地方纯是来拖时间恶心人来了 第一个就是那个破蜘蛛 密码的 12 7X55MM 子弹打它身上跟挠痒痒一样 剧情里五枪还是四枪给那么大一个脑壳都打碎了 打蜘蛛一点事没有 其次就是收集密码的起爆器 好好好 那么多怪物一个个跟铁头娃一样 资源有点需要像生2那样管理一下 还有那个B迫击炮 好好好 让我找到了玩RE4城堡开头的感觉 说实话收集三个起爆装置这章真是给我恶心到了 嘻嘻 虽然说中规中矩 我还是想给你打个差评 这个差评是给艾米莉打的 密码的那么好看一个小女孩虽然说是克隆人吧 变成那个B样了 真是狂掉san值啊 PS 刚玩到结局 艾米莉还活着 好耶 但是恐怖感还是蛮足的 氛围拉满 这一块没得说 但是特么的三个起爆装置收集真是太红温了,玩法,正面
2280,2280,2026-02-27,"大家好，我正在使用RTX4080 和Xbox Elite手柄。
每当出新游戏，我最喜欢来 国区评论区 看 琼诡 差评 鬼叫。
嘻嘻。",推荐,3.2,47,106,大家好 我正在使用RTX4080 和Xbox Elite手柄 每当出新游戏 我最喜欢来 国区评论区 看 琼诡 差评 鬼叫 嘻嘻,其他,正面
2281,2281,2026-02-27,好玩，虽然很恐怖，但是解密比2代简单了不少，而且感觉比暴君更有压迫感。里昂线又很爽，可以说是比较均衡的一代了，强烈推荐！,推荐,7.2,37,196,好玩 虽然很恐怖 但是解密比2代简单了不少 而且感觉比暴君更有压迫感 里昂线又很爽 可以说是比较均衡的一代了 强烈推荐,玩法,正面
2282,2282,2026-02-27,"卡普空这两年难得的节操之作。
电影感拉满的一部，全程CG质量都十分在线，游戏节奏控制的也很舒服，毫不拖沓，尤其是中后期一路高歌猛进，一连玩下来是真痛快！",推荐,7.2,40,199,卡普空这两年难得的节操之作 电影感拉满的一部 全程CG质量都十分在线 游戏节奏控制的也很舒服 毫不拖沓 尤其是中后期一路高歌猛进 一连玩下来是真痛快,画面,正面
2283,2283,2026-02-27,说好的不和谐呢？全图黑了我玩你妈呢？,不推荐,11.6,36,145,说好的不和谐呢 全图黑了我玩你妈呢,画面,负面
2284,2284,2026-02-27,又回到了经典的箱庭恐怖生存，太好玩辣,推荐,3.0,19,78,又回到了经典的箱庭恐怖生存 太好玩辣,情怀,正面
2285,2285,2026-02-27,卡普空我真是艹了你的亲🐎了你商店页面上写的支持Dualsense结果进来别说做没做震动自适应扳机和喇叭适配了，你他娘的是连PS5原生输入都不支持了不开Steam输入都无法识别我插了手柄啊我草泥马的。虚假宣传我祝你公司明天就爆炸我草拟的,不推荐,8.5,8,67,卡普空我真是艹了你的亲 了你商店页面上写的支持Dualsense结果进来别说做没做震动自适应扳机和喇叭适配了 你他娘的是连PS5原生输入都不支持了不开Steam输入都无法识别我插了手柄啊我草泥马的 虚假宣传我祝你公司明天就爆炸我草拟的,优化,负面
2286,2286,2026-02-27,刚狙击护送完格蕾丝，游戏质量相当不错，恐怖感拉满，我自己觉得比生7还恐怖，不过目前感觉没那么适合多周目游玩，前面压力挺大的，坐等佣兵模式了,推荐,9.0,43,202,刚狙击护送完格蕾丝 游戏质量相当不错 恐怖感拉满 我自己觉得比生7还恐怖 不过目前感觉没那么适合多周目游玩 前面压力挺大的 坐等佣兵模式了,玩法,正面
2287,2287,2026-02-27,格蕾丝的剧情太恐怖了！！！！！！！！！！,推荐,1.6,33,92,格蕾丝的剧情太恐怖了,剧情,正面
2288,2288,2026-02-27,里昂终于想起了自己在隔壁的大号,推荐,5.5,26,135,里昂终于想起了自己在隔壁的大号,情怀,正面
2289,2289,2026-02-27,键鼠转视角手感像依托,不推荐,0.9,26,185,键鼠转视角手感像依托,玩法,负面
2290,2290,2026-02-27,JU HAO WANHHHH,推荐,2.7,48,107,JU HAO WANHHHH,其他,正面
2291,2291,2026-02-27,"[h2] 生化危机：安魂曲：超越前作的变革之作[/h2]
目前全收集推进度，十二个小时到[spoiler]浣熊市警察局[/spoiler]。在我看来 生化危机：安魂曲 是生化危机系列游戏的变革之作——将物资规划和背包整理的经典玩法放在女主身上，再把后日谈和额外内容的爽射玩法放到男主身上，通过将两种截然不同的游戏方式巧妙的结合，实现了任何一部前作都未实现的一种游戏体验——即既能让玩家在一阶段感受到生化危机系列源于资源短缺和恐怖气氛营造的紧张感，又能在下一阶段将积攒的全部紧张得以释放，如此循环，实现了真正意义上的松弛有度的愉悦游戏体验。不得不说本人在这个过程中得到了相当一部分快感。同时，这样两面结合式的设计也让玩家自然而然的在主线过程中体验了原本主线外才能体验的一部分内容，如此也给予只愿意体验主线的玩家更丰富的游戏感受。
[h2] 地图和怪物设计上[/h2]
不同于前作追求更大的地图，更远的路线，安魂曲回归初心，利用高密度但恰到好处的小地图给予人舒服流畅的游戏体验，这种流畅也包含额外物品的收集。这意味着在我的游戏过程中，我几乎没有因为额外物品而多跑大段的路线，而这是十分难能可贵的。同时游戏中存在一些有趣的机制怪物，给予玩家多样的选择：可以通过类解密的方式规避掉大量敌人，节省物资；也可以直接击杀敌人，一劳永逸[spoiler]（暂时的）[/spoiler]。

很好玩，推荐。",推荐,11.4,21,130,h2 生化危机 安魂曲 超越前作的变革之作 h2 目前全收集推进度 十二个小时到 spoiler 浣熊市警察局 spoiler 在我看来 生化危机 安魂曲 是生化危机系列游戏的变革之作 将物资规划和背包整理的经典玩法放在女主身上 再把后日谈和额外内容的爽射玩法放到男主身上 通过将两种截然不同的游戏方式巧妙的结合 实现了任何一部前作都未实现的一种游戏体验 即既能让玩家在一阶段感受到生化危机系列源于资源短缺和恐怖气氛营造的紧张感 又能在下一阶段将积攒的全部紧张得以释放 如此循环 实现了真正意义上的松弛有度的愉悦游戏体验 不得不说本人在这个过程中得到了相当一部分快感 同时 这样两面结合式的设计也让玩家自然而然的在主线过程中体验了原本主线外才能体验的一部分内容 如此也给予只愿意体验主线的玩家更丰富的游戏感受 h2 地图和怪物设计上 h2 不同于前作追求更大的地图 更远的路线 安魂曲回归初心 利用高密度但恰到好处的小地图给予人舒服流畅的游戏体验 这种流畅也包含额外物品的收集 这意味着在我的游戏过程中 我几乎没有因为额外物品而多跑大段的路线 而这是十分难能可贵的 同时游戏中存在一些有趣的机制怪物 给予玩家多样的选择 可以通过类解密的方式规避掉大量敌人 节省物资 也可以直接击杀敌人 一劳永逸 spoiler 暂时的 spoiler 很好玩 推荐,玩法,正面
2292,2292,2026-02-27,太好玩了给我玩出了美末感觉,推荐,10.8,12,171,太好玩了给我玩出了美末感觉,玩法,正面
2293,2293,2026-02-27,挺不错的，沉浸感很好，格蕾丝很可爱里昂也很帅～优化也没问题，4K中高130帧浮动，无崩溃无卡顿无bug。没遇到过一些玩家说的那些问题，我还是A卡呢，稳稳的。,推荐,8.1,45,54,挺不错的 沉浸感很好 格蕾丝很可爱里昂也很帅 优化也没问题 4K中高130帧浮动 无崩溃无卡顿无bug 没遇到过一些玩家说的那些问题 我还是A卡呢 稳稳的,画面,正面
2294,2294,2026-02-27,我的裤子里到底是汗还是尿,推荐,6.0,43,152,我的裤子里到底是汗还是尿,其他,正面
2295,2295,2026-02-27,a卡这游戏画质再好点？？能玩吗这脸跟没化妆一样,不推荐,1.1,14,123,a卡这游戏画质再好点 能玩吗这脸跟没化妆一样,画面,负面
2296,2296,2026-02-27,你永远可以相信Capcom的审美！格蕾丝也太好看了吧！里昂真是越老越帅！这组合我太爱了！,推荐,4.2,16,25,你永远可以相信Capcom的审美 格蕾丝也太好看了吧 里昂真是越老越帅 这组合我太爱了,画面,正面
2297,2297,2026-02-27,标着支持ds手柄实际根本连不上，浪费我大量时间调试，不给个差评咽不下这口气,不推荐,3.6,9,18,标着支持ds手柄实际根本连不上 浪费我大量时间调试 不给个差评咽不下这口气,优化,负面
2298,2298,2026-02-27,开光追和不开是两个女主,不推荐,0.6,7,116,开光追和不开是两个女主,画面,负面
2299,2299,2026-02-27,我有点害怕,推荐,6.3,25,34,我有点害怕,其他,正面
2300,2300,2026-02-27,不是哥们，我5070TI开个路径追踪闪退，开个DLSS也闪退，别玩了呗,不推荐,3.2,44,103,不是哥们 我5070TI开个路径追踪闪退 开个DLSS也闪退 别玩了呗,优化,负面
2301,2301,2026-02-27,很棒,推荐,5.9,6,165,很棒,其他,正面
2302,2302,2026-02-27,"里昂，帅爆了！


",推荐,2.1,38,147,里昂 帅爆了,情怀,正面
2303,2303,2026-02-27,里昂和格蕾斯两个截然不同的游玩方式，非常新奇和有意思，格蕾斯的英配非常棒！,推荐,6.1,1,160,里昂和格蕾斯两个截然不同的游玩方式 非常新奇和有意思 格蕾斯的英配非常棒,玩法,正面
2304,2304,2026-02-27,我为什么会期待电锯，幽默完了,推荐,4.4,33,142,我为什么会期待电锯 幽默完了,情怀,正面
2305,2305,2026-02-27,玩格蕾丝一个半小时奖励五星级BOW杀手里昂30分钟体验卡,推荐,10.8,41,200,玩格蕾丝一个半小时奖励五星级BOW杀手里昂30分钟体验卡,情怀,正面
2306,2306,2026-02-27,有里昂在的生化危机，那就是好的生化危机。,推荐,6.7,43,52,有里昂在的生化危机 那就是好的生化危机,情怀,正面
2307,2307,2026-02-27,玩着很爽，还挺吓人的,推荐,9.6,48,157,玩着很爽 还挺吓人的,玩法,正面
2308,2308,2026-02-27,玩舒服了,推荐,6.8,7,116,玩舒服了,其他,正面
2309,2309,2026-02-27,没有王阿姨，而且还是老的那一套，而且没有王阿姨，而且玩得没有很惊喜很开心的感觉，而且没有王阿姨，而且没能让我眼前一亮值400的感觉，而且最主要还是没有王阿姨 :(,不推荐,12.6,45,154,没有王阿姨 而且还是老的那一套 而且没有王阿姨 而且玩得没有很惊喜很开心的感觉 而且没有王阿姨 而且没能让我眼前一亮值400的感觉 而且最主要还是没有王阿姨,情怀,负面
2310,2310,2026-02-27,好玩,推荐,4.5,12,71,好玩,玩法,正面
2311,2311,2026-02-27,不支持ps5手柄，只能steam输入才可以。,不推荐,1.3,20,179,不支持ps5手柄 只能steam输入才可以,优化,负面
2312,2312,2026-02-27,"带着新鲜与既视感，回到生化味十足的故乡
本作对于双角色线性故事的安排，符合我十年老粉的预期，当然，满足我对生化的所有期待，也很好的callback了生化的初衷。

其中对于双角色这一点，我可以给个详细的描述和感悟：
防止里昂转到Grace后憋屈，在处决/近战这个机制上，Grace也被赋予了一定特性，只不过很明显的能感到，相比于里昂多一个步骤，不过这种多一个步骤从制作上来看极高的增强了场景的可交互性，同时，需要去找血液样本来做分析这种类似美末的搜刮，也提升了游戏的可玩性，而且是在保证两个主角各有特色的基础上。

总而言之，当前的七个小时是及其沉浸的七个小时，疗养院带来了洋馆的既视感，保留高频危险决策与鼓励探索的地图设立上，卡表还是一如既往的懂生化的味道，适当的创新，可利用丧尸生前行为来进行潜行的操作很好的融入了生化的玩法，没有突兀的强塞，有的只是给你的危险决策多了一种方向。

目前在地下关卡，希望明天能以满足的心态，迎来终章

",推荐,13.2,5,64,带着新鲜与既视感 回到生化味十足的故乡 本作对于双角色线性故事的安排 符合我十年老粉的预期 当然 满足我对生化的所有期待 也很好的callback了生化的初衷 其中对于双角色这一点 我可以给个详细的描述和感悟 防止里昂转到Grace后憋屈 在处决 近战这个机制上 Grace也被赋予了一定特性 只不过很明显的能感到 相比于里昂多一个步骤 不过这种多一个步骤从制作上来看极高的增强了场景的可交互性 同时 需要去找血液样本来做分析这种类似美末的搜刮 也提升了游戏的可玩性 而且是在保证两个主角各有特色的基础上 总而言之 当前的七个小时是及其沉浸的七个小时 疗养院带来了洋馆的既视感 保留高频危险决策与鼓励探索的地图设立上 卡表还是一如既往的懂生化的味道 适当的创新 可利用丧尸生前行为来进行潜行的操作很好的融入了生化的玩法 没有突兀的强塞 有的只是给你的危险决策多了一种方向 目前在地下关卡 希望明天能以满足的心态 迎来终章,剧情,正面
2313,2313,2026-02-27,我5090D  开路径光追+DLAA+4X帧生 帧率确实上去了，可他吗的你不优化就别端上来了  你那帧生成还给我多一些恐怖气氛 鬼影都出来了，头发虚晃 什么东西  差评给上,不推荐,10.7,1,60,我5090D 开路径光追 DLAA 4X帧生 帧率确实上去了 可他吗的你不优化就别端上来了 你那帧生成还给我多一些恐怖气氛 鬼影都出来了 头发虚晃 什么东西 差评给上,优化,负面
2314,2314,2026-02-27,不买这个游戏的我只能说你错过了宝藏,推荐,6.9,41,150,不买这个游戏的我只能说你错过了宝藏,情怀,正面
2315,2315,2026-02-27,非常好玩，生化老粉的认可👍,推荐,15.4,31,190,非常好玩 生化老粉的认可,情怀,正面
2316,2316,2026-02-27,夯,推荐,14.6,39,48,夯,其他,正面
2317,2317,2026-02-27,,推荐,5.0,35,94,,优化,正面
2318,2318,2026-02-27,"剧情微微弱智但里昂很熟妇，脸很漂亮呻吟声很动听，胸和屁股都很大，要是皱纹再少点就好了。
不管了里昂肯尼迪你的后面被我雌鹰一样地进入",推荐,3.2,17,76,剧情微微弱智但里昂很熟妇 脸很漂亮呻吟声很动听 胸和屁股都很大 要是皱纹再少点就好了 不管了里昂肯尼迪你的后面被我雌鹰一样地进入,剧情,正面
2319,2319,2026-02-27,电脑性能检测会崩溃游戏，画质开DLSS也会崩溃,不推荐,5.4,39,148,电脑性能检测会崩溃游戏 画质开DLSS也会崩溃,优化,负面
2320,2320,2026-02-27,好玩爱玩，优化非常棒，这作的演出绝对是电影级别的，氛围感拉得满满的，期待DLC。,推荐,6.5,49,108,好玩爱玩 优化非常棒 这作的演出绝对是电影级别的 氛围感拉得满满的 期待DLC,画面,正面
2321,2321,2026-02-27,无需多言,推荐,3.6,38,97,无需多言,其他,正面
2322,2322,2026-02-27,吊,推荐,13.3,5,64,吊,其他,正面
2323,2323,2026-02-27,还行吧，玩法上还是没问题的，就是女主画风有些粗糙，还有为了推动剧情强行降智，恐怖元素少了些，跳脸也不多，解密也几乎没有了，优点就是那些繁琐的返程没了，不用再跑一遍，没有艾达也是真可惜，有厌蠢症的就暂时别考虑了，女主玩的是真让人上火，甚至搞笑，目前玩到的剧情就是中规中矩，不知道后续能不能高走。,推荐,10.8,2,61,还行吧 玩法上还是没问题的 就是女主画风有些粗糙 还有为了推动剧情强行降智 恐怖元素少了些 跳脸也不多 解密也几乎没有了 优点就是那些繁琐的返程没了 不用再跑一遍 没有艾达也是真可惜 有厌蠢症的就暂时别考虑了 女主玩的是真让人上火 甚至搞笑 目前玩到的剧情就是中规中矩 不知道后续能不能高走,玩法,正面
2324,2324,2026-02-27,格蕾丝第一人称恐怖氛围太爽了，里昂第三人称乱杀，直接爽飞了,推荐,7.2,41,50,格蕾丝第一人称恐怖氛围太爽了 里昂第三人称乱杀 直接爽飞了,玩法,正面
2325,2325,2026-02-27,卡普空是目前老牌游戏厂里比较进步的 这个系列一直不错 但是离神作还有距离 卡普空感觉没有想要做一款神作的样子 只能说这是好游戏,推荐,2.6,32,191,卡普空是目前老牌游戏厂里比较进步的 这个系列一直不错 但是离神作还有距离 卡普空感觉没有想要做一款神作的样子 只能说这是好游戏,其他,正面
2326,2326,2026-02-27,BUG太多，高配低玩，各种卡加载闪退，优化简直一坨，带鱼屏也不支持，一代不如一代,不推荐,0.8,19,178,BUG太多 高配低玩 各种卡加载闪退 优化简直一坨 带鱼屏也不支持 一代不如一代,优化,负面
2327,2327,2026-02-27,好玩疯了，里昂很帅,推荐,9.2,37,196,好玩疯了 里昂很帅,情怀,正面
2328,2328,2026-02-27,生化危机怎么变成这样了，开局摁着我头看了多少屎蛆尸体，你们制作组都这么喜欢把头埋到长满了蛆的屎坑里吗？,不推荐,2.6,23,182,生化危机怎么变成这样了 开局摁着我头看了多少屎蛆尸体 你们制作组都这么喜欢把头埋到长满了蛆的屎坑里吗,画面,负面
2329,2329,2026-02-27,好玩 爽 等两年了终于出新re了,推荐,9.1,42,201,好玩 爽 等两年了终于出新re了,情怀,正面
2330,2330,2026-02-27,"推荐配置：2060s
启动游戏：验证游戏所需文件
游戏弹窗：2060s is not supported",不推荐,0.1,28,187,推荐配置 2060s 启动游戏 验证游戏所需文件 游戏弹窗 2060s is not supported,优化,负面
2331,2331,2026-02-27,总是莫名其妙的掉帧爆显存纹理开中条是绿的还是8帧到90帧来回切换除了这个其他还好,推荐,14.9,19,28,总是莫名其妙的掉帧爆显存纹理开中条是绿的还是8帧到90帧来回切换除了这个其他还好,优化,正面
2332,2332,2026-02-27,好玩,推荐,7.0,35,44,好玩,玩法,正面
2333,2333,2026-02-27,好玩爱玩,推荐,4.2,19,178,好玩爱玩,玩法,正面
2334,2334,2026-02-27,第一次預購游戲沒有讓我失望,推荐,11.3,19,28,第一次預購游戲沒有讓我失望,情怀,正面
2335,2335,2026-02-27,good,推荐,10.8,41,50,good,其他,正面
2336,2336,2026-02-27,真TM是个垃圾游戏，还不如8呢,不推荐,4.9,14,23,真TM是个垃圾游戏 还不如8呢,情怀,负面
2337,2337,2026-02-27,"去过浣熊市的艾达，克莱尔，吉尔，按道理都应该中病毒，这次竟然没露脸。汉克也死了。你这剧情不行，差评。就看你的dlc能不能行了。
Ada, Claire, and Jill, who have been to Raccoon City, should all have been infected with the virus logically, but they didn't even show up this time. Hank is also dead. Your plot is bad;Negative review. Let's see if your DLC can work.",不推荐,3.5,45,54,去过浣熊市的艾达 克莱尔 吉尔 按道理都应该中病毒 这次竟然没露脸 汉克也死了 你这剧情不行 差评 就看你的dlc能不能行了 Ada Claire and Jill who have been to Raccoon City should all have been infected with the virus logically but they didn t even show up this time Hank is also dead Your plot is bad Negative review Let s see if your DLC can work,剧情,负面
2338,2338,2026-02-27,吓人,推荐,3.0,33,42,吓人,其他,正面
2339,2339,2026-02-27,真神，你是第一个让我全部最高画质、光追，还能上500帧的游戏,推荐,6.7,26,135,真神 你是第一个让我全部最高画质 光追 还能上500帧的游戏,画面,正面
2340,2340,2026-02-27,"我妈妈就在旁边，她很喜欢格蕾丝的中文配音。
“她就像你一样”，她说，“胆小，而且总是发出‘妈你又干嘛、妈我们去哪儿啊、妈我爱你’这样的声音”
",推荐,1.6,44,53,我妈妈就在旁边 她很喜欢格蕾丝的中文配音 她就像你一样 她说 胆小 而且总是发出 妈你又干嘛 妈我们去哪儿啊 妈我爱你 这样的声音,音效,正面
2341,2341,2026-02-27,格蕾丝线生存恐怖，里昂线战斗爽，两种体验都很不错，优化问题没有遇到过。趁3.1才上班，再爽玩两天。,推荐,9.5,39,98,格蕾丝线生存恐怖 里昂线战斗爽 两种体验都很不错 优化问题没有遇到过 趁3 1才上班 再爽玩两天,玩法,正面
2342,2342,2026-02-27,"游玩7小时，里昂线爽感拉满，打击感、操作手感全是一流水准，初始背包超大，前期完全不用愁储物，战斗体验极度解压。

但新角色格蕾丝人设彻底崩盘，身为FBI毫无专业风范，又当又立、行为迷惑，全程像个累赘，观感极差，巴不得选她死里昂活的结局。

整体体验两极分化：里昂完美，格蕾丝劝退。另外千万千万要记得随时存档，否则死掉之后会很崩溃的，没保存的还要再折磨一遍",推荐,15.2,14,23,游玩7小时 里昂线爽感拉满 打击感 操作手感全是一流水准 初始背包超大 前期完全不用愁储物 战斗体验极度解压 但新角色格蕾丝人设彻底崩盘 身为FBI毫无专业风范 又当又立 行为迷惑 全程像个累赘 观感极差 巴不得选她死里昂活的结局 整体体验两极分化 里昂完美 格蕾丝劝退 另外千万千万要记得随时存档 否则死掉之后会很崩溃的 没保存的还要再折磨一遍,玩法,正面
2343,2343,2026-02-27,抱着变异艾米莉哭，狂掉san值,推荐,13.3,42,151,抱着变异艾米莉哭 狂掉san值,剧情,正面
2344,2344,2026-02-27,等你三年了 不负等待,推荐,10.7,24,183,等你三年了 不负等待,情怀,正面
2345,2345,2026-02-27,老生化迷告诉你，好玩！,推荐,8.5,7,166,老生化迷告诉你 好玩,情怀,正面
2346,2346,2026-02-27,good,推荐,7.2,12,71,good,其他,正面
2347,2347,2026-02-27,nice,推荐,1.0,18,27,nice,其他,正面
2348,2348,2026-02-27,格蕾丝拿枪都在抖也是神了我看是托关系进的佛伯乐 还有里昂玩起来真他妈爽😊,推荐,12.1,45,54,格蕾丝拿枪都在抖也是神了我看是托关系进的佛伯乐 还有里昂玩起来真他妈爽,情怀,正面
2349,2349,2026-02-27,好吃的冷饭,推荐,7.6,34,143,好吃的冷饭,情怀,正面
2350,2350,2026-02-27,卡婊的正常发挥，在一些细节方面有让人眼前一亮的创新，可玩性可以参考生4，但就定价而言还是有点贵，可以等第一次打折再入，或者先玩学习版等超史低再补票吧，总的来说还算是不错,推荐,13.1,34,143,卡婊的正常发挥 在一些细节方面有让人眼前一亮的创新 可玩性可以参考生4 但就定价而言还是有点贵 可以等第一次打折再入 或者先玩学习版等超史低再补票吧 总的来说还算是不错,价格,正面
2351,2351,2026-02-27,差,不推荐,0.2,16,125,差,其他,负面
2352,2352,2026-02-27,又像2代又像4代，哈哈！,推荐,17.4,4,163,又像2代又像4代 哈哈,情怀,正面
2353,2353,2026-02-27,666666666666666666666,推荐,7.0,29,138,666666666666666666666,其他,正面
2354,2354,2026-02-27,豪丸！！！！,推荐,8.3,43,52,豪丸,其他,正面
2355,2355,2026-02-27,"HAOWAN
",推荐,5.3,24,133,HAOWAN,玩法,正面
2356,2356,2026-02-27,好玩 爱玩,推荐,7.2,29,188,好玩 爱玩,玩法,正面
2357,2357,2026-02-27,会晕3D的，请务必使用第三人称视角，第一人称差点给我晕吐了。,推荐,1.5,13,172,会晕3D的 请务必使用第三人称视角 第一人称差点给我晕吐了,玩法,正面
2358,2358,2026-02-27,"这他妈就是世界上最好玩的生化危机！从里昂在鹪木市打街头丧尸的炫技来说，无疑质量和细节。希望速速重置RE0,RE1,RE5,RE6。很急很急很急！！！！！！！！！！对了我的RTX2060在画质较为优先的情况下，外加帧生成都能稳定60以上，这个优化真无敌了。",推荐,2.3,8,17,这他妈就是世界上最好玩的生化危机 从里昂在鹪木市打街头丧尸的炫技来说 无疑质量和细节 希望速速重置RE0 RE1 RE5 RE6 很急很急很急 对了我的RTX2060在画质较为优先的情况下 外加帧生成都能稳定60以上 这个优化真无敌了,情怀,正面
2359,2359,2026-02-27,"有点贵啊，生化8也才198，这个怎么直接348了，但是游戏不错哈，确实

《生化危机9：安魂曲》——一场跨越三十年的恐怖与感动交织的盛宴
在《生化危机》系列迎来三十周年之际，《生化危机9：安魂曲》如同一颗璀璨的星辰，照亮了恐怖游戏的新天空。这款集大成之作，不仅完美融合了系列过往的经典元素，更在玩法、剧情、画面等多个维度实现了突破与创新，为玩家带来了一场无与伦比的沉浸式体验。

经典与创新的完美融合，玩法体验再升级
《生化危机9：安魂曲》采用了双主角设定，新主角格蕾丝·阿什克罗夫特与经典角色里昂·S·肯尼迪交替登场，带来了两种截然不同却又相得益彰的游戏风格。格蕾丝作为FBI技术分析员，她的篇章回归了经典的生存恐怖模式。在第一人称视角下，玩家能真切感受到她身处绝境时的恐惧与无助。她手持仅剩一发子弹的手枪，在资源极度匮乏的环境中艰难求生。游戏引入的“血液合成系统”更是为她的玩法增添了深度与策略性。玩家需要主动参与战斗获取血液，再将其合成弹药、治疗针或强力武器“溶血剂”，这种“以血换命”的机制，让每一次战斗都充满了紧张与抉择。

而里昂的篇章则延续了《生化危机4》以来的动作导向风格。第三人称视角下，玩家可以尽情享受他近身格斗、招架反击的爽快感。里昂新增的托马霍克战斧精准弹反、抢夺敌人电锯反杀等动作，让战斗更加激烈刺激。他在战斗中的冷静与果敢，与格蕾丝的脆弱形成了鲜明对比，为游戏增添了丰富的层次感。

此外，游戏还支持第一人称和第三人称视角的自由切换。玩家可以根据不同的场景和需求，灵活选择视角，获得更加多样化的游戏体验。这种创新的设计，不仅满足了不同玩家的喜好，也为游戏带来了更多的可能性。

扣人心弦的剧情，致敬与突破并存
《生化危机9：安魂曲》的剧情堪称系列最佳之一。它围绕保护伞公司的“R.I.N（Requiem In Nothingness）”计划展开，将三十年来系列的各种元素巧妙地浓缩其中。故事以浣熊市为舞台，这座曾经被核爆摧毁的城市，如今已沦为废墟，却依然隐藏着无数的秘密。格蕾丝为了调查母亲艾丽莎的死亡真相，踏入了这片危险的土地，而里昂也在调查美国中西部的离奇死亡事件时，与格蕾丝的线索交织在一起。

剧情中，反派不再是单纯的邪恶怪人，而是具有复杂人格和有趣灵魂的角色。他们对病毒的追求、对权力的渴望，背后都有着各自的故事和动机，让玩家在恐惧的同时，也能感受到人性的复杂。同时，游戏还重新塑造了一个更加深不可测的斯宾塞，为后续作品留下了更多的悬念和发挥空间。

值得一提的是，游戏中充满了对系列经典的致敬。与浣熊市有关的老资历角色以各种方式悉数登场，让老玩家们热泪盈眶。里昂故地重游，评论三十年前遇到的谜题与物品，更是唤起了无数粉丝的美好回忆。这种情怀的融入，不仅让游戏更加厚重，也让玩家感受到了制作团队对系列的热爱与尊重。

震撼的画面表现，打造沉浸式恐怖氛围
采用卡普空最新版RE引擎开发的《生化危机9：安魂曲》，在画面表现上达到了一个新的高度。浣熊市的废墟场景充满了历史厚重感，核爆尘埃与受病毒、辐射影响而疯狂生长的植物交织在一起，营造出了一种独特的“后末世美学”。动态天气系统的加入，更是让游戏的氛围更加逼真。雨天的淅淅沥沥、雾天的朦胧神秘，都直接影响着玩家的视野和敌人的行为，增加了游戏的不确定性和紧张感。

生物细节的刻画也十分精细，静默者的皮肤纹理可随攻击产生撕裂效果，让玩家仿佛能感受到每一次攻击的冲击力。角色方面，格蕾丝丰富的情感表达通过眼神的光芒、皮肤的质感、汗水的湿润等细腻的表现，真实地呈现出了她的恐惧与成长。里昂的沧桑与坚毅也在他的面容和动作中得到了完美展现。

媒体与玩家的高度认可，系列新标杆
《生化危机9：安魂曲》在媒体评测中获得了极高的评价。IGN给予本作9分，称赞它如同保护伞公司地下实验室中一次精密而危险的基因融合实验，成功将系列过往积累的两种核心生存恐怖范式，淬炼为一种更具压迫感、更富传染性的全新体验。IGN法国更是打出了满分的评价，认为它是迄今为止最完美的系列神作，成功调和了系列中长久以来对立的两种创作理念，汲取了《生化危机》最精华的部分，并将其打磨至罕见的高度。

在玩家群体中，这款游戏也备受好评。许多玩家表示，游戏的流程长度充足，普通难度下初体验时长至少在12 - 15小时，如果多逛逛浣熊市，甚至能打18小时。丰富的武器和多样化的敌人，让游戏的可玩性拉满。一周目通关后开启的最高难度附带敌人随机模式，更是为玩家提供了重复可玩的保障。同时，游戏中的情怀元素也让玩家们感动不已，仿佛回到了那个与《生化危机》系列一起成长的岁月。

《生化危机9：安魂曲》无疑是一款值得玩家们珍藏的佳作。它不仅是对系列三十年的致敬与总结，更是为未来的发展奠定了坚实的基础。在这个充满恐怖与感动的世界里，让我们一起跟随格蕾丝和里昂的脚步，探寻真相，书写属于自己的传奇。",推荐,2.0,28,37,有点贵啊 生化8也才198 这个怎么直接348了 但是游戏不错哈 确实 生化危机9 安魂曲 一场跨越三十年的恐怖与感动交织的盛宴 在 生化危机 系列迎来三十周年之际 生化危机9 安魂曲 如同一颗璀璨的星辰 照亮了恐怖游戏的新天空 这款集大成之作 不仅完美融合了系列过往的经典元素 更在玩法 剧情 画面等多个维度实现了突破与创新 为玩家带来了一场无与伦比的沉浸式体验 经典与创新的完美融合 玩法体验再升级 生化危机9 安魂曲 采用了双主角设定 新主角格蕾丝 阿什克罗夫特与经典角色里昂 S 肯尼迪交替登场 带来了两种截然不同却又相得益彰的游戏风格 格蕾丝作为FBI技术分析员 她的篇章回归了经典的生存恐怖模式 在第一人称视角下 玩家能真切感受到她身处绝境时的恐惧与无助 她手持仅剩一发子弹的手枪 在资源极度匮乏的环境中艰难求生 游戏引入的 血液合成系统 更是为她的玩法增添了深度与策略性 玩家需要主动参与战斗获取血液 再将其合成弹药 治疗针或强力武器 溶血剂 这种 以血换命 的机制 让每一次战斗都充满了紧张与抉择 而里昂的篇章则延续了 生化危机4 以来的动作导向风格 第三人称视角下 玩家可以尽情享受他近身格斗 招架反击的爽快感 里昂新增的托马霍克战斧精准弹反 抢夺敌人电锯反杀等动作 让战斗更加激烈刺激 他在战斗中的冷静与果敢 与格蕾丝的脆弱形成了鲜明对比 为游戏增添了丰富的层次感 此外 游戏还支持第一人称和第三人称视角的自由切换 玩家可以根据不同的场景和需求 灵活选择视角 获得更加多样化的游戏体验 这种创新的设计 不仅满足了不同玩家的喜好 也为游戏带来了更多的可能性 扣人心弦的剧情 致敬与突破并存 生化危机9 安魂曲 的剧情堪称系列最佳之一 它围绕保护伞公司的 R I N Requiem In Nothingness 计划展开 将三十年来系列的各种元素巧妙地浓缩其中 故事以浣熊市为舞台 这座曾经被核爆摧毁的城市 如今已沦为废墟 却依然隐藏着无数的秘密 格蕾丝为了调查母亲艾丽莎的死亡真相 踏入了这片危险的土地 而里昂也在调查美国中西部的离奇死亡事件时 与格蕾丝的线索交织在一起 剧情中 反派不再是单纯的邪恶怪人 而是具有复杂人格和有趣灵魂的角色 他们对病毒的追求 对权力的渴望 背后都有着各自的故事和动机 让玩家在恐惧的同时 也能感受到人性的复杂 同时 游戏还重新塑造了一个更加深不可测的斯宾塞 为后续作品留下了更多的悬念和发挥空间 值得一提的是 游戏中充满了对系列经典的致敬 与浣熊市有关的老资历角色以各种方式悉数登场 让老玩家们热泪盈眶 里昂故地重游 评论三十年前遇到的谜题与物品 更是唤起了无数粉丝的美好回忆 这种情怀的融入 不仅让游戏更加厚重 也让玩家感受到了制作团队对系列的热爱与尊重 震撼的画面表现 打造沉浸式恐怖氛围 采用卡普空最新版RE引擎开发的 生化危机9 安魂曲 在画面表现上达到了一个新的高度 浣熊市的废墟场景充满了历史厚重感 核爆尘埃与受病毒 辐射影响而疯狂生长的植物交织在一起 营造出了一种独特的 后末世美学 动态天气系统的加入 更是让游戏的氛围更加逼真 雨天的淅淅沥沥 雾天的朦胧神秘 都直接影响着玩家的视野和敌人的行为 增加了游戏的不确定性和紧张感 生物细节的刻画也十分精细 静默者的皮肤纹理可随攻击产生撕裂效果 让玩家仿佛能感受到每一次攻击的冲击力 角色方面 格蕾丝丰富的情感表达通过眼神的光芒 皮肤的质感 汗水的湿润等细腻的表现 真实地呈现出了她的恐惧与成长 里昂的沧桑与坚毅也在他的面容和动作中得到了完美展现 媒体与玩家的高度认可 系列新标杆 生化危机9 安魂曲 在媒体评测中获得了极高的评价 IGN给予本作9分 称赞它如同保护伞公司地下实验室中一次精密而危险的基因融合实验 成功将系列过往积累的两种核心生存恐怖范式 淬炼为一种更具压迫感 更富传染性的全新体验 IGN法国更是打出了满分的评价 认为它是迄今为止最完美的系列神作 成功调和了系列中长久以来对立的两种创作理念 汲取了 生化危机 最精华的部分 并将其打磨至罕见的高度 在玩家群体中 这款游戏也备受好评 许多玩家表示 游戏的流程长度充足 普通难度下初体验时长至少在12 15小时 如果多逛逛浣熊市 甚至能打18小时 丰富的武器和多样化的敌人 让游戏的可玩性拉满 一周目通关后开启的最高难度附带敌人随机模式 更是为玩家提供了重复可玩的保障 同时 游戏中的情怀元素也让玩家们感动不已 仿佛回到了那个与 生化危机 系列一起成长的岁月 生化危机9 安魂曲 无疑是一款值得玩家们珍藏的佳作 它不仅是对系列三十年的致敬与总结 更是为未来的发展奠定了坚实的基础 在这个充满恐怖与感动的世界里 让我们一起跟随格蕾丝和里昂的脚步 探寻真相 书写属于自己的传奇,价格,正面
2360,2360,2026-02-27,画质优化真的牛,推荐,1.3,39,98,画质优化真的牛,画面,正面
2361,2361,2026-02-27,好玩,推荐,9.3,14,123,好玩,玩法,正面
2362,2362,2026-02-27,把我可爱的白发女儿还给我！,推荐,7.7,6,165,把我可爱的白发女儿还给我,情怀,正面
2363,2363,2026-02-27,好玩，爱玩,推荐,12.8,31,90,好玩 爱玩,玩法,正面
2364,2364,2026-02-27,体验丝般顺滑基本没卡过，只要喜欢生化2的警察局，无脑入手完事儿了，而且没想到连头发都那么生动,推荐,7.0,5,64,体验丝般顺滑基本没卡过 只要喜欢生化2的警察局 无脑入手完事儿了 而且没想到连头发都那么生动,画面,正面
2365,2365,2026-02-27,女主一惊一乍的比怪物更怪物好吧，我有一半的恐惧都是来自于女主。。。,推荐,1.2,2,11,女主一惊一乍的比怪物更怪物好吧 我有一半的恐惧都是来自于女主,剧情,正面
2366,2366,2026-02-27,豪玩 就是子弹少了点,推荐,6.7,26,135,豪玩 就是子弹少了点,玩法,正面
2367,2367,2026-02-27,动不动卡死，什么游戏一坨答辩。,不推荐,12.5,38,197,动不动卡死 什么游戏一坨答辩,优化,负面
2368,2368,2026-02-27,1,推荐,5.0,35,94,1,其他,正面
2369,2369,2026-02-27,强行推的女主关卡设计得超级无聊，毫无诚意的解谜设计，战斗也有bug，穿模都忍了，除了画面有点提升，然后消费情怀，太后悔买预售了，这个IP看来以后只能打折区见了,不推荐,3.4,17,126,强行推的女主关卡设计得超级无聊 毫无诚意的解谜设计 战斗也有bug 穿模都忍了 除了画面有点提升 然后消费情怀 太后悔买预售了 这个IP看来以后只能打折区见了,玩法,负面
2370,2370,2026-02-27,神,推荐,9.5,4,113,神,其他,正面
2371,2371,2026-02-27,"把我DNA里面的3D眩晕都吓没了
Grace主打恐怖
Leon主打报复恐怖
天衣无缝",推荐,2.6,39,48,把我DNA里面的3D眩晕都吓没了 Grace主打恐怖 Leon主打报复恐怖 天衣无缝,剧情,正面
2372,2372,2026-02-27,真好玩！,推荐,8.0,3,162,真好玩,玩法,正面
2373,2373,2026-02-27,刚开始play，很妙啊，随便一个丧尸都能拿起电锯秒主角，不过同样主角也能拿电锯赶回去，也算是报了当年被电锯男在后面狂追的抽了。,推荐,1.8,45,104,刚开始play 很妙啊 随便一个丧尸都能拿起电锯秒主角 不过同样主角也能拿电锯赶回去 也算是报了当年被电锯男在后面狂追的抽了,玩法,正面
2374,2374,2026-02-27,神作,推荐,9.2,44,53,神作,情怀,正面
2375,2375,2026-02-27,太好玩了,推荐,8.9,22,31,太好玩了,玩法,正面
2376,2376,2026-02-27,怪猎组，你他妈看好了，RE引擎是这样用的！,推荐,3.4,43,102,怪猎组 你他妈看好了 RE引擎是这样用的,画面,正面
2377,2377,2026-02-27,我DS5的适配呢，ps5帧率低跑来PC，没想到PC还不适配,不推荐,0.6,44,103,我DS5的适配呢 ps5帧率低跑来PC 没想到PC还不适配,优化,负面
2378,2378,2026-02-27,我这烂电脑居然能跑将近200帧，这优化真没话说了,推荐,3.6,27,36,我这烂电脑居然能跑将近200帧 这优化真没话说了,优化,正面
2379,2379,2026-02-27,吓死人了！过瘾！,推荐,6.9,27,186,吓死人了 过瘾,音效,正面
2380,2380,2026-02-27,好玩，根本停不下来,推荐,5.7,43,102,好玩 根本停不下来,玩法,正面
2381,2381,2026-02-27,狗屎卡表 商店页面显示支持DS5手柄，实际根本没有适配，关steam输入更是直接用不了DS5按键直接没反应。纯诈骗 草你妈傻逼卡普空,不推荐,5.0,26,35,狗屎卡表 商店页面显示支持DS5手柄 实际根本没有适配 关steam输入更是直接用不了DS5按键直接没反应 纯诈骗 草你妈傻逼卡普空,优化,负面
2382,2382,2026-02-27,fatal D3D error,不推荐,4.6,39,48,fatal D3D error,优化,负面
2383,2383,2026-02-27,直接今年年度最佳，你们随意,推荐,7.2,31,90,直接今年年度最佳 你们随意,情怀,正面
2384,2384,2026-02-27,好玩炸了兄弟^^,推荐,7.8,47,156,好玩炸了兄弟,玩法,正面
2385,2385,2026-02-27,硬盘空间不够了，果断把某州行动卸载了，我做得对吗？,推荐,3.1,45,204,硬盘空间不够了 果断把某州行动卸载了 我做得对吗,其他,正面
2386,2386,2026-02-27,CDK激活 能进游戏 能正常游玩，但是基本30分钟左右会报错   配置：AMD Ryzen 5 7500F 6-Core  3060ti   用的win10  是不是换win11就会好,推荐,1.9,48,207,CDK激活 能进游戏 能正常游玩 但是基本30分钟左右会报错 配置 AMD Ryzen 5 7500F 6 Core 3060ti 用的win10 是不是换win11就会好,优化,正面
2387,2387,2026-02-27,里昂的处决动作太帅了，好评,推荐,4.1,10,119,里昂的处决动作太帅了 好评,玩法,正面
2388,2388,2026-02-27,已经不是优化差这么简单了，直接锁死1280*720分辨率，全屏也只是拉伸，分辨率低的还不如6代,不推荐,5.7,29,88,已经不是优化差这么简单了 直接锁死1280 720分辨率 全屏也只是拉伸 分辨率低的还不如6代,优化,负面
2389,2389,2026-02-27,好玩，但是流程太短了吧，期待之后的dlc，还有就是写着支持ds5手柄但实际并不支持，服了还很期待用ds5手柄玩的。,推荐,6.9,38,147,好玩 但是流程太短了吧 期待之后的dlc 还有就是写着支持ds5手柄但实际并不支持 服了还很期待用ds5手柄玩的,玩法,正面
2390,2390,2026-02-27,太好玩了，格蕾丝好美，win10连续玩了5个小时，没有一点卡顿,推荐,9.2,42,151,太好玩了 格蕾丝好美 win10连续玩了5个小时 没有一点卡顿,玩法,正面
2391,2391,2026-02-27,系列之最,推荐,11.6,31,40,系列之最,情怀,正面
2392,2392,2026-02-27,"从解禁游玩到现在，目前玩到里昂刚拿到bsaa的视频记录，感觉挺失望，没打完就来评论了，真是不吐不快。
预购豪华版，忍住不看泄密视频，结果就这？四代RE成熟的切枪UI不用，改成现在的一长列，用电锯得先挥舞个一圈，自己用电锯切枪放地上还不会关能锯到自己，强化小手枪加个瞄具变第一人称瞄准了！！…………太多值得吐槽的了。
就你这能从混泥土中爬起来的丧尸，CG里用小斧子单杀大蜘蛛，实在不行你学下你的前辈，就不要发售成生化危机，你就改改当成鬼泣卖。
搞得现在要爽爽不了的，你但凡直接上小号呢，小开不算开。",不推荐,14.2,27,86,从解禁游玩到现在 目前玩到里昂刚拿到bsaa的视频记录 感觉挺失望 没打完就来评论了 真是不吐不快 预购豪华版 忍住不看泄密视频 结果就这 四代RE成熟的切枪UI不用 改成现在的一长列 用电锯得先挥舞个一圈 自己用电锯切枪放地上还不会关能锯到自己 强化小手枪加个瞄具变第一人称瞄准了 太多值得吐槽的了 就你这能从混泥土中爬起来的丧尸 CG里用小斧子单杀大蜘蛛 实在不行你学下你的前辈 就不要发售成生化危机 你就改改当成鬼泣卖 搞得现在要爽爽不了的 你但凡直接上小号呢 小开不算开,玩法,负面
2393,2393,2026-02-27,好玩,推荐,9.8,9,68,好玩,玩法,正面
2394,2394,2026-02-27,好多bug啊，卡表修一修吧，我开局所有本应该是黑的房间一片惨白，一点恐怖敢都没有了,不推荐,4.0,38,97,好多bug啊 卡表修一修吧 我开局所有本应该是黑的房间一片惨白 一点恐怖敢都没有了,优化,负面
2395,2395,2026-02-27,体验了几个小时，说下感受，格蕾丝能感受到经典老生化的背包管理和生存恐怖，里昂能体验到新生化后的动作体验，优化我没遇到任何问题，全程2K 160帧 体验很好 好评！,推荐,11.6,29,88,体验了几个小时 说下感受 格蕾丝能感受到经典老生化的背包管理和生存恐怖 里昂能体验到新生化后的动作体验 优化我没遇到任何问题 全程2K 160帧 体验很好 好评,玩法,正面
2396,2396,2026-02-27,里昂关战斗爽，格蕾丝关超吓人，像坐过山车一样的游戏体验，好玩好爽，生化粉丝的超级大餐,推荐,2.5,23,132,里昂关战斗爽 格蕾丝关超吓人 像坐过山车一样的游戏体验 好玩好爽 生化粉丝的超级大餐,玩法,正面
2397,2397,2026-02-27,"格蕾丝性能太弱了，开始东西区那B包来回倒腾，倒腾，倒腾，多给几个格子能破坏玩家游戏体验啊？
逼得玩家跟他妈仓鼠似的，好不容易捡到一颗马格南拿不下了宝贝，屁眼里也都塞满了
强行拉时长
那枪给不给都那么回事，头4枪-3枪，资源少的可怜，在那少的可怜的逼包前提下计算物资，
FBI的体术是推你丫一大跟头？你再给你爹乐死，过一会白打，怪活啦
解密憋屈半小时，李昂爽3分钟
",不推荐,10.6,50,59,格蕾丝性能太弱了 开始东西区那B包来回倒腾 倒腾 倒腾 多给几个格子能破坏玩家游戏体验啊 逼得玩家跟他妈仓鼠似的 好不容易捡到一颗马格南拿不下了宝贝 屁眼里也都塞满了 强行拉时长 那枪给不给都那么回事 头4枪 3枪 资源少的可怜 在那少的可怜的逼包前提下计算物资 FBI的体术是推你丫一大跟头 你再给你爹乐死 过一会白打 怪活啦 解密憋屈半小时 李昂爽3分钟,玩法,负面
2398,2398,2026-02-27,垃圾卡婊手柄适配在你妈b里吗,不推荐,0.1,27,186,垃圾卡婊手柄适配在你妈b里吗,优化,负面
2399,2399,2026-02-27,兼顾恐怖与战斗爽，最令我满意的一部生化危机,推荐,11.4,25,84,兼顾恐怖与战斗爽 最令我满意的一部生化危机,玩法,正面
2400,2400,2026-02-27,里昂的游玩体验太爽了，爽到无法呼吸,推荐,9.9,25,34,里昂的游玩体验太爽了 爽到无法呼吸,玩法,正面
2401,2401,2026-02-27,差评的都死m,推荐,9.2,23,32,差评的都死m,其他,正面
2402,2402,2026-02-27,51岁钢背兽依旧能打,推荐,9.3,34,43,51岁钢背兽依旧能打,情怀,正面
2403,2403,2026-02-27,胶片颗粒的开关没给啊，有点累眼睛，什么时候让关什么时候改，暂时不推荐不喜欢胶片颗粒效果的玩家玩,不推荐,8.4,7,116,胶片颗粒的开关没给啊 有点累眼睛 什么时候让关什么时候改 暂时不推荐不喜欢胶片颗粒效果的玩家玩,画面,负面
2404,2404,2026-02-27,每日药剂清单：始祖病毒，t病毒，g病毒，维罗妮卡病毒，普拉卡寄生虫，衔尾蛇病毒，t深渊病毒，t恐惧病毒，c病毒，a病毒，菌主，小葵花护肝片,推荐,6.0,50,59,每日药剂清单 始祖病毒 t病毒 g病毒 维罗妮卡病毒 普拉卡寄生虫 衔尾蛇病毒 t深渊病毒 t恐惧病毒 c病毒 a病毒 菌主 小葵花护肝片,其他,正面
2405,2405,2026-02-27,"RESIDENT EVIL requiem - Crash
An unhandled exception occurred.
re9.exe!0x140000000 + 0x9e7eabe
re9,exe!0x140000000 + 0x9e7e2fd
我公司电脑3050都能进，家里电脑更好配置都不能进，笑了，另外不要说我删什么hid文件，没有这个文件，也从来没搞过假入库，看不懂文字的不要留言了。",不推荐,6.8,18,127,RESIDENT EVIL requiem Crash An unhandled exception occurred re9 exe 0x140000000 0x9e7eabe re9 exe 0x140000000 0x9e7e2fd 我公司电脑3050都能进 家里电脑更好配置都不能进 笑了 另外不要说我删什么hid文件 没有这个文件 也从来没搞过假入库 看不懂文字的不要留言了,优化,负面
2406,2406,2026-02-27,浅玩一会，等周日再细品了，因为不敢大晚上的打疗养院……,推荐,1.0,30,139,浅玩一会 等周日再细品了 因为不敢大晚上的打疗养院,剧情,正面
2407,2407,2026-02-27,全系列最弱主角，女主软弱害怕遇事哭爹喊娘没有问题，你可以把他设定成新人女大学生，而不是FBI，而且感觉已经完全取消了走位躲丧尸攻击的操作，道路一人宽，手里没刀经过就是必死，女主吸血很有新意但是依旧要收集地图资源才能合成，死循环，做不到清空地图上的怪美美搜索，好不容易躲了追击一抬头，又是新的两只在脸上。说完感觉不爽的点说说我喜欢的点：丧尸有行动目的这个设定我觉得挺有趣的，而且这一代真的做出了恐怖感 很刺激，猛然被发现的真的太吓人了 不再是手里有枪天下无敌的感觉，女主线那个鬼叫的唱歌女鬼阴的真的没边，不管怎么说，我永远支持生化危机，五十岁分头你真的太帅了QAQ,推荐,2.8,48,107,全系列最弱主角 女主软弱害怕遇事哭爹喊娘没有问题 你可以把他设定成新人女大学生 而不是FBI 而且感觉已经完全取消了走位躲丧尸攻击的操作 道路一人宽 手里没刀经过就是必死 女主吸血很有新意但是依旧要收集地图资源才能合成 死循环 做不到清空地图上的怪美美搜索 好不容易躲了追击一抬头 又是新的两只在脸上 说完感觉不爽的点说说我喜欢的点 丧尸有行动目的这个设定我觉得挺有趣的 而且这一代真的做出了恐怖感 很刺激 猛然被发现的真的太吓人了 不再是手里有枪天下无敌的感觉 女主线那个鬼叫的唱歌女鬼阴的真的没边 不管怎么说 我永远支持生化危机 五十岁分头你真的太帅了QAQ,玩法,正面
2408,2408,2026-02-27,我要舔里昂的鞋,推荐,4.5,41,100,我要舔里昂的鞋,情怀,正面
2409,2409,2026-02-27,豪丸,推荐,13.8,36,95,豪丸,其他,正面
2410,2410,2026-02-27,好玩,推荐,9.2,39,98,好玩,玩法,正面
2411,2411,2026-02-27,里昂踏马的怎么这么帅,推荐,12.1,14,173,里昂踏马的怎么这么帅,情怀,正面
2412,2412,2026-02-27,李三光完全男妈妈,推荐,14.3,19,78,李三光完全男妈妈,情怀,正面
2413,2413,2026-02-27,asdsd,推荐,4.7,3,112,asdsd,其他,正面
2414,2414,2026-02-27,基本支持DS手柄,不推荐,13.3,21,130,基本支持DS手柄,其他,负面
2415,2415,2026-02-27,"nice
",推荐,3.9,33,92,nice,其他,正面
2416,2416,2026-02-27,好玩，果然怪猎荒野是领养的，生化才是亲生的，优化很好，游戏性出色，双线剧情在刺激的心理恐怖和爽快的割草下来回切换，一个字！爽！,推荐,13.7,12,71,好玩 果然怪猎荒野是领养的 生化才是亲生的 优化很好 游戏性出色 双线剧情在刺激的心理恐怖和爽快的割草下来回切换 一个字 爽,玩法,正面
2417,2417,2026-02-27,玩了个开头，依旧是那个味道，仿佛又回到了当初的浣熊市警察局，一玩起来就停不下，帧率稳定，没遇到BUG.完美的体验。,推荐,5.7,48,207,玩了个开头 依旧是那个味道 仿佛又回到了当初的浣熊市警察局 一玩起来就停不下 帧率稳定 没遇到BUG 完美的体验,情怀,正面
2418,2418,2026-02-27,能不能全是李昂啊,推荐,3.9,50,59,能不能全是李昂啊,情怀,正面
2419,2419,2026-02-27,惊艳，肉眼可见的技术力提高，可惜配置不够没法画质拉满开光追游玩，有点小可惜,推荐,1.8,27,186,惊艳 肉眼可见的技术力提高 可惜配置不够没法画质拉满开光追游玩 有点小可惜,画面,正面
2420,2420,2026-02-27,有点吓人还可以正常恐怖游戏,推荐,8.3,29,188,有点吓人还可以正常恐怖游戏,音效,正面
2421,2421,2026-02-27,玩了几个小时感觉这一代非常的不错地图没有那么绕了里昂打击感也很爽格蕾丝那条线也够恐怖,推荐,5.6,17,176,玩了几个小时感觉这一代非常的不错地图没有那么绕了里昂打击感也很爽格蕾丝那条线也够恐怖,玩法,正面
2422,2422,2026-02-27,太好玩了。玩到憋尿都放不下键盘，早上看ps玩家直播都要给我馋死了,推荐,11.5,28,137,太好玩了 玩到憋尿都放不下键盘 早上看ps玩家直播都要给我馋死了,玩法,正面
2423,2423,2026-02-27,有李三光就够了！,推荐,13.6,26,35,有李三光就够了,情怀,正面
2424,2424,2026-02-27,666,推荐,16.5,25,184,666,其他,正面
2425,2425,2026-02-27,生9很完美，但是听哥们一句劝，千万不要玩标准传统！,推荐,7.6,26,35,生9很完美 但是听哥们一句劝 千万不要玩标准传统,玩法,正面
2426,2426,2026-02-27,无需多言，好评！,推荐,7.6,38,47,无需多言 好评,其他,正面
2427,2427,2026-02-27,好,推荐,5.1,35,44,好,其他,正面
2428,2428,2026-02-27,嘻嘻 还不错,不推荐,8.0,18,27,嘻嘻 还不错,其他,负面
2429,2429,2026-02-27,里昂线玩才舒服,推荐,18.4,6,15,里昂线玩才舒服,情怀,正面
2430,2430,2026-02-27,卡普空的游戏必须给差评,不推荐,6.2,36,95,卡普空的游戏必须给差评,其他,负面
2431,2431,2026-02-27,"国区依旧稳定发挥。
你们死不死啊？怎么别人电脑都没事，优化都正常，一到你这就各种问题，我3060TI的笔电2K屁事没有。游戏还没怎么玩呢，就一顿差评轰炸，每次都是这样，真TM恶心死了。
建议你们把黑神话也打差评，它也优化烂帧数低，一碗水端平好吗。
",推荐,6.2,41,100,国区依旧稳定发挥 你们死不死啊 怎么别人电脑都没事 优化都正常 一到你这就各种问题 我3060TI的笔电2K屁事没有 游戏还没怎么玩呢 就一顿差评轰炸 每次都是这样 真TM恶心死了 建议你们把黑神话也打差评 它也优化烂帧数低 一碗水端平好吗,优化,正面
2432,2432,2026-02-27,手感不错，就是没啥创新，但是好玩NB,推荐,16.7,50,59,手感不错 就是没啥创新 但是好玩NB,玩法,正面
2433,2433,2026-02-27,买,推荐,11.3,2,61,买,其他,正面
2434,2434,2026-02-27,还可以,推荐,5.5,40,99,还可以,其他,正面
2435,2435,2026-02-27,"年轻菜鸟佛伯乐小姐姐因惧怕跌落斩杀线被迫接受上司压榨，独自执行致命任务。
中年金发白男感染致命传染病非但不隔离不带口罩还满大街拿斧子疯狂砍人，疑似变态杀人狂。
",推荐,1.8,10,169,年轻菜鸟佛伯乐小姐姐因惧怕跌落斩杀线被迫接受上司压榨 独自执行致命任务 中年金发白男感染致命传染病非但不隔离不带口罩还满大街拿斧子疯狂砍人 疑似变态杀人狂,剧情,正面
2436,2436,2026-02-27,非常ok有爽也有恐怖的分割的不错,推荐,5.7,21,80,非常ok有爽也有恐怖的分割的不错,玩法,正面
2437,2437,2026-02-27,/,推荐,10.2,38,47,,优化,正面
2438,2438,2026-02-27,全款拿下！买就对了！炒鸡好玩！,推荐,9.3,36,195,全款拿下 买就对了 炒鸡好玩,情怀,正面
2439,2439,2026-02-27,战斗，爽,推荐,14.2,32,91,战斗 爽,玩法,正面
2440,2440,2026-02-27,没做ds适配为什么要写完全支持呢 你这不是诈骗吗 卡表,不推荐,3.0,7,66,没做ds适配为什么要写完全支持呢 你这不是诈骗吗 卡表,优化,负面
2441,2441,2026-02-27,超水准的正统续作,推荐,13.6,49,158,超水准的正统续作,情怀,正面
2442,2442,2026-02-27,9分，原汁原味,推荐,7.9,48,57,9分 原汁原味,情怀,正面
2443,2443,2026-02-27,"热忱之心不可泯灭,致敬里昂.S.肯尼迪",推荐,0.9,44,103,热忱之心不可泯灭 致敬里昂 S 肯尼迪,情怀,正面
2444,2444,2026-02-27,只能说，卡普空确实是用心做了这款游戏的，没有枉费这么多年的等待,推荐,6.8,35,144,只能说 卡普空确实是用心做了这款游戏的 没有枉费这么多年的等待,情怀,正面
2445,2445,2026-02-27,休假到3月2，起飞起飞,推荐,4.6,1,10,休假到3月2 起飞起飞,其他,正面
2446,2446,2026-02-27,好玩，爱玩，硬玩,推荐,6.2,46,55,好玩 爱玩 硬玩,玩法,正面
2447,2447,2026-02-27,好玩，爱玩,推荐,7.3,2,161,好玩 爱玩,玩法,正面
2448,2448,2026-02-27,2026年了，还在区别对待呢,不推荐,2.1,48,157,2026年了 还在区别对待呢,情怀,负面
2449,2449,2026-02-27,太久没有玩过这么尽兴的游戏了，这代双主角设计的太好，玩了大怂包格蕾丝之后再玩李三光的流程，真是无比爽快，各种处决方式令我直呼卧槽，总之就是夯中夯中夯！喜欢恐怖动作类游戏的朋友必玩之作。,推荐,7.8,12,71,太久没有玩过这么尽兴的游戏了 这代双主角设计的太好 玩了大怂包格蕾丝之后再玩李三光的流程 真是无比爽快 各种处决方式令我直呼卧槽 总之就是夯中夯中夯 喜欢恐怖动作类游戏的朋友必玩之作,玩法,正面
2450,2450,2026-02-27,吓尿了我去，我敢说这是生化危机系列有史以来最恐怖的一代,推荐,6.4,46,55,吓尿了我去 我敢说这是生化危机系列有史以来最恐怖的一代,剧情,正面
2451,2451,2026-02-27,"一：画面和头发质感都有提升，特别是开启光追和HDR后。优化不错，五年前的老古董rx6800能在设置普通光追 、最高超分、最高图像，最高光影且开启amdfsr3.1.5高质量超分和帧生成的情况下能全程150帧左右畅玩该游戏。
二：战斗系统依旧保持传统生化风格，有一定程度的创新，如个别动作的设计，里昂可以捡起地上的武器砸向敌人。部分章节的设计也能看见一些特别的东西，疗养院的一些丧尸设计的比较有意思。
三：双主角交替进行的线性游戏设计丰富了游戏体验，让人感到恐怖游戏惊悚的同时又有几分动作游戏战斗的刺激爽感。
四：第一人称和第三人称的任意视角转换也是一个值得赞赏的优点。对比前作，它确实有很多提升和改变的地方，卡婊让我们看到它的诚意
四：人设方面，格蕾丝有些胆怯却在困境下坚韧仍存的性格让人仿佛又看到了生化4的碍事莉。
五：里昂的回归为本作加了不少的情怀分，当操刀这个主角的那一刻，仍旧还是熟悉的味道和配方，李三光依然权威。
六：72.7G的pc标准版磁盘占用代表它的体量不会很小，我属于喜欢细细品尝游戏的玩家，个人觉得够玩。
七：价格方面，398的豪华版售价个人觉得略贵，但是py肥皂盒180抽到了豪华版，那还要什么自行车？给我冲！！！😎😎😎
最后，四小时的游玩体验下来，生9值得推荐，它当之无愧！

",推荐,7.0,30,189,一 画面和头发质感都有提升 特别是开启光追和HDR后 优化不错 五年前的老古董rx6800能在设置普通光追 最高超分 最高图像 最高光影且开启amdfsr3 1 5高质量超分和帧生成的情况下能全程150帧左右畅玩该游戏 二 战斗系统依旧保持传统生化风格 有一定程度的创新 如个别动作的设计 里昂可以捡起地上的武器砸向敌人 部分章节的设计也能看见一些特别的东西 疗养院的一些丧尸设计的比较有意思 三 双主角交替进行的线性游戏设计丰富了游戏体验 让人感到恐怖游戏惊悚的同时又有几分动作游戏战斗的刺激爽感 四 第一人称和第三人称的任意视角转换也是一个值得赞赏的优点 对比前作 它确实有很多提升和改变的地方 卡婊让我们看到它的诚意 四 人设方面 格蕾丝有些胆怯却在困境下坚韧仍存的性格让人仿佛又看到了生化4的碍事莉 五 里昂的回归为本作加了不少的情怀分 当操刀这个主角的那一刻 仍旧还是熟悉的味道和配方 李三光依然权威 六 72 7G的pc标准版磁盘占用代表它的体量不会很小 我属于喜欢细细品尝游戏的玩家 个人觉得够玩 七 价格方面 398的豪华版售价个人觉得略贵 但是py肥皂盒180抽到了豪华版 那还要什么自行车 给我冲 最后 四小时的游玩体验下来 生9值得推荐 它当之无愧,画面,正面
2452,2452,2026-02-27,集大成之作，爽飞,推荐,8.7,34,143,集大成之作 爽飞,情怀,正面
2453,2453,2026-02-27,"一般吧

2026.2.28
玩到浣熊市了，挺牛逼",推荐,7.5,37,46,一般吧 2026 2 28 玩到浣熊市了 挺牛逼,情怀,正面
2454,2454,2026-02-27,好玩，爱玩，格蕾丝标准难度依然可以战斗爽！游戏满分，但是卡婊骗人适配ds手柄实则没适配0分捏,推荐,11.6,46,205,好玩 爱玩 格蕾丝标准难度依然可以战斗爽 游戏满分 但是卡婊骗人适配ds手柄实则没适配0分捏,玩法,正面
2455,2455,2026-02-27,Welcome to Raccoon City，Mr.  Kennedy,推荐,14.1,26,35,Welcome to Raccoon City Mr Kennedy,情怀,正面
2456,2456,2026-02-27,你妈的什么破游戏 2026年居然还不支持16:10宽高比  导致我都不能开4k  只能2k玩  什么玩意啊,不推荐,2.7,29,138,你妈的什么破游戏 2026年居然还不支持16 10宽高比 导致我都不能开4k 只能2k玩 什么玩意啊,画面,负面
2457,2457,2026-02-27,NE,推荐,14.4,1,60,NE,其他,正面
2458,2458,2026-02-27,吓死我了，吓死我了！！！！！！！！！！！！出生卡普空,不推荐,1.5,44,103,吓死我了 吓死我了 出生卡普空,情怀,负面
2459,2459,2026-02-27,里昂好帅好猛（,推荐,10.1,41,150,里昂好帅好猛,情怀,正面
2460,2460,2026-02-27,"喜欢四重置的别买这代！！
巨吃屎！！
女主便秘一样的操作手感极其劝退。方向键像沾了胶水一样。
为了恐怖设计的超低操作性能的女主。
你想玩里昂还得不停的吃女主线那种故意搞的jump sacre，为了吓你故意弄一堆拖慢你的操作演出。
切到里昂瞬间操作顺畅了很多，但是为了里昂完全不值得买，因为你想爽就必须吃女主线的喂屎
都2026年了连FOV都调不了，不开路径光线追踪女主的脸在开场的街道像是被糊了马赛克一样，巨灾难。
/////////////////////////////////////
刚刚查了一下，明明主机不支持路径光纤追踪，却根本没有PC版这种女主的脸糊成一坨的问题
就是故意在PC做的负优化好帮老黄卖他的RTX显卡，弱智卡普空",不推荐,1.2,38,97,喜欢四重置的别买这代 巨吃屎 女主便秘一样的操作手感极其劝退 方向键像沾了胶水一样 为了恐怖设计的超低操作性能的女主 你想玩里昂还得不停的吃女主线那种故意搞的jump sacre 为了吓你故意弄一堆拖慢你的操作演出 切到里昂瞬间操作顺畅了很多 但是为了里昂完全不值得买 因为你想爽就必须吃女主线的喂屎 都2026年了连FOV都调不了 不开路径光线追踪女主的脸在开场的街道像是被糊了马赛克一样 巨灾难 刚刚查了一下 明明主机不支持路径光纤追踪 却根本没有PC版这种女主的脸糊成一坨的问题 就是故意在PC做的负优化好帮老黄卖他的RTX显卡 弱智卡普空,优化,负面
2461,2461,2026-02-27,玩了差不多三分之一了，我觉得还不错，就是格蕾丝有时被吓到叫出来我也跟着被吓到🤣,推荐,16.3,25,34,玩了差不多三分之一了 我觉得还不错 就是格蕾丝有时被吓到叫出来我也跟着被吓到,音效,正面
2462,2462,2026-02-27,还行,推荐,4.8,38,97,还行,其他,正面
2463,2463,2026-02-27,爽，虽然李三光老了，但里大哥又来开无双杀小脏比了,推荐,14.0,18,27,爽 虽然李三光老了 但里大哥又来开无双杀小脏比了,情怀,正面
2464,2464,2026-02-27,光追效果吊到爆，非常符合本人对游戏品质的期待,推荐,9.7,23,82,光追效果吊到爆 非常符合本人对游戏品质的期待,画面,正面
2465,2465,2026-02-27,优化不错,推荐,12.0,15,74,优化不错,优化,正面
2466,2466,2026-02-27,目前跟着首发一起玩，grace还是那种生化典型小菜鸟，leon身经百战了，到哪一出场都很淡定。,推荐,9.4,45,154,目前跟着首发一起玩 grace还是那种生化典型小菜鸟 leon身经百战了 到哪一出场都很淡定,情怀,正面
2467,2467,2026-02-27,我他妈玩了个啥,推荐,9.9,47,56,我他妈玩了个啥,其他,正面
2468,2468,2026-02-27,必须支持一波 很好玩,推荐,12.4,33,92,必须支持一波 很好玩,玩法,正面
2469,2469,2026-02-27,"玩着玩着，联络通讯那一端飘来一句：Don't do anything stupid 老里头. 
老里头：Me？Never. 
哈哈哈哈哈哈哈哈哈哈谁懂啊，这游戏买的，值了",推荐,1.4,28,87,玩着玩着 联络通讯那一端飘来一句 Don t do anything stupid 老里头 老里头 Me Never 哈哈哈哈哈哈哈哈哈哈谁懂啊 这游戏买的 值了,情怀,正面
2470,2470,2026-02-27,好玩，一如既往的箱庭式解密，恐怖倒没有多恐怖，你给我把小手枪我都杀穿全场,推荐,6.1,37,96,好玩 一如既往的箱庭式解密 恐怖倒没有多恐怖 你给我把小手枪我都杀穿全场,玩法,正面
2471,2471,2026-02-27,我这但丁砍了半天怎么没给我3S评分啊 魔人形态也没有 什么时候修复,推荐,10.7,10,119,我这但丁砍了半天怎么没给我3S评分啊 魔人形态也没有 什么时候修复,玩法,正面
2472,2472,2026-02-27,傻逼格蕾丝拿枪手抖得像筛糠 跑步脚底抹油三步一摔 靠走关系进的佛伯乐👍👍👍,推荐,7.0,41,200,傻逼格蕾丝拿枪手抖得像筛糠 跑步脚底抹油三步一摔 靠走关系进的佛伯乐,玩法,正面
2473,2473,2026-02-27,生化大杂烩，非常好玩,推荐,12.3,42,151,生化大杂烩 非常好玩,玩法,正面
2474,2474,2026-02-27,好玩,推荐,12.6,11,70,好玩,玩法,正面
2475,2475,2026-02-27,好玩,推荐,11.7,5,14,好玩,玩法,正面
2476,2476,2026-02-27,不要让等待，成为遗憾！,推荐,4.0,23,32,不要让等待 成为遗憾,其他,正面
2477,2477,2026-02-27,好玩,推荐,1.8,13,22,好玩,玩法,正面
2478,2478,2026-02-27,游戏CG动画有时候音画不同步,推荐,14.2,4,113,游戏CG动画有时候音画不同步,音效,正面
2479,2479,2026-02-27,26年神游2,推荐,6.8,37,96,26年神游2,情怀,正面
2480,2480,2026-02-27,re9是算我玩过最好玩的一代了，剧情很带入，而且恐怖元素很到位，我玩的时候都被吓惨了，确实剧情也做得很好，里昂越老越帅，但是我觉得唯一不足的是格蕾丝在疗养院那段的解密过程太长了，玩里昂线非常爽，玩格蕾丝线就感觉有点无聊了而且恐怖，总体来说已经很好了，满分十分我给这部打8.5分！！还是永远爱着里昂！！！！！！！,推荐,1.9,34,143,re9是算我玩过最好玩的一代了 剧情很带入 而且恐怖元素很到位 我玩的时候都被吓惨了 确实剧情也做得很好 里昂越老越帅 但是我觉得唯一不足的是格蕾丝在疗养院那段的解密过程太长了 玩里昂线非常爽 玩格蕾丝线就感觉有点无聊了而且恐怖 总体来说已经很好了 满分十分我给这部打8 5分 还是永远爱着里昂,剧情,正面
2481,2481,2026-02-27,什么狗屎FOV难受死了，还不能改，原来的FOV MOD还被卡表警告了，还加了完整性验证，玩尼玛。,不推荐,1.1,15,124,什么狗屎FOV难受死了 还不能改 原来的FOV MOD还被卡表警告了 还加了完整性验证 玩尼玛,优化,负面
2482,2482,2026-02-27,"无敌好玩，恐怖氛围拉满了，可以同时体验恐怖游戏和爽游

PS：玩几小时格蕾丝之后切换到李昂，打开背包会不自觉笑出来，这是同一个游戏吗（",推荐,10.5,43,202,无敌好玩 恐怖氛围拉满了 可以同时体验恐怖游戏和爽游 PS 玩几小时格蕾丝之后切换到李昂 打开背包会不自觉笑出来 这是同一个游戏吗,玩法,正面
2483,2483,2026-02-27,这么顶级的画质，优化，氛围，完美融合了2代和8代的优点，生存恐怖+第一人称我，太爽了，国区恶评真丢人,推荐,4.3,39,148,这么顶级的画质 优化 氛围 完美融合了2代和8代的优点 生存恐怖 第一人称我 太爽了 国区恶评真丢人,画面,正面
2484,2484,2026-02-27,玩过了生45678代和4代重制版，这代优化挺好目前没有卡顿掉帧。好玩爱玩！！！,推荐,9.7,2,61,玩过了生45678代和4代重制版 这代优化挺好目前没有卡顿掉帧 好玩爱玩,优化,正面
2485,2485,2026-02-27,生化危机牛逼,推荐,12.8,19,128,生化危机牛逼,情怀,正面
2486,2486,2026-02-27,"一堆bug
",不推荐,7.2,28,187,一堆bug,优化,负面
2487,2487,2026-02-27,为什么进不了游戏！！！！X,不推荐,0.1,15,74,为什么进不了游戏 X,优化,负面
2488,2488,2026-02-27,非常推荐，又找回玩生化2和4的感觉了，就是写着适配dse结果没适配有点烦人,推荐,12.7,15,124,非常推荐 又找回玩生化2和4的感觉了 就是写着适配dse结果没适配有点烦人,情怀,正面
2489,2489,2026-02-27,不是 这越来越离谱了 生7的第一人称做的多好 尤其是克里斯DLC 机瞄做的很棒 8代你直接舍掉了 我也不说你什么 这9代你给了机瞄 结果 瞄着头 枪枪空枪  非得开准心？ 有病是吧 我说为什么 这第一人称举枪瞄准看着好奇怪呢  还有官方演示为什么要开准心呢 合着你犯病 恶心玩家是吧  你不改好了 我不给好评,不推荐,6.0,50,109,不是 这越来越离谱了 生7的第一人称做的多好 尤其是克里斯DLC 机瞄做的很棒 8代你直接舍掉了 我也不说你什么 这9代你给了机瞄 结果 瞄着头 枪枪空枪 非得开准心 有病是吧 我说为什么 这第一人称举枪瞄准看着好奇怪呢 还有官方演示为什么要开准心呢 合着你犯病 恶心玩家是吧 你不改好了 我不给好评,玩法,负面
2490,2490,2026-02-27,挺好玩的,推荐,11.2,33,142,挺好玩的,玩法,正面
2491,2491,2026-02-27,劲啊！剧透也挡不住的爽感，生化危机的剧情从来都不是最重要的，游玩的过程才是！,推荐,18.8,47,56,劲啊 剧透也挡不住的爽感 生化危机的剧情从来都不是最重要的 游玩的过程才是,玩法,正面
2492,2492,2026-02-27,格蕾丝好看捏~~,推荐,6.7,5,64,格蕾丝好看捏,其他,正面
2493,2493,2026-02-27,吃屎把卡婊，进游戏就编译着色器崩溃，我玩你的那个，你知道满心欢喜等了一个礼拜，今天放弃所有计划就为了下班直接爽玩却发现游戏都进不去，网上找了1小时办法使尽还是解决不了的我心态有多崩溃吗？？？我草拟吗的卡普空，赶紧给爷爬吧，永远不可能给你打好评！还是那句话，吃屎去吧！,不推荐,0.2,38,47,吃屎把卡婊 进游戏就编译着色器崩溃 我玩你的那个 你知道满心欢喜等了一个礼拜 今天放弃所有计划就为了下班直接爽玩却发现游戏都进不去 网上找了1小时办法使尽还是解决不了的我心态有多崩溃吗 我草拟吗的卡普空 赶紧给爷爬吧 永远不可能给你打好评 还是那句话 吃屎去吧,优化,负面
2494,2494,2026-02-27,硬件诈骗，游戏界面写着完全支持DS手柄，结果禁用Steam输入就完全不识别了，合着全靠Steam输入映射成xbox手柄才能玩的。一日不做DS手柄适配，评价一日不改。,不推荐,2.5,46,155,硬件诈骗 游戏界面写着完全支持DS手柄 结果禁用Steam输入就完全不识别了 合着全靠Steam输入映射成xbox手柄才能玩的 一日不做DS手柄适配 评价一日不改,优化,负面
2495,2495,2026-02-27,疗养院危机,推荐,8.7,17,126,疗养院危机,剧情,正面
2496,2496,2026-02-27,不支持DS手柄，真有你的。,不推荐,11.7,16,25,不支持DS手柄 真有你的,其他,负面
2497,2497,2026-02-27,这就是目前最好的生化危机,推荐,12.8,40,149,这就是目前最好的生化危机,情怀,正面
2498,2498,2026-02-27,作为30年的生化老粉，9代无需多言，问就是满分~~~,推荐,8.6,46,155,作为30年的生化老粉 9代无需多言 问就是满分,情怀,正面
2499,2499,2026-02-27,"Fatal D3D error(21, DXGI_ERROR_DEVICE_REMOVED, 0x887a0005)",不推荐,3.2,27,86,Fatal D3D error 21 DXGI ERROR DEVICE REMOVED 0x887a0005,优化,负面
2500,2500,2026-02-27,很好！,推荐,17.0,35,144,很好,其他,正面
2501,2501,2026-02-27,格里斯挺恐怖的，子弹真的很少，后期打死的丧尸会变异成更厉害的丧尸，压迫感拉满了,推荐,5.9,28,87,格里斯挺恐怖的 子弹真的很少 后期打死的丧尸会变异成更厉害的丧尸 压迫感拉满了,玩法,正面
2502,2502,2026-02-27,里昂太帅了,推荐,8.3,2,61,里昂太帅了,情怀,正面
2503,2503,2026-02-27,"我觉得生化危机9里缺一个东西
纸箱
至于为什么我之后会说
我觉得生化危机9是一个和之前任何一个生化危机都不同的作品
因为在格雷丝篇里，资源一定不足以干掉每一个敌人，实际上你不可以击杀大部分敌人。

生化危机9是一个事实上的潜行游戏，恐怖游戏，你不可以去战斗。
这是在之前任何一个生化危机中都没有发生的，即便是在老版生化0123，生化78里也没有发生过这种事。即便他们都以生存恐怖出名，但拿光资源用光资源还是可以击杀所有怪物的，生化9是绝对不可能

从这个角度来说，生化9更接近逃生1
毕竟你不能和大部分敌人交火
然而，虽然生化9和逃生一很像
但是生化9的怪物密度与强度远远超出了逃生一
在潜行方面，生化9其实更接近于合金装备
不同的是在生化9中格雷丝不能像snake那样cqc，也没有迷彩服，夜行衣，m16，夜视仪，富尔顿，直升机和火炮支援。只有几个子弹极其有限火力也有限的小枪。
生化危机9强调潜行，这很好，这是超级创新。但潜行做的不够深，也没有做在对的地方。
特别是既然要做潜行，那就不应该用洋馆布局这种大环线结构，它不适合。这种大环线+多分枝支，我要是走错路呢？初见我怎么可能知道速通路线，这对于玩家意味着什么知道吗。此外敌人会复活并变异的设计加强了这个问题。比如误入后期门前的早期走廊，后期再去的时候，就要面对一对死而复生的变异敌人了，这种事本来是不应该发生的
你不只是不能战斗，你还不能探索，不能走回头路，不能一条路走两遍
更糟的是一定解谜流程之后敌人的巡逻路径会变化，也就是说那里不仅会有变异敌人，还会有新的潜在的变异敌人
另外我有没有说过，你无法潜行通过变异敌人身边，并且枪声有可能吸引新的敌人？好吧，现在我说了。

所以每一个变异敌人=无法通过的路障
那这种路障一条环路上只要有两个，玩家就没法玩了，因为大环线上会出现一段被堵死的区域
更不用说每一个区域本身就会有一个绕着环线巡逻的几乎打不死的精英怪，本质也是路障
所以实际上如果大环线上出现了一个变异敌人，那就GG WP了。而大环线上自然满是怪物
毕竟游戏的本质是策略集
格雷丝的策略集是：躲避，潜行，极其有限的战斗。
而大环线+死而复生的敌人+精英怪会把这些策略全都拿走

顺带一提，格雷斯的潜行甚至没有暗杀/击晕（排除威胁）选项。因为如果你要暗杀就只能用每用一次需要消耗一个废金属（制作足够击倒两个普通敌人的子弹需要一个废金属，它也是）和很多血液（足够击倒两个普通敌人的子弹需要50点，注射器要60）的注射器。此外注射器的主要作用是陷入作战时直接插敌人身上击杀+烧尸，而不是潜行杀敌（虽然可以潜行杀敌），因为注射器在杀死单个敌人这方面，总体的消耗远低于手枪，还没有变异风险。
也就是说注射器实际上承担了小刀+手榴弹的功能
而且因为这个原因，生化危机9的小刀变得毫无意义。因为分解小刀是除了直接捡以外唯一获得废金属的途径。而废金属能合成的东西过于宝贵。比如手枪子弹，比如注射器（比小刀强太多）
更不用说生化9的小刀比生化4重置的小刀更不耐用了。用光耐久正好戳死两个，基本上没啥用，还要占格子，不能堆叠，不能暗杀，不能挣脱
那还不如直接拆了给注射器
在生化危机9里，枪的作用是很明显的，这玩意不是给你战斗用的，而是如果被发现，或者触发必战脚本时用的。比如最开始的时候，安魂只给了一颗子弹，也没法一枪打死精英敌人，只能将其打僵直很久
而小手枪呢？小手枪子弹比安魂多，威力比安魂小了不是一星半点。换句话说，使用小手枪交火时，战斗的时间会被没有必要的拉的很长，还有复活的问题，还有噪音的问题。
那要我说的话那还不如干脆取消小手枪，取消普通敌人，只保留安魂（子弹超级有限）和精英敌人好。
那么现在问题来了
为什么生化危机9缺少一个纸箱

如果格蕾丝可以钻纸箱，当然可能被发现，但是可以允许你呆在对方眼皮子底下。也许也能让变异敌人变得可以被绕过。

实际上我觉得他们还应该加入手电筒眩晕（顺便可以把格雷丝的孱弱体术砍了作为平衡），还有多刷一些空瓶/砖块/空弹匣（生化9的干扰物只在序章的时候出现了两个，之后就没有出现了）

如此一来玩家的策略会大大增加，怪物的行动策略也可以大大丰富。就不会出现上述的那些问题，尤其是大环线地图和潜行之间的冲突",推荐,6.3,2,111,我觉得生化危机9里缺一个东西 纸箱 至于为什么我之后会说 我觉得生化危机9是一个和之前任何一个生化危机都不同的作品 因为在格雷丝篇里 资源一定不足以干掉每一个敌人 实际上你不可以击杀大部分敌人 生化危机9是一个事实上的潜行游戏 恐怖游戏 你不可以去战斗 这是在之前任何一个生化危机中都没有发生的 即便是在老版生化0123 生化78里也没有发生过这种事 即便他们都以生存恐怖出名 但拿光资源用光资源还是可以击杀所有怪物的 生化9是绝对不可能 从这个角度来说 生化9更接近逃生1 毕竟你不能和大部分敌人交火 然而 虽然生化9和逃生一很像 但是生化9的怪物密度与强度远远超出了逃生一 在潜行方面 生化9其实更接近于合金装备 不同的是在生化9中格雷丝不能像snake那样cqc 也没有迷彩服 夜行衣 m16 夜视仪 富尔顿 直升机和火炮支援 只有几个子弹极其有限火力也有限的小枪 生化危机9强调潜行 这很好 这是超级创新 但潜行做的不够深 也没有做在对的地方 特别是既然要做潜行 那就不应该用洋馆布局这种大环线结构 它不适合 这种大环线 多分枝支 我要是走错路呢 初见我怎么可能知道速通路线 这对于玩家意味着什么知道吗 此外敌人会复活并变异的设计加强了这个问题 比如误入后期门前的早期走廊 后期再去的时候 就要面对一对死而复生的变异敌人了 这种事本来是不应该发生的 你不只是不能战斗 你还不能探索 不能走回头路 不能一条路走两遍 更糟的是一定解谜流程之后敌人的巡逻路径会变化 也就是说那里不仅会有变异敌人 还会有新的潜在的变异敌人 另外我有没有说过 你无法潜行通过变异敌人身边 并且枪声有可能吸引新的敌人 好吧 现在我说了 所以每一个变异敌人 无法通过的路障 那这种路障一条环路上只要有两个 玩家就没法玩了 因为大环线上会出现一段被堵死的区域 更不用说每一个区域本身就会有一个绕着环线巡逻的几乎打不死的精英怪 本质也是路障 所以实际上如果大环线上出现了一个变异敌人 那就GG WP了 而大环线上自然满是怪物 毕竟游戏的本质是策略集 格雷丝的策略集是 躲避 潜行 极其有限的战斗 而大环线 死而复生的敌人 精英怪会把这些策略全都拿走 顺带一提 格雷斯的潜行甚至没有暗杀 击晕 排除威胁 选项 因为如果你要暗杀就只能用每用一次需要消耗一个废金属 制作足够击倒两个普通敌人的子弹需要一个废金属 它也是 和很多血液 足够击倒两个普通敌人的子弹需要50点 注射器要60 的注射器 此外注射器的主要作用是陷入作战时直接插敌人身上击杀 烧尸 而不是潜行杀敌 虽然可以潜行杀敌 因为注射器在杀死单个敌人这方面 总体的消耗远低于手枪 还没有变异风险 也就是说注射器实际上承担了小刀 手榴弹的功能 而且因为这个原因 生化危机9的小刀变得毫无意义 因为分解小刀是除了直接捡以外唯一获得废金属的途径 而废金属能合成的东西过于宝贵 比如手枪子弹 比如注射器 比小刀强太多 更不用说生化9的小刀比生化4重置的小刀更不耐用了 用光耐久正好戳死两个 基本上没啥用 还要占格子 不能堆叠 不能暗杀 不能挣脱 那还不如直接拆了给注射器 在生化危机9里 枪的作用是很明显的 这玩意不是给你战斗用的 而是如果被发现 或者触发必战脚本时用的 比如最开始的时候 安魂只给了一颗子弹 也没法一枪打死精英敌人 只能将其打僵直很久 而小手枪呢 小手枪子弹比安魂多 威力比安魂小了不是一星半点 换句话说 使用小手枪交火时 战斗的时间会被没有必要的拉的很长 还有复活的问题 还有噪音的问题 那要我说的话那还不如干脆取消小手枪 取消普通敌人 只保留安魂 子弹超级有限 和精英敌人好 那么现在问题来了 为什么生化危机9缺少一个纸箱 如果格蕾丝可以钻纸箱 当然可能被发现 但是可以允许你呆在对方眼皮子底下 也许也能让变异敌人变得可以被绕过 实际上我觉得他们还应该加入手电筒眩晕 顺便可以把格雷丝的孱弱体术砍了作为平衡 还有多刷一些空瓶 砖块 空弹匣 生化9的干扰物只在序章的时候出现了两个 之后就没有出现了 如此一来玩家的策略会大大增加 怪物的行动策略也可以大大丰富 就不会出现上述的那些问题 尤其是大环线地图和潜行之间的冲突,玩法,正面
2504,2504,2026-02-27,优化很不错，至少我的4070笔记本可以以80帧的原始帧开光线追踪玩，不过很不理解为什么不适配16：10分辨率，胶片颗粒和全屏也没有，明明在游戏文件稍微修改就行,推荐,2.3,43,152,优化很不错 至少我的4070笔记本可以以80帧的原始帧开光线追踪玩 不过很不理解为什么不适配16 10分辨率 胶片颗粒和全屏也没有 明明在游戏文件稍微修改就行,优化,正面
2505,2505,2026-02-27,"性能要求高就忍了，4090开路径追踪在4k下只能60fps左右我也忍了，只能降到2k分辨率欣赏顶级画质和流畅画面我还是忍了。。。
但这特么的卡顿是怎么回事？卡了几下之后报错退出又是怎么回事？？dxgi fatal error又特么的怎么回事？？？
只能差评了，生化是我最爱系列游戏，没有之一，这作期待很高，但这开局表现让我有点怀疑我是否错爱了。
搞不好就不要搞，高大上搞不定就搞个普普通通，最起码还能从从容容，不至于连滚带爬。",不推荐,4.6,3,12,性能要求高就忍了 4090开路径追踪在4k下只能60fps左右我也忍了 只能降到2k分辨率欣赏顶级画质和流畅画面我还是忍了 但这特么的卡顿是怎么回事 卡了几下之后报错退出又是怎么回事 dxgi fatal error又特么的怎么回事 只能差评了 生化是我最爱系列游戏 没有之一 这作期待很高 但这开局表现让我有点怀疑我是否错爱了 搞不好就不要搞 高大上搞不定就搞个普普通通 最起码还能从从容容 不至于连滚带爬,优化,负面
2506,2506,2026-02-27,格子危机9，疗养院的设计真是梦回警察局啊，很快就有家的味道了！,推荐,9.8,24,83,格子危机9 疗养院的设计真是梦回警察局啊 很快就有家的味道了,情怀,正面
2507,2507,2026-02-27,电脑里有一款发售第一天就进不去的游戏,不推荐,1.5,5,14,电脑里有一款发售第一天就进不去的游戏,优化,负面
2508,2508,2026-02-27,口吃女主有点可爱哈哈哈,推荐,6.1,31,90,口吃女主有点可爱哈哈哈,其他,正面
2509,2509,2026-02-27,"我操你妈卡普空你和英伟达一起去死吧
5070ti能崩溃什么显卡才能开你这个破游戏",不推荐,2.1,11,70,我操你妈卡普空你和英伟达一起去死吧 5070ti能崩溃什么显卡才能开你这个破游戏,优化,负面
2510,2510,2026-02-27,神作，休闲难度都玩吓尿了,推荐,5.5,26,185,神作 休闲难度都玩吓尿了,音效,正面
2511,2511,2026-02-27,目前只通关了疗养院，一周目不知道boss共享，用女的把boss全暗杀了，胖子要三罐药才死我读了好几次档做资源管理，谁知道换里昂80发子弹没地方打，只能二周目了：）,推荐,6.0,26,135,目前只通关了疗养院 一周目不知道boss共享 用女的把boss全暗杀了 胖子要三罐药才死我读了好几次档做资源管理 谁知道换里昂80发子弹没地方打 只能二周目了,玩法,正面
2512,2512,2026-02-27,玩了6个小时，从目前的体验来看，生九就是生二+生四的组合体👍格蕾丝部分生二，里昂部分生四。里昂关枪反、弹斧、体术处决应有尽有，仿佛回到了民风淳朴的西班牙小镇🥰疗养院直接梦回生二警察局了，这熟悉的感觉，探索箱庭的爽感，是来自生化危机独一档的体验🔥我都不敢想里昂回到警察局该有多爽😋希望后面能给我带来更大的惊喜,推荐,10.4,4,113,玩了6个小时 从目前的体验来看 生九就是生二 生四的组合体 格蕾丝部分生二 里昂部分生四 里昂关枪反 弹斧 体术处决应有尽有 仿佛回到了民风淳朴的西班牙小镇 疗养院直接梦回生二警察局了 这熟悉的感觉 探索箱庭的爽感 是来自生化危机独一档的体验 我都不敢想里昂回到警察局该有多爽 希望后面能给我带来更大的惊喜,情怀,正面
2513,2513,2026-02-27,侵犯我的肖像权,推荐,7.1,8,17,侵犯我的肖像权,其他,正面
2514,2514,2026-02-27,好玩，这一作解密不算太难，已经出疗养院了！,推荐,10.7,29,138,好玩 这一作解密不算太难 已经出疗养院了,玩法,正面
2515,2515,2026-02-27,"卡 普 空 ，你 🐎死了，正版受害者这一块
",不推荐,0.1,26,35,卡 普 空 你 死了 正版受害者这一块,价格,负面
2516,2516,2026-02-27,好玩爱玩，感谢3DM大善人总监给的CDK。,推荐,1.2,46,155,好玩爱玩 感谢3DM大善人总监给的CDK,价格,正面
2517,2517,2026-02-27,好玩,推荐,7.5,49,208,好玩,玩法,正面
2518,2518,2026-02-27,可以，非常爽的游戏,推荐,6.0,2,161,可以 非常爽的游戏,其他,正面
2519,2519,2026-02-27,"格蕾丝篇整体风格re7，李分头还是那个三光，就是每次还没爽够又回女主格子危机解密了，寸止啊
打完了，想问问kpk的老冯啊，主页标明完美适配ds手柄是啥意思，挂羊头卖狗肉？",推荐,14.4,36,45,格蕾丝篇整体风格re7 李分头还是那个三光 就是每次还没爽够又回女主格子危机解密了 寸止啊 打完了 想问问kpk的老冯啊 主页标明完美适配ds手柄是啥意思 挂羊头卖狗肉,玩法,正面
2520,2520,2026-02-27,贼好玩，如果以敌全灭为目的，玩Grace篇的疗养院，对我个人来说是超好玩的。 推荐这种玩法,推荐,15.8,19,78,贼好玩 如果以敌全灭为目的 玩Grace篇的疗养院 对我个人来说是超好玩的 推荐这种玩法,玩法,正面
2521,2521,2026-02-27,好玩,推荐,2.5,36,95,好玩,玩法,正面
2522,2522,2026-02-27,必须好评，就凭他是生化危机，终于有带里昂的新作了,推荐,6.5,1,60,必须好评 就凭他是生化危机 终于有带里昂的新作了,情怀,正面
2523,2523,2026-02-27,非常好玩的游戏 已经上头了,推荐,9.2,43,52,非常好玩的游戏 已经上头了,玩法,正面
2524,2524,2026-02-27,"不支持ps5手柄你写上干嘛呢，恶心人不是？
更新：
用键鼠玩还没法调灵敏度，精确瞄准的时候慢的出奇，更恶心了。",不推荐,2.8,20,129,不支持ps5手柄你写上干嘛呢 恶心人不是 更新 用键鼠玩还没法调灵敏度 精确瞄准的时候慢的出奇 更恶心了,优化,负面
2525,2525,2026-02-27,好玩！！！！！！一半是恐怖游戏，一般是动作游戏，二周目则是割草游戏,推荐,3.2,7,116,好玩 一半是恐怖游戏 一般是动作游戏 二周目则是割草游戏,玩法,正面
2526,2526,2026-02-27,格蕾丝线的氛围做的确实不错，我个人是比较喜欢re2那样的解密的，分头的蘸豆也确实爽，这一代确实很不错了,推荐,8.9,22,181,格蕾丝线的氛围做的确实不错 我个人是比较喜欢re2那样的解密的 分头的蘸豆也确实爽 这一代确实很不错了,玩法,正面
2527,2527,2026-02-27,"第一次冲首发，很满意
虽然打了快5个小时还没出疗养院，但不得不说里昂篇的动作设计是真的顶。格蕾丝的解密部分也相当好玩，环环相扣。很好的游戏，让我鼠标旋转",推荐,8.2,25,184,第一次冲首发 很满意 虽然打了快5个小时还没出疗养院 但不得不说里昂篇的动作设计是真的顶 格蕾丝的解密部分也相当好玩 环环相扣 很好的游戏 让我鼠标旋转,玩法,正面
2528,2528,2026-02-27,我操死你的妈居然会卡关，下了二楼，那个死胖子就卡在唯一的通道，根本就上不去二楼做任务，我又没有东西弄死这个胖子,不推荐,10.2,12,21,我操死你的妈居然会卡关 下了二楼 那个死胖子就卡在唯一的通道 根本就上不去二楼做任务 我又没有东西弄死这个胖子,玩法,负面
2529,2529,2026-02-27,"我寻思是我ds5坏了呢，原来是根本没给pc做适配啊
《该游戏完全适配您的dualsense控制器》",不推荐,1.9,34,193,我寻思是我ds5坏了呢 原来是根本没给pc做适配啊 该游戏完全适配您的dualsense控制器,优化,负面
2530,2530,2026-02-27,不错,推荐,10.4,33,42,不错,其他,正面
2531,2531,2026-02-27,"优化有问题，我的配置明显高于推荐配置结果剧情的部分片段以及部分场景还是会掉帧到二三十左右
除了前期规划资源很难受以外，其他还可以",推荐,9.1,23,82,优化有问题 我的配置明显高于推荐配置结果剧情的部分片段以及部分场景还是会掉帧到二三十左右 除了前期规划资源很难受以外 其他还可以,优化,正面
2532,2532,2026-02-27,"格蕾丝的性能和资源太过于拉跨，但是玩过生化2，所以我表示理解，资源分配嘛，生化老传统了
但是为什么咱们到了咱们三光哥剧情就只是打了个boss战和一个遭遇战，就又直接跳转回了格蕾丝，根本就还没有爽起来嘛，像是用电动斐济杯导管子，终于要出来了，结果杯子忽然没电了还给你牛牛给夹住了，憋得难受啊
发完牢骚了，优化不错，至少是比卡普空你那个破荒野好，算是预购这么多游戏里最满意的，继续努力，早些把其他几部重置一下",推荐,5.5,49,58,格蕾丝的性能和资源太过于拉跨 但是玩过生化2 所以我表示理解 资源分配嘛 生化老传统了 但是为什么咱们到了咱们三光哥剧情就只是打了个boss战和一个遭遇战 就又直接跳转回了格蕾丝 根本就还没有爽起来嘛 像是用电动斐济杯导管子 终于要出来了 结果杯子忽然没电了还给你牛牛给夹住了 憋得难受啊 发完牢骚了 优化不错 至少是比卡普空你那个破荒野好 算是预购这么多游戏里最满意的 继续努力 早些把其他几部重置一下,剧情,正面
2533,2533,2026-02-27,"好玩
",推荐,6.7,37,196,好玩,玩法,正面
2534,2534,2026-02-27,"这么废物的女主角真是难为我了，看见个光就开始站不住了，非得练个前倒，就那个怪，我无伤溜它，你总害怕你妈了逼呢
我tm都服了，你也知道这孩子是白内障，那你问你妈了比呢？要不让孩子带你这个残疾人跑？你瞅你走两步都没爬的快，人都死你面前了你开始测脉搏了，你胳膊还是咬的轻了，就这说话磕磕巴巴颠三倒四的，肯定是女主他妈被追封烈士了，给她安排了这个个工作。",不推荐,5.5,2,61,这么废物的女主角真是难为我了 看见个光就开始站不住了 非得练个前倒 就那个怪 我无伤溜它 你总害怕你妈了逼呢 我tm都服了 你也知道这孩子是白内障 那你问你妈了比呢 要不让孩子带你这个残疾人跑 你瞅你走两步都没爬的快 人都死你面前了你开始测脉搏了 你胳膊还是咬的轻了 就这说话磕磕巴巴颠三倒四的 肯定是女主他妈被追封烈士了 给她安排了这个个工作,剧情,负面
2535,2535,2026-02-27,买个比游戏进都进不去，一天了也不修,不推荐,2.1,21,30,买个比游戏进都进不去 一天了也不修,优化,负面
2536,2536,2026-02-27,我 就 说 一 句 < 闭 眼 入 >,推荐,4.5,24,133,我 就 说 一 句 闭 眼 入,情怀,正面
2537,2537,2026-02-27,豪玩！集大成之作,推荐,9.9,30,89,豪玩 集大成之作,情怀,正面
2538,2538,2026-02-27,"请删除蜘蛛BOSS，或者增加蜘蛛恐惧症选项！
Remove the spider BOSS, or add a spider phobia option!
スパイダーボスを削除するか、クモ恐怖症オプションを追加する！",不推荐,3.3,36,95,请删除蜘蛛BOSS 或者增加蜘蛛恐惧症选项 Remove the spider BOSS or add a spider phobia option スパイダーボスを削除するか クモ恐怖症オプションを追加する,其他,负面
2539,2539,2026-02-27,中年危机and职场牛马,推荐,10.5,6,15,中年危机and职场牛马,其他,正面
2540,2540,2026-02-27,除开情怀外，也是一款不错的游戏，我打9分，如此强劲，令人惊叹。优化感觉没有RE4好。,推荐,12.7,41,50,除开情怀外 也是一款不错的游戏 我打9分 如此强劲 令人惊叹 优化感觉没有RE4好,情怀,正面
2541,2541,2026-02-27,里昂拿出那把大左轮的时候看着却有一种时间旅者女主的即视感,推荐,2.8,20,179,里昂拿出那把大左轮的时候看着却有一种时间旅者女主的即视感,情怀,正面
2542,2542,2026-02-27,为什么为什么为什么为什么为什么为什么一直卡在着色器界面！！！！卡了三个小时了！！！！！！！！！！！！！！！！！！！！！！！,不推荐,4.7,27,136,为什么为什么为什么为什么为什么为什么一直卡在着色器界面 卡了三个小时了,优化,负面
2543,2543,2026-02-27,卡婊还是卡婊，没活硬整。这RE9就是系列元素大杂烩+素材复用到发指的周年纪念作，看了点直播流程中后期浣熊市关真有些堆怪嫌疑了，种类也少 也就打下情怀牌了，创新和惊艳的地方在本作也只能说微不足道，剧情就算了一贯的套路公式化，还有这逆天定价，有种跟隔壁日厂如龙的相似之处，老角色该退休的年纪硬拉出来救场，新角色也担不住这系列大IP的大旗。之前都是冲首发这次就先放放了吧，什么都想讨好做加法融合的商业理念得来的就是失去创作本身带来的新鲜与特色，就跟生化危机6一样，生化危机7的横空出现才让这系列找回初代的味道，把挖的坑填了 剧情设定上不吃书就算是良心之举了,不推荐,2.0,30,39,卡婊还是卡婊 没活硬整 这RE9就是系列元素大杂烩 素材复用到发指的周年纪念作 看了点直播流程中后期浣熊市关真有些堆怪嫌疑了 种类也少 也就打下情怀牌了 创新和惊艳的地方在本作也只能说微不足道 剧情就算了一贯的套路公式化 还有这逆天定价 有种跟隔壁日厂如龙的相似之处 老角色该退休的年纪硬拉出来救场 新角色也担不住这系列大IP的大旗 之前都是冲首发这次就先放放了吧 什么都想讨好做加法融合的商业理念得来的就是失去创作本身带来的新鲜与特色 就跟生化危机6一样 生化危机7的横空出现才让这系列找回初代的味道 把挖的坑填了 剧情设定上不吃书就算是良心之举了,情怀,负面
2544,2544,2026-02-27,依旧格子危机这一块,推荐,10.7,48,57,依旧格子危机这一块,玩法,正面
2545,2545,2026-02-27,"豪玩喵
",推荐,9.7,42,51,豪玩喵,其他,正面
2546,2546,2026-02-27,3年了，你知道re4发售到现在我怎么过来的吗,推荐,9.2,45,154,3年了 你知道re4发售到现在我怎么过来的吗,情怀,正面
2547,2547,2026-02-27,一款游戏竟然不能让玩家正常进入游戏，要让玩家自己去找  去摸索方法，真的是nmsl（退出steam，去steam文件夹（是steam安装的文件夹，不是游戏的文件夹）找到一个hid.dll文件删除，登录重进可以进游戏）,不推荐,1.9,42,151,一款游戏竟然不能让玩家正常进入游戏 要让玩家自己去找 去摸索方法 真的是nmsl 退出steam 去steam文件夹 是steam安装的文件夹 不是游戏的文件夹 找到一个hid dll文件删除 登录重进可以进游戏,优化,负面
2548,2548,2026-02-27,作为一个生化铁粉 这是玩过最烂的一款生化危机 仅次于浣熊市行动 瞄准的手感好像里昂手上粘了一坨粘痰 瞄不准 打不到 电锯像他妈的祖宗 在地上还能砍我 我抢电锯还抢不过丧尸  生4重置白金的我  被堵在这里进行不下去！游戏的瞄准灵敏度和鼠标灵敏度完全不是一个速度 最搞笑的是还他妈不能设置！！！,不推荐,3.1,36,145,作为一个生化铁粉 这是玩过最烂的一款生化危机 仅次于浣熊市行动 瞄准的手感好像里昂手上粘了一坨粘痰 瞄不准 打不到 电锯像他妈的祖宗 在地上还能砍我 我抢电锯还抢不过丧尸 生4重置白金的我 被堵在这里进行不下去 游戏的瞄准灵敏度和鼠标灵敏度完全不是一个速度 最搞笑的是还他妈不能设置,玩法,负面
2549,2549,2026-02-27,第一人称晃的一批，制作组怎么玩得下去的？,不推荐,1.4,6,65,第一人称晃的一批 制作组怎么玩得下去的,玩法,负面
2550,2550,2026-02-27,还真就是那个厚黑，卡婊懂啊,推荐,13.9,1,10,还真就是那个厚黑 卡婊懂啊,情怀,正面
2551,2551,2026-02-27,hao,推荐,6.3,28,187,hao,其他,正面
2552,2552,2026-02-27,好棒,推荐,1.9,17,176,好棒,其他,正面
2553,2553,2026-02-27,"好玩好玩re2＋re4，氛围做的很好，优化也不错，期待dlc
",推荐,9.4,11,20,好玩好玩re2 re4 氛围做的很好 优化也不错 期待dlc,玩法,正面
2554,2554,2026-02-27,比7吓人比4re爽,推荐,6.2,28,187,比7吓人比4re爽,玩法,正面
2555,2555,2026-02-27,小黑子们，我是来自六年前的win10+1660ti（6G）笔电男大，我原生1080p中画质室内稳60帧你们怎么说,推荐,1.2,1,60,小黑子们 我是来自六年前的win10 1660ti 6G 笔电男大 我原生1080p中画质室内稳60帧你们怎么说,优化,正面
2556,2556,2026-02-27,不错的 又恐怖又刺激，就是任务指引差点意思，任务目标不是很明显 需要花时间探索寻找,推荐,13.2,49,158,不错的 又恐怖又刺激 就是任务指引差点意思 任务目标不是很明显 需要花时间探索寻找,玩法,正面
2557,2557,2026-02-27,高质量的单机游戏，很不错，可惜不能互联网,推荐,5.5,31,90,高质量的单机游戏 很不错 可惜不能互联网,其他,正面
2558,2558,2026-02-27,要风铃,推荐,1.2,36,145,要风铃,其他,正面
2559,2559,2026-02-27,有李昂就是有满满的安全感，爽的一,推荐,11.0,19,178,有李昂就是有满满的安全感 爽的一,情怀,正面
2560,2560,2026-02-27,非常不错的双线体验，4060ti2K中光追也能流畅高于60帧，格蕾丝线受的委屈和吓出的尿都将化为里昂射出的子弹，蘸豆爽！,推荐,11.1,6,15,非常不错的双线体验 4060ti2K中光追也能流畅高于60帧 格蕾丝线受的委屈和吓出的尿都将化为里昂射出的子弹 蘸豆爽,玩法,正面
2561,2561,2026-02-27,好玩就是了,推荐,5.0,41,150,好玩就是了,玩法,正面
2562,2562,2026-02-27,非常精美的大场面 给个好评,推荐,5.4,24,33,非常精美的大场面 给个好评,画面,正面
2563,2563,2026-02-27,绝对值得一玩的作品，李三光太帅了,推荐,6.4,42,101,绝对值得一玩的作品 李三光太帅了,情怀,正面
2564,2564,2026-02-27,优化还这么差 和荒野有的一拼 149加5090D 虽说不算顶级全高仅2K在无DLSS下开启路劲追踪为何只有七八十帧数？一个FPS射击游戏没有540帧数我怎么玩？,推荐,13.2,28,187,优化还这么差 和荒野有的一拼 149加5090D 虽说不算顶级全高仅2K在无DLSS下开启路劲追踪为何只有七八十帧数 一个FPS射击游戏没有540帧数我怎么玩,优化,正面
2565,2565,2026-02-27,"感觉生化危机就像007系列，铁打的男主，流水的年轻漂亮女主
Grace结巴起来好可爱！
Wwwwwwwwwhaaaaaaaaaaat the hell mooooom ~

Grace线直接吓尿了！！
牢里线安全感满满！！",推荐,1.8,23,182,感觉生化危机就像007系列 铁打的男主 流水的年轻漂亮女主 Grace结巴起来好可爱 Wwwwwwwwwhaaaaaaaaaaat the hell mooooom Grace线直接吓尿了 牢里线安全感满满,剧情,正面
2566,2566,2026-02-27,优化也好，画面也棒，好玩！爱玩！！,推荐,10.6,36,95,优化也好 画面也棒 好玩 爱玩,画面,正面
2567,2567,2026-02-27,格蕾丝篇紧张刺激，里昂依然战斗爽，十分推荐入手，此作品融合了7，8的恐怖元素，战斗系统与4是一样的，非常有诚意的一部作品。,推荐,6.5,38,147,格蕾丝篇紧张刺激 里昂依然战斗爽 十分推荐入手 此作品融合了7 8的恐怖元素 战斗系统与4是一样的 非常有诚意的一部作品,玩法,正面
2568,2568,2026-02-27,个人感觉最好玩的一部,推荐,11.6,33,142,个人感觉最好玩的一部,玩法,正面
2569,2569,2026-02-27,"除了给PC添加了DLSS以外毫无亮点的一个游戏

处处可以看到一个不出名制作人的割裂

开场竟然建议我女主选第一视角  男主选第三人称视角

从这一点就可以看出制作人对自己毫无信心

既想讨好恐怖游戏群体   又想讨好喜欢生化4那样战斗风的群体

主打的就是一个既要有要

而且你既然这么玩，你就应该开场让玩家决定我是选女主还是男主

喜欢恐怖氛围的就选女主   喜欢李三光的就先玩李三光

这样两种群体都可以拥有自己喜欢风格的初体验

而不是像现在这样逼着我上来躲丧尸 玩什么贴脸杀

我没说脏字是怕某些见不到差评的版主把我给封禁了

不代表我就认可了你这一代的NT制作人

懂？",不推荐,7.0,40,49,除了给PC添加了DLSS以外毫无亮点的一个游戏 处处可以看到一个不出名制作人的割裂 开场竟然建议我女主选第一视角 男主选第三人称视角 从这一点就可以看出制作人对自己毫无信心 既想讨好恐怖游戏群体 又想讨好喜欢生化4那样战斗风的群体 主打的就是一个既要有要 而且你既然这么玩 你就应该开场让玩家决定我是选女主还是男主 喜欢恐怖氛围的就选女主 喜欢李三光的就先玩李三光 这样两种群体都可以拥有自己喜欢风格的初体验 而不是像现在这样逼着我上来躲丧尸 玩什么贴脸杀 我没说脏字是怕某些见不到差评的版主把我给封禁了 不代表我就认可了你这一代的NT制作人 懂,玩法,负面
2570,2570,2026-02-27,致敬在整个生化危机分量十足的存在——绿色草药,推荐,3.4,9,68,致敬在整个生化危机分量十足的存在 绿色草药,情怀,正面
2571,2571,2026-02-27,nb666,推荐,10.6,5,64,nb666,其他,正面
2572,2572,2026-02-27,质量意料之中，喜欢生化这套玩法的好这口的基本无脑入，本以为很多人喜欢的是生化结果发现其实是很多人喜欢的是生4,推荐,5.9,32,91,质量意料之中 喜欢生化这套玩法的好这口的基本无脑入 本以为很多人喜欢的是生化结果发现其实是很多人喜欢的是生4,玩法,正面
2573,2573,2026-02-27,区别对待pc端和ps端dualsense输入要不就明明白白标出来要不老老实实做适配，别商店界面写原生适配dualsense进游戏之后关掉steam输入游戏压根不识别dualsense，更何况我在使用steam输入进行dualsense的按键映射后还有问题，虚假宣传👎👎👎👎👎,不推荐,12.2,22,181,区别对待pc端和ps端dualsense输入要不就明明白白标出来要不老老实实做适配 别商店界面写原生适配dualsense进游戏之后关掉steam输入游戏压根不识别dualsense 更何况我在使用steam输入进行dualsense的按键映射后还有问题 虚假宣传,优化,负面
2574,2574,2026-02-27,"进疗养院了，设计得很不错，看得出来卡表在丧尸上设计花了不小功夫，每个丧尸都有自己的习性，前面过厨房和卫生间躲厨子和清洁工的巡逻路线，开关引诱关灯丧尸，绕丧尸跟解谜一样

就是丧尸有点忒多了，包太小子弹又舍不得用，纯背包危机",推荐,6.3,27,136,进疗养院了 设计得很不错 看得出来卡表在丧尸上设计花了不小功夫 每个丧尸都有自己的习性 前面过厨房和卫生间躲厨子和清洁工的巡逻路线 开关引诱关灯丧尸 绕丧尸跟解谜一样 就是丧尸有点忒多了 包太小子弹又舍不得用 纯背包危机,玩法,正面
2575,2575,2026-02-27,"疗养院的地图设计还是可以的，目前打完了疗养院歇一会
可能我这4060比较一般吧6个小时啥毛病都没有，就是掩护grace那段有一点帧数波动，总体很稳
如果你玩过re2，re3，有一些资源管理能力那grace章节就很舒适，因为补给是溢出的，完全不用担心资源不够，另外这代断肢效果有但我就用里昂打出来过，所以grace就老老实实打腿硬直推倒吧",推荐,7.8,33,42,疗养院的地图设计还是可以的 目前打完了疗养院歇一会 可能我这4060比较一般吧6个小时啥毛病都没有 就是掩护grace那段有一点帧数波动 总体很稳 如果你玩过re2 re3 有一些资源管理能力那grace章节就很舒适 因为补给是溢出的 完全不用担心资源不够 另外这代断肢效果有但我就用里昂打出来过 所以grace就老老实实打腿硬直推倒吧,玩法,正面
2576,2576,2026-02-27,孩子们，安魂真能安魂啊，太美丽了这个伤害,推荐,4.6,30,189,孩子们 安魂真能安魂啊 太美丽了这个伤害,玩法,正面
2577,2577,2026-02-27,good game,推荐,11.2,30,39,good game,其他,正面
2578,2578,2026-02-27,好玩,推荐,9.3,11,20,好玩,玩法,正面
2579,2579,2026-02-27,吓哭了 TwT,推荐,5.7,24,183,吓哭了 TwT,剧情,正面
2580,2580,2026-02-27,好玩爱玩,推荐,8.2,46,205,好玩爱玩,玩法,正面
2581,2581,2026-02-27,好玩爱玩继续玩,推荐,11.1,42,101,好玩爱玩继续玩,玩法,正面
2582,2582,2026-02-27,疗养院氛围真不错，恐怖感还是很到位的，之后的部分还没玩到,推荐,12.2,29,138,疗养院氛围真不错 恐怖感还是很到位的 之后的部分还没玩到,画面,正面
2583,2583,2026-02-27,先给好评后玩。,推荐,5.1,21,30,先给好评后玩,其他,正面
2584,2584,2026-02-27,画质拉满，RE 引擎进化到新高度，光追与全局光照真实细腻，场景细节、人物皮肤与发丝质感拉满，恐怖氛围沉浸感十足。女主格蕾丝又软又可爱，胆小又坚韧，表情生动、神态灵动，害怕时的小反应超戳人，脆弱感与反差萌拉满。流程紧张刺激，画面与角色双绝，生存恐怖味纯正，生化粉必玩！,推荐,9.0,6,15,画质拉满 RE 引擎进化到新高度 光追与全局光照真实细腻 场景细节 人物皮肤与发丝质感拉满 恐怖氛围沉浸感十足 女主格蕾丝又软又可爱 胆小又坚韧 表情生动 神态灵动 害怕时的小反应超戳人 脆弱感与反差萌拉满 流程紧张刺激 画面与角色双绝 生存恐怖味纯正 生化粉必玩,画面,正面
2585,2585,2026-02-27,"已退款。简单说一下遇到的问题：不支持DS5手柄；不能调整灵敏度（设置里的死区和灵敏度曲线已经调节过，依然航母掉头）；为了清晰度开启路径追踪后游戏强制打开光线重构会导致帧数暴降（光线重构还停留在老版本，意味着不能切换M或L模型）。关闭路径追踪则画面模糊，开头大道地上的雨水涟漪都是锯齿（以上均为DLSS平衡档，个人观感）；画面效果一般，存在一些拖影、伪影现象；建模精度很低，察看物品栏手枪全是锯齿像玩具枪。

极其有限的时间里，音效似乎不错，其他优点没有了。",不推荐,0.8,42,151,已退款 简单说一下遇到的问题 不支持DS5手柄 不能调整灵敏度 设置里的死区和灵敏度曲线已经调节过 依然航母掉头 为了清晰度开启路径追踪后游戏强制打开光线重构会导致帧数暴降 光线重构还停留在老版本 意味着不能切换M或L模型 关闭路径追踪则画面模糊 开头大道地上的雨水涟漪都是锯齿 以上均为DLSS平衡档 个人观感 画面效果一般 存在一些拖影 伪影现象 建模精度很低 察看物品栏手枪全是锯齿像玩具枪 极其有限的时间里 音效似乎不错 其他优点没有了,画面,负面
2586,2586,2026-02-27,太吓人了,推荐,5.8,42,51,太吓人了,其他,正面
2587,2587,2026-02-27,DS手柄不能用，4080开1080P全最高光追DLSS质量不开帧生成，开场室外连60帧都稳不住，室内也不停的掉帧。完全没做优化。,不推荐,7.2,37,196,DS手柄不能用 4080开1080P全最高光追DLSS质量不开帧生成 开场室外连60帧都稳不住 室内也不停的掉帧 完全没做优化,优化,负面
2588,2588,2026-02-27,好玩，既有生化7和重制版生化2的恐怖感，又有重置生化4的爽感。,推荐,9.5,4,13,好玩 既有生化7和重制版生化2的恐怖感 又有重置生化4的爽感,玩法,正面
2589,2589,2026-02-27,玩了一会就忍不住来评测了，格蕾丝的视角简直恐怖氛围拉满，里昂的视角就安全感拉满（我特么直接无双），期待了这么久没有失望，太棒的作品了，我永远喜欢生化危机！,推荐,3.4,26,185,玩了一会就忍不住来评测了 格蕾丝的视角简直恐怖氛围拉满 里昂的视角就安全感拉满 我特么直接无双 期待了这么久没有失望 太棒的作品了 我永远喜欢生化危机,情怀,正面
2590,2590,2026-02-27,一个字：爽！,推荐,10.9,27,36,一个字 爽,玩法,正面
2591,2591,2026-02-27,我的DS5手柄适配呢，折腾一下午，我还以为硬件问题呢,不推荐,5.2,14,173,我的DS5手柄适配呢 折腾一下午 我还以为硬件问题呢,优化,负面
2592,2592,2026-02-27,很爽,推荐,8.8,8,117,很爽,其他,正面
2593,2593,2026-02-27,只要是生化 不管做成啥样我都喜欢！！！,推荐,3.1,23,182,只要是生化 不管做成啥样我都喜欢,情怀,正面
2594,2594,2026-02-27,里昂最帅的一集🤩,推荐,6.4,46,155,里昂最帅的一集,情怀,正面
2595,2595,2026-02-27,好玩,推荐,6.2,40,149,好玩,玩法,正面
2596,2596,2026-02-27,比以往任何一个系列都恐怖氛围感拉满喜欢玩恐游的推荐入,推荐,14.6,15,24,比以往任何一个系列都恐怖氛围感拉满喜欢玩恐游的推荐入,剧情,正面
2597,2597,2026-02-27,哪里完全支持Playstation控制器了？,不推荐,5.6,20,79,哪里完全支持Playstation控制器了,其他,负面
2598,2598,2026-02-27,我的笔记本电脑的分辨率是3840*2400，但这个游戏没有这个选项，我最高只能开2560*1440。第一次遇到这种情况，都不做16：10的适配，这他妈什么傻逼操作。,不推荐,2.2,50,109,我的笔记本电脑的分辨率是3840 2400 但这个游戏没有这个选项 我最高只能开2560 1440 第一次遇到这种情况 都不做16 10的适配 这他妈什么傻逼操作,画面,负面
2599,2599,2026-02-27,"刚来疗养院，一群热情好客的护士和病人们就围了上来，刚来没多久就和疗养院的人打成一片，护士长也挺活泼的，还有那个推荐我来的警察也很有才艺，上来就给我来了一段街舞和B-box，疗养院挺不错的，只不过送我离开的机长挺没心没肺的，飞机刚开没多远，就赶我下飞机了。
进了市区，有一只蜘蛛娘和她的蜘蛛宝宝硬要带我看看她家，还有一位大力士，说什么也要让我看看他过年刚买的摔炮，说实话这地方的市中心虽然破了点，但民风淳朴，在这里定居或旅游都是不错的选择",推荐,9.6,9,68,刚来疗养院 一群热情好客的护士和病人们就围了上来 刚来没多久就和疗养院的人打成一片 护士长也挺活泼的 还有那个推荐我来的警察也很有才艺 上来就给我来了一段街舞和B box 疗养院挺不错的 只不过送我离开的机长挺没心没肺的 飞机刚开没多远 就赶我下飞机了 进了市区 有一只蜘蛛娘和她的蜘蛛宝宝硬要带我看看她家 还有一位大力士 说什么也要让我看看他过年刚买的摔炮 说实话这地方的市中心虽然破了点 但民风淳朴 在这里定居或旅游都是不错的选择,剧情,正面
2600,2600,2026-02-27,还是老师傅的手艺，以及用了十来年不变的食材。不过这次加了点新的调料和菜式，让这锅粥吃起来别有一番新鲜的体验，不过主菜还是不变的,推荐,5.2,1,110,还是老师傅的手艺 以及用了十来年不变的食材 不过这次加了点新的调料和菜式 让这锅粥吃起来别有一番新鲜的体验 不过主菜还是不变的,情怀,正面
2601,2601,2026-02-27,生化危机的集大成之作，新老玩法的结合，双主角格蕾丝能体验7的压迫感，里昂能体验6的砍瓜切菜，次世代画面不开PT的情况下本身的光栅预烘焙也是顶级水准，配音也很优秀，2026年度竞品。,推荐,17.2,40,149,生化危机的集大成之作 新老玩法的结合 双主角格蕾丝能体验7的压迫感 里昂能体验6的砍瓜切菜 次世代画面不开PT的情况下本身的光栅预烘焙也是顶级水准 配音也很优秀 2026年度竞品,玩法,正面
2602,2602,2026-02-27,游戏很好玩的同时优化也很好 解密也不困难同时李昂战斗部分很爽 要比生4都要爽 女主的演出加上英配简直绝了推荐推荐,推荐,6.4,26,135,游戏很好玩的同时优化也很好 解密也不困难同时李昂战斗部分很爽 要比生4都要爽 女主的演出加上英配简直绝了推荐推荐,玩法,正面
2603,2603,2026-02-27,画质真的牛逼，胆子也是真的小，玩了4小时连旅馆都没出去。。。,推荐,4.4,24,83,画质真的牛逼 胆子也是真的小 玩了4小时连旅馆都没出去,画面,正面
2604,2604,2026-02-27,不错,推荐,5.1,39,48,不错,其他,正面
2605,2605,2026-02-27,比二代的地图设计，比四代好得动作系统,推荐,15.8,37,196,比二代的地图设计 比四代好得动作系统,玩法,正面
2606,2606,2026-02-27,牛,推荐,7.0,8,67,牛,其他,正面
2607,2607,2026-02-27,嘿嘿好玩爱玩,推荐,6.1,15,24,嘿嘿好玩爱玩,玩法,正面
2608,2608,2026-02-27,资源比7还不足吓死个人,推荐,5.3,45,104,资源比7还不足吓死个人,优化,正面
2609,2609,2026-02-27,非常棒的体验，里昂哥太帅，战斗很爽，优化非常棒！,推荐,11.5,10,169,非常棒的体验 里昂哥太帅 战斗很爽 优化非常棒,情怀,正面
2610,2610,2026-02-27,优化不错，3070玩起来也很顺畅。战斗系统也强化了，里昂加入了斧头帮？,推荐,16.1,36,145,优化不错 3070玩起来也很顺畅 战斗系统也强化了 里昂加入了斧头帮,玩法,正面
2611,2611,2026-02-27,sb游戏，SDO一直闪退，优化什么破玩意，1个小时就没进去游戏。快点优化。,不推荐,1.3,24,33,sb游戏 SDO一直闪退 优化什么破玩意 1个小时就没进去游戏 快点优化,优化,负面
2612,2612,2026-02-27,总而言之就是还不错，但你要问我开不开二周目，那我是绝对不会开的,推荐,13.9,6,165,总而言之就是还不错 但你要问我开不开二周目 那我是绝对不会开的,玩法,正面
2613,2613,2026-02-27,"An unhandled exception occurred.
re9.exe!0x140000000 + Ox9e7eabere9.exe!0x140000000 + 0x9e7e2fdKERNELBASE.dIl!Ox7ffb61520000 + 0x115763ntdll.dll!0x7ffb63b80000 + 0x16a4a3ntdIl.dll!0x7ffb63b80000 + 0x121853
ntdIl.dll!0x7ffb63b80000 + 0x16618fntdIll.dll!0x7ffb63b80000 + 0x12327ntdll.dll!0x7ffb63b80000 + Ox165acesl.common.dll!0x7ffb0b270000 + Ox60edasl.dlss_g.dlllOx7ffb0cff0000 + Ox2cdc4sl.dlss_g.dll!0x7ffb0cff0000 + Ox2d6b3
sl.dlss_g.dll!0x7ffb0cff0000 + Ox32f84
sl.interposer.dlll0x7ffb138d0000 + Ox279a8
re9.exe!0x140000000 + 0x27da0e
re9.exe!0x140000000 + 0x55f04ae
re9.exe!0x140000000 + 0x11bd9cbb
re9.exe!0x140000000 + 0x5cb84a
re9.exe!0x140000000 + 0xb89378
KERNEL32.DLL!0x7ffb62790000 + 0x2e8d7ntdIl.dll!0x7ffb63b80000 + Ox8c40c",不推荐,1.2,26,85,An unhandled exception occurred re9 exe 0x140000000 Ox9e7eabere9 exe 0x140000000 0x9e7e2fdKERNELBASE dIl Ox7ffb61520000 0x115763ntdll dll 0x7ffb63b80000 0x16a4a3ntdIl dll 0x7ffb63b80000 0x121853 ntdIl dll 0x7ffb63b80000 0x16618fntdIll dll 0x7ffb63b80000 0x12327ntdll dll 0x7ffb63b80000 Ox165acesl common dll 0x7ffb0b270000 Ox60edasl dlss g dlllOx7ffb0cff0000 Ox2cdc4sl dlss g dll 0x7ffb0cff0000 Ox2d6b3 sl dlss g dll 0x7ffb0cff0000 Ox32f84 sl interposer dlll0x7ffb138d0000 Ox279a8 re9 exe 0x140000000 0x27da0e re9 exe 0x140000000 0x55f04ae re9 exe 0x140000000 0x11bd9cbb re9 exe 0x140000000 0x5cb84a re9 exe 0x140000000 0xb89378 KERNEL32 DLL 0x7ffb62790000 0x2e8d7ntdIl dll 0x7ffb63b80000 Ox8c40c,优化,负面
2614,2614,2026-02-27,游戏好是好但是ds手柄的适配呢?卡婊,推荐,5.2,5,114,游戏好是好但是ds手柄的适配呢 卡婊,其他,正面
2615,2615,2026-02-27,虽然门不能从这边打开。门从另一侧锁住了。没有足够的电力。需要继电器。看样子需要个保险丝。很容易就能撬开的锁。需要保险箱密码。需要从上面放下梯子。缺少一个齿轮。缺少操作杆应该就在附近。需要雕像。门上有一个宝石孔。门被铁链锁住了。有个千斤顶但没有杠杆但是里昂是真的帅！,推荐,10.9,38,47,虽然门不能从这边打开 门从另一侧锁住了 没有足够的电力 需要继电器 看样子需要个保险丝 很容易就能撬开的锁 需要保险箱密码 需要从上面放下梯子 缺少一个齿轮 缺少操作杆应该就在附近 需要雕像 门上有一个宝石孔 门被铁链锁住了 有个千斤顶但没有杠杆但是里昂是真的帅,情怀,正面
2616,2616,2026-02-27,很糟糕，真的很糟糕，一直报错 一直报错 没有办法玩 总共报错了12次 一下午连疗养院都没出去 算了吧 心累,不推荐,16.1,36,195,很糟糕 真的很糟糕 一直报错 一直报错 没有办法玩 总共报错了12次 一下午连疗养院都没出去 算了吧 心累,优化,负面
2617,2617,2026-02-27,刚玩到女主追小孩，感觉这代的恐怖程度挺高的，而且玩法也拓展了一些，里昂线是re4的味道。,推荐,7.5,32,141,刚玩到女主追小孩 感觉这代的恐怖程度挺高的 而且玩法也拓展了一些 里昂线是re4的味道,玩法,正面
2618,2618,2026-02-27,小日本儿！我操你姥姥！,不推荐,15.2,12,21,小日本儿 我操你姥姥,其他,负面
2619,2619,2026-02-27,"哪怕有偷跑,哪怕连带给4整拉了,但是,这绝对是新时代生化危机里面把生存恐怖用的最好的,结合了很多历代作品却依然走出了自己的风格,而且时隔好几年又出现了多结局的生化危机,里面剧情也要爆点要爆点要燃点有燃点,里昂跟格蕾丝真的能看出来里昂的老练,总是能在关键时刻起到作用,也一直贯穿着那份信条,对于格蕾丝我只能说他跟伊森一样,都是普通人,被亲人给牵连进来的,但是区别剧情就在伊森还有人可救,格蕾丝没有,所以这里的自暴自弃我觉得挺合理的
但是缺点就是反派跟吃设定了,boss站很少,还都是里昂打的,里昂还不能出场过多,导致经常进boss战了还以为没有进,反派也是一点逼格都没有全都是用完就丢
吃设定这种你要是重置是重置,原版是原版那我也不说什么,做到逻辑自洽就可以,但是你选择接轨重置可真就无限吃书了,甚至把斯宾塞都给洗白了这种我真的不喜欢
综合评价,哪怕可玩性没有4重置高,boss战没体验,大boss没压迫跟逆天设定,但是其他方面依然是一座生化危机的新里程碑,瑕不掩瑜,我真的很喜欢,没有辜负我的期望",推荐,12.6,50,109,哪怕有偷跑 哪怕连带给4整拉了 但是 这绝对是新时代生化危机里面把生存恐怖用的最好的 结合了很多历代作品却依然走出了自己的风格 而且时隔好几年又出现了多结局的生化危机 里面剧情也要爆点要爆点要燃点有燃点 里昂跟格蕾丝真的能看出来里昂的老练 总是能在关键时刻起到作用 也一直贯穿着那份信条 对于格蕾丝我只能说他跟伊森一样 都是普通人 被亲人给牵连进来的 但是区别剧情就在伊森还有人可救 格蕾丝没有 所以这里的自暴自弃我觉得挺合理的 但是缺点就是反派跟吃设定了 boss站很少 还都是里昂打的 里昂还不能出场过多 导致经常进boss战了还以为没有进 反派也是一点逼格都没有全都是用完就丢 吃设定这种你要是重置是重置 原版是原版那我也不说什么 做到逻辑自洽就可以 但是你选择接轨重置可真就无限吃书了 甚至把斯宾塞都给洗白了这种我真的不喜欢 综合评价 哪怕可玩性没有4重置高 boss战没体验 大boss没压迫跟逆天设定 但是其他方面依然是一座生化危机的新里程碑 瑕不掩瑜 我真的很喜欢 没有辜负我的期望,剧情,正面
2620,2620,2026-02-27,一下就报错,不推荐,11.9,6,165,一下就报错,优化,负面
2621,2621,2026-02-27,"虽然不如4re但还是很满意的，前期节奏很舒服，不懂简中区为啥这么多傻狗给差评，同样的理由当初咋不给黑猴差评？真没脑子，纯把评论区当情绪宣泄地
",推荐,6.2,17,176,虽然不如4re但还是很满意的 前期节奏很舒服 不懂简中区为啥这么多傻狗给差评 同样的理由当初咋不给黑猴差评 真没脑子 纯把评论区当情绪宣泄地,情怀,正面
2622,2622,2026-02-27,继生化危机4重制版之后普最喜欢的一代了，真的真的很好玩,推荐,11.2,39,98,继生化危机4重制版之后普最喜欢的一代了 真的真的很好玩,玩法,正面
2623,2623,2026-02-27,开头咋有股弱智恐怖电影的味道，不对劲，再看看。,推荐,1.6,38,147,开头咋有股弱智恐怖电影的味道 不对劲 再看看,剧情,正面
2624,2624,2026-02-27,神作，首发体验超级棒,推荐,7.3,26,35,神作 首发体验超级棒,情怀,正面
2625,2625,2026-02-27,good,推荐,7.2,33,92,good,其他,正面
2626,2626,2026-02-27,游戏依旧好玩，但没啥新意。进疗养院后梦回生二警察局，都是左边一堆房间，右边一堆房间，中间一个大厅，甚至也有上下层，解密也是左边拿一个东西，再跑到右边。不过质量依旧过硬,推荐,6.8,14,23,游戏依旧好玩 但没啥新意 进疗养院后梦回生二警察局 都是左边一堆房间 右边一堆房间 中间一个大厅 甚至也有上下层 解密也是左边拿一个东西 再跑到右边 不过质量依旧过硬,玩法,正面
2627,2627,2026-02-27,挺吓人的,推荐,8.6,23,182,挺吓人的,其他,正面
2628,2628,2026-02-27,有里昂值得好评,推荐,7.5,22,81,有里昂值得好评,情怀,正面
2629,2629,2026-02-27,好玩爱玩，依旧经典,推荐,13.7,24,183,好玩爱玩 依旧经典,情怀,正面
2630,2630,2026-02-27,卡普空你们从龙之信条2中没吸取教训吗，5090加285hx还不能带起来你要干啥啊，操,不推荐,4.0,16,125,卡普空你们从龙之信条2中没吸取教训吗 5090加285hx还不能带起来你要干啥啊 操,优化,负面
2631,2631,2026-02-27,perfect,推荐,14.9,15,24,perfect,其他,正面
2632,2632,2026-02-27,卡普空真畜生啊，别人蓝牙都完美适配ps5手柄了，你有线都给阉割了。,不推荐,3.3,21,30,卡普空真畜生啊 别人蓝牙都完美适配ps5手柄了 你有线都给阉割了,优化,负面
2633,2633,2026-02-27,错过了生7和生8的首发，老李头的谢幕之作怎么也不能错过了！这个陪伴了玩家驰骋疆场快三十年的角色，真的··我爱死他了！！新人格蕾丝塑造得也不错，希望将来的续作里也能扛起大旗！是时候将接力棒交给下一辈的人了！另外卡表，鬼泣6是不是也该安排一下了？,推荐,11.8,39,198,错过了生7和生8的首发 老李头的谢幕之作怎么也不能错过了 这个陪伴了玩家驰骋疆场快三十年的角色 真的 我爱死他了 新人格蕾丝塑造得也不错 希望将来的续作里也能扛起大旗 是时候将接力棒交给下一辈的人了 另外卡表 鬼泣6是不是也该安排一下了,情怀,正面
2634,2634,2026-02-27,画质有很大提升，经典元素也都还在，诚意满满，特别好评！,推荐,8.3,39,98,画质有很大提升 经典元素也都还在 诚意满满 特别好评,画面,正面
2635,2635,2026-02-27,毫无乐趣,不推荐,14.5,26,35,毫无乐趣,玩法,负面
2636,2636,2026-02-27,初见花了10h通关，优化不错，我的小破显卡4050都可以流畅游玩，值得一提的是恐怖氛围很好，有7代的味道，让我好似回到了初三的夏天，我买了一台xbox并游玩了我的第一部生化危机，也就是7代，在那之前没有玩过什么游戏的我玩的津津有味，现在我又找回了当初的感觉，真好😋，战斗部分也没落下，打一下再给糖吃有效的释放了压抑的心情，除了老传统格子危机以外都挺好[spoiler] 有一好一坏结局，好结局最后里昂得到了救治，艾米莉也没有死并且治好了白内障与格蕾丝生活在了一起，大团圆结局真好：），坏结局就不打了，我玻璃心看不得，回到浣熊市情怀拉满了，看到马文和同事们的欢迎仪式还是泪目了，“伯拉纳警长，警员肯尼迪向您报到”[/spoiler],推荐,10.4,42,151,初见花了10h通关 优化不错 我的小破显卡4050都可以流畅游玩 值得一提的是恐怖氛围很好 有7代的味道 让我好似回到了初三的夏天 我买了一台xbox并游玩了我的第一部生化危机 也就是7代 在那之前没有玩过什么游戏的我玩的津津有味 现在我又找回了当初的感觉 真好 战斗部分也没落下 打一下再给糖吃有效的释放了压抑的心情 除了老传统格子危机以外都挺好 spoiler 有一好一坏结局 好结局最后里昂得到了救治 艾米莉也没有死并且治好了白内障与格蕾丝生活在了一起 大团圆结局真好 坏结局就不打了 我玻璃心看不得 回到浣熊市情怀拉满了 看到马文和同事们的欢迎仪式还是泪目了 伯拉纳警长 警员肯尼迪向您报到 spoiler,情怀,正面
2637,2637,2026-02-27,进游戏就报错，根本玩不了,不推荐,2.8,50,209,进游戏就报错 根本玩不了,优化,负面
2638,2638,2026-02-27,4060 12400f 加上大力水手最高有120~140帧 高画质感觉还行，感觉动作没生4重置好,推荐,10.4,41,50,4060 12400f 加上大力水手最高有120 140帧 高画质感觉还行 感觉动作没生4重置好,画面,正面
2639,2639,2026-02-27,好玩，优化不错，全最高光追135帧 4090,推荐,11.0,3,112,好玩 优化不错 全最高光追135帧 4090,优化,正面
2640,2640,2026-02-27,Devil Leon Cry 9,推荐,7.3,28,187,Devil Leon Cry 9,情怀,正面
2641,2641,2026-02-27,6,推荐,9.6,40,199,6,其他,正面
2642,2642,2026-02-27,画面无敌，优化牛逼，强烈推荐!,推荐,0.6,13,72,画面无敌 优化牛逼 强烈推荐,画面,正面
2643,2643,2026-02-27,依旧这个味，夯爆了,推荐,4.2,34,93,依旧这个味 夯爆了,情怀,正面
2644,2644,2026-02-27,同质化很严重，找钥匙，找保险丝，找电梯，找电池。。。。进了医院的那一刻，我甚至梦回RE2的警察局。女主手感非常差，。转向灵活度很低，黏滞感非常强烈。里昂玩了5分钟又切到女主了。总之不推荐首发入。,不推荐,8.8,13,72,同质化很严重 找钥匙 找保险丝 找电梯 找电池 进了医院的那一刻 我甚至梦回RE2的警察局 女主手感非常差 转向灵活度很低 黏滞感非常强烈 里昂玩了5分钟又切到女主了 总之不推荐首发入,玩法,负面
2645,2645,2026-02-27,在玩格蕾丝的第一视角情况下由于其他fps玩多了下意识育苗，我没救了,推荐,5.2,12,121,在玩格蕾丝的第一视角情况下由于其他fps玩多了下意识育苗 我没救了,玩法,正面
2646,2646,2026-02-27,好好好好好好玩期待很久了激动激动对生化粉丝最好的回馈,推荐,5.3,17,26,好好好好好好玩期待很久了激动激动对生化粉丝最好的回馈,情怀,正面
2647,2647,2026-02-27,打个差评先，司马卡普空界面写着支持DS5进游戏识别不到，还有能不能把你那傻逼胶片颗粒给劳资关了啊。不是所有人都喜欢，画面看得我是真的难受,不推荐,8.9,40,199,打个差评先 司马卡普空界面写着支持DS5进游戏识别不到 还有能不能把你那傻逼胶片颗粒给劳资关了啊 不是所有人都喜欢 画面看得我是真的难受,画面,负面
2648,2648,2026-02-27,"挺好玩的，里昂线的打击感和动作比生4重置版还要好，已经美美高潮
格蕾丝线的恐怖氛围做得不错（第一人称视角下真的挺吓人的）。建议格蕾丝线以避怪为主，尽量少打怪，没有合理资源安排的话子弹可能会有点缺

由于没有打完，剧情方面暂且保留意见",推荐,5.5,30,139,挺好玩的 里昂线的打击感和动作比生4重置版还要好 已经美美高潮 格蕾丝线的恐怖氛围做得不错 第一人称视角下真的挺吓人的 建议格蕾丝线以避怪为主 尽量少打怪 没有合理资源安排的话子弹可能会有点缺 由于没有打完 剧情方面暂且保留意见,玩法,正面
2649,2649,2026-02-27,游戏挺不错的  最起码让我觉得预购挺直的 但是为什么感觉里昂的内容有点少呢 是我还没玩到后面吗,推荐,9.3,5,114,游戏挺不错的 最起码让我觉得预购挺直的 但是为什么感觉里昂的内容有点少呢 是我还没玩到后面吗,剧情,正面
2650,2650,2026-02-27,"谁他妈的在现在这个时代。玩生化危机是为了恐怖解密的？并且还是那老几样解密。

为什么要一直操作格蕾丝在类似生1的那种古堡布局里一直解密？这么多年你们做的还不烦吗？我自己都玩的烦得要死了！格蕾丝这弱B性能有什么好玩的？做成艾莉那样的都比你这屌B残疾人好玩，还FBI？

现在生化危机好玩，不是为了玩像4re 原版4那样的改枪系统以及体术关卡设计这些东西吗？要不是看预告有里昂有体术根本不会买，结果格蕾丝玩了这么久还在哪里绕绕绕绕。滚蛋！",不推荐,6.1,1,10,谁他妈的在现在这个时代 玩生化危机是为了恐怖解密的 并且还是那老几样解密 为什么要一直操作格蕾丝在类似生1的那种古堡布局里一直解密 这么多年你们做的还不烦吗 我自己都玩的烦得要死了 格蕾丝这弱B性能有什么好玩的 做成艾莉那样的都比你这屌B残疾人好玩 还FBI 现在生化危机好玩 不是为了玩像4re 原版4那样的改枪系统以及体术关卡设计这些东西吗 要不是看预告有里昂有体术根本不会买 结果格蕾丝玩了这么久还在哪里绕绕绕绕 滚蛋,玩法,负面
2651,2651,2026-02-27,仅仅为了能一睹里昂的风采，这款游戏也值得购买；没错，这的确是一款杰作。,推荐,3.5,47,106,仅仅为了能一睹里昂的风采 这款游戏也值得购买 没错 这的确是一款杰作,情怀,正面
2652,2652,2026-02-27,"感觉真不错，集合了重制版2,3,4和7的优点，操作丝滑，体术打击拳拳到肉，居然连这么柔弱的女主都会体术是我没有想到的，让人吐槽的依旧是格子危机和钥匙危机。。。。",推荐,16.5,39,198,感觉真不错 集合了重制版2 3 4和7的优点 操作丝滑 体术打击拳拳到肉 居然连这么柔弱的女主都会体术是我没有想到的 让人吐槽的依旧是格子危机和钥匙危机,玩法,正面
2653,2653,2026-02-27,居然不支持原生ps5手柄特性，当初你4重制直接不支持得插线才能用就算了，现在倒好，支持无线了，但特性呢？解锁时间区别对待，就连手柄你也区别对待？咋的，手柄我不是花钱买的？游戏也不是我花钱买的？👎,不推荐,5.3,6,165,居然不支持原生ps5手柄特性 当初你4重制直接不支持得插线才能用就算了 现在倒好 支持无线了 但特性呢 解锁时间区别对待 就连手柄你也区别对待 咋的 手柄我不是花钱买的 游戏也不是我花钱买的,优化,负面
2654,2654,2026-02-27,好玩,推荐,13.7,11,170,好玩,玩法,正面
2655,2655,2026-02-27,好玩,推荐,10.4,41,150,好玩,玩法,正面
2656,2656,2026-02-27,时不时卡一下之后音画不同步,不推荐,4.3,43,152,时不时卡一下之后音画不同步,优化,负面
2657,2657,2026-02-27,好玩,推荐,10.3,16,175,好玩,玩法,正面
2658,2658,2026-02-27,嗯好玩喵,推荐,9.3,50,159,嗯好玩喵,玩法,正面
2659,2659,2026-02-27,现在连优化也做不好了？游戏都进不去弹出个崩溃报告页面，然后连这个报告页面也崩溃了，真的难崩。反正我是不敢在预购你们的游戏了，给个差评表扬一下，退了,不推荐,0.1,3,12,现在连优化也做不好了 游戏都进不去弹出个崩溃报告页面 然后连这个报告页面也崩溃了 真的难崩 反正我是不敢在预购你们的游戏了 给个差评表扬一下 退了,优化,负面
2660,2660,2026-02-27,好玩 第一人称挺紧张刺激的，环境音效也很好,推荐,7.9,12,71,好玩 第一人称挺紧张刺激的 环境音效也很好,音效,正面
2661,2661,2026-02-27,不错的，帧数老不太稳定，但不错的,推荐,10.8,8,167,不错的 帧数老不太稳定 但不错的,优化,正面
2662,2662,2026-02-27,好玩，操控里昂无脑爽就完事了,推荐,4.0,28,137,好玩 操控里昂无脑爽就完事了,玩法,正面
2663,2663,2026-02-27,李三光依旧三光！,推荐,8.4,1,10,李三光依旧三光,情怀,正面
2664,2664,2026-02-27,感谢好兄弟全款安排的生化9豪华版,推荐,7.4,9,68,感谢好兄弟全款安排的生化9豪华版,情怀,正面
2665,2665,2026-02-27,很棒,推荐,14.9,29,138,很棒,其他,正面
2666,2666,2026-02-27,搞了二十几分钟还以为我dse坏了，xbox手柄正常使用，ds手柄只能开steam输入，卡普空纯纯私募了,不推荐,6.0,43,152,搞了二十几分钟还以为我dse坏了 xbox手柄正常使用 ds手柄只能开steam输入 卡普空纯纯私募了,优化,负面
2667,2667,2026-02-27,66,推荐,8.8,31,140,66,其他,正面
2668,2668,2026-02-27,好玩，爱玩,推荐,7.6,46,105,好玩 爱玩,玩法,正面
2669,2669,2026-02-27,"An unhandled exception occurred.
re9.exe!0x1400000000 + 0x9e7eabe
re9.exe!0x1400000000 + 0x9e7e2fd
what a trash game campom ♥♥♥♥♥!
",不推荐,2.7,31,190,An unhandled exception occurred re9 exe 0x1400000000 0x9e7eabe re9 exe 0x1400000000 0x9e7e2fd what a trash game campom,优化,负面
2670,2670,2026-02-27,good,推荐,8.7,13,22,good,其他,正面
2671,2671,2026-02-27,优化可以，3060笔记本玩2k，把纹理调最高，其他都最低，就能画面和帧数都好。这年头能让我个破3060 6g玩的3a不多了，还能2k运行，其他游戏能1080流畅都难，还糊,推荐,5.9,3,162,优化可以 3060笔记本玩2k 把纹理调最高 其他都最低 就能画面和帧数都好 这年头能让我个破3060 6g玩的3a不多了 还能2k运行 其他游戏能1080流畅都难 还糊,优化,正面
2672,2672,2026-02-27,最近十年正统续作最好的,推荐,7.3,44,53,最近十年正统续作最好的,情怀,正面
2673,2673,2026-02-27,"仿佛回到了大学第一次玩生化7，体验感拉满
我感觉我比格蕾丝还胆小。艰难，依旧坚持。",推荐,7.7,42,101,仿佛回到了大学第一次玩生化7 体验感拉满 我感觉我比格蕾丝还胆小 艰难 依旧坚持,情怀,正面
2674,2674,2026-02-27,"幽默完了，先不说剧情这一坨，就说这JB游戏主角跑步，特别是女主，开个dlss跑步跟慢动作一样迟缓笨重。不仅如此，角色跑步 
  物品互动   以及战斗都会经常性的严重掉帧卡顿，我试过同一复杂场景里，第一人称严重卡顿，第三人称啥事没有，这狗屎游戏3分钟里掉的帧比我玩re4一个小时掉的还多，不敢相信这是同一家公司做出来的游戏。",不推荐,0.1,5,114,幽默完了 先不说剧情这一坨 就说这JB游戏主角跑步 特别是女主 开个dlss跑步跟慢动作一样迟缓笨重 不仅如此 角色跑步 物品互动 以及战斗都会经常性的严重掉帧卡顿 我试过同一复杂场景里 第一人称严重卡顿 第三人称啥事没有 这狗屎游戏3分钟里掉的帧比我玩re4一个小时掉的还多 不敢相信这是同一家公司做出来的游戏,优化,负面
2675,2675,2026-02-27,傻逼卡表 都tm这么多作品了 还不做DS手柄扳机适配,不推荐,6.8,15,24,傻逼卡表 都tm这么多作品了 还不做DS手柄扳机适配,优化,负面
2676,2676,2026-02-27,体验很好，双视角叙事很有趣，场景很有氛围感,推荐,6.7,34,43,体验很好 双视角叙事很有趣 场景很有氛围感,剧情,正面
2677,2677,2026-02-27,"  里昂的第三人称成啥了,第三人称视角和动作衔接甚至不如四代的重制版，还有角色塑造，一个fbi探员怂成这个b样，可以理解塑造恐怖范围必须的牺牲，那tm能不能做成双线视角任务而不是这种狗屎插叙，一会恐怖一会战斗爽是j8给我玩寸止么。",不推荐,8.6,4,13,里昂的第三人称成啥了 第三人称视角和动作衔接甚至不如四代的重制版 还有角色塑造 一个fbi探员怂成这个b样 可以理解塑造恐怖范围必须的牺牲 那tm能不能做成双线视角任务而不是这种狗屎插叙 一会恐怖一会战斗爽是j8给我玩寸止么,玩法,负面
2678,2678,2026-02-27,不错,推荐,4.8,45,54,不错,其他,正面
2679,2679,2026-02-27,浅玩儿了下，格蕾丝是恐怖线，里昂是动作线，基本上是双线叙事，恐怖线有生7的味道，动作线有生4re的味道，但总感觉里昂的体术圈踢有点问题，怎么感觉用的是脚尖踢的？,推荐,4.8,26,35,浅玩儿了下 格蕾丝是恐怖线 里昂是动作线 基本上是双线叙事 恐怖线有生7的味道 动作线有生4re的味道 但总感觉里昂的体术圈踢有点问题 怎么感觉用的是脚尖踢的,玩法,正面
2680,2680,2026-02-27,Greatest game i ever played,推荐,11.3,35,194,Greatest game i ever played,情怀,正面
2681,2681,2026-02-27,好玩，给9.2分。瞄准设计有点故意恶心人。其它项目前感觉很优秀,推荐,15.4,37,146,好玩 给9 2分 瞄准设计有点故意恶心人 其它项目前感觉很优秀,玩法,正面
2682,2682,2026-02-27,确实是2026年游戏该有的画质和优化,推荐,5.1,31,40,确实是2026年游戏该有的画质和优化,画面,正面
2683,2683,2026-02-27,11111,推荐,7.2,40,149,11111,其他,正面
2684,2684,2026-02-27,你昂叔叔啊是个3000,推荐,7.8,44,103,你昂叔叔啊是个3000,情怀,正面
2685,2685,2026-02-27,"生化9又一卡表优化大作，DLAA开启路径追踪无帧生成下5090帧数达30帧,孩子们欢呼吧这是4倍帧生成的时代。",推荐,1.6,14,123,生化9又一卡表优化大作 DLAA开启路径追踪无帧生成下5090帧数达30帧 孩子们欢呼吧这是4倍帧生成的时代,优化,正面
2686,2686,2026-02-27,很棒！好玩好玩，格蕾丝真漂亮，氛围也不错，爽玩推荐！,推荐,7.9,9,118,很棒 好玩好玩 格蕾丝真漂亮 氛围也不错 爽玩推荐,画面,正面
2687,2687,2026-02-27,好玩,推荐,9.9,9,168,好玩,玩法,正面
2688,2688,2026-02-27,很棒，很刺激，里昂真特么帅,推荐,6.6,31,140,很棒 很刺激 里昂真特么帅,情怀,正面
2689,2689,2026-02-27,里昂战斗很爽，格蕾丝部分也好玩,推荐,7.4,24,183,里昂战斗很爽 格蕾丝部分也好玩,玩法,正面
2690,2690,2026-02-27,毫无新意,不推荐,0.6,28,87,毫无新意,玩法,负面
2691,2691,2026-02-27,好玩.,推荐,10.0,19,78,好玩,玩法,正面
2692,2692,2026-02-27,"懒虫卡婊，隔壁懒狗暗耻都支持ds手柄适配了，还给pc版玩阉割。

一群卡孝子还在洗，他自己商店页面写完美适配，这不算欺骗消费者？？",不推荐,1.5,14,23,懒虫卡婊 隔壁懒狗暗耻都支持ds手柄适配了 还给pc版玩阉割 一群卡孝子还在洗 他自己商店页面写完美适配 这不算欺骗消费者,优化,负面
2693,2693,2026-02-27,卡婊现在像极了家底殷实的富二代有自己想法想出去创业做出点什么，结果被现实弄得只能回家保守的吃老本，事实证明三上真司确实是个天才！,推荐,15.9,6,15,卡婊现在像极了家底殷实的富二代有自己想法想出去创业做出点什么 结果被现实弄得只能回家保守的吃老本 事实证明三上真司确实是个天才,情怀,正面
2694,2694,2026-02-27,个人感觉还不错就是没有艾达，没有和里昂的互动，有点难受,推荐,9.4,11,20,个人感觉还不错就是没有艾达 没有和里昂的互动 有点难受,剧情,正面
2695,2695,2026-02-27,尿都快吓出来了(๑•̀ㅂ•́)و✧,推荐,12.4,15,24,尿都快吓出来了 ๑ ㅂ و,音效,正面
2696,2696,2026-02-27,上线爽玩两个半小时，开始报错，各种报错，真有你的卡表,不推荐,3.0,44,53,上线爽玩两个半小时 开始报错 各种报错 真有你的卡表,优化,负面
2697,2697,2026-02-27,4个多小时还没走出精神病院 地图很大很绕 病院里给我的感觉就像是7代的感觉一样 很好玩 血液收集也非常新奇 还有7代里同款古钱币 地图上又有点像警察局和岳父家的结合 真的很好玩 前面女孩给的压迫感也有 后面熟悉打僵尸了也没那么恐怖了 李昂体术也是继承四代 特别爽 还可以拿电锯砍丧尸（也是玩上丧尸们的电锯惊魂了）这几个小时玩下来还是非常有意思的,推荐,9.8,1,160,4个多小时还没走出精神病院 地图很大很绕 病院里给我的感觉就像是7代的感觉一样 很好玩 血液收集也非常新奇 还有7代里同款古钱币 地图上又有点像警察局和岳父家的结合 真的很好玩 前面女孩给的压迫感也有 后面熟悉打僵尸了也没那么恐怖了 李昂体术也是继承四代 特别爽 还可以拿电锯砍丧尸 也是玩上丧尸们的电锯惊魂了 这几个小时玩下来还是非常有意思的,玩法,正面
2698,2698,2026-02-27,刚玩一会，TMD格蕾丝篇章做的这么恶心，跟LOL设计师教你玩游戏一样就是要叫你这么玩，以为里昂给了把枪可以好好玩了，结果还是逃生，玩的真TM难受，只能一手风灵月影了，艹了,不推荐,4.1,33,142,刚玩一会 TMD格蕾丝篇章做的这么恶心 跟LOL设计师教你玩游戏一样就是要叫你这么玩 以为里昂给了把枪可以好好玩了 结果还是逃生 玩的真TM难受 只能一手风灵月影了 艹了,玩法,负面
2699,2699,2026-02-27,好玩爱玩,推荐,8.2,21,130,好玩爱玩,玩法,正面
2700,2700,2026-02-27,好玩,推荐,5.3,24,133,好玩,玩法,正面
2701,2701,2026-02-27,卡宝我爱你,推荐,12.8,42,101,卡宝我爱你,其他,正面
2702,2702,2026-02-27,我的无限子弹呢？？？？？？？？？？？？？？？？？？？？？？？？？？？？？？？？？？？？？？？？？？？？？？？？？？？？？？？？？？？？？？？,推荐,7.6,32,141,我的无限子弹呢,玩法,正面
2703,2703,2026-02-27,玩了5个来小时，本人电脑配置（ROG5090满血版显卡.AMD9800X3D.32G内存）游玩很流畅.先给个好评吧。但是现在游戏是真特么吃电脑配置。遇到闪退或者游戏进不去肯定少不了差评,推荐,8.9,38,97,玩了5个来小时 本人电脑配置 ROG5090满血版显卡 AMD9800X3D 32G内存 游玩很流畅 先给个好评吧 但是现在游戏是真特么吃电脑配置 遇到闪退或者游戏进不去肯定少不了差评,优化,正面
2704,2704,2026-02-27,勉强算中规中矩把这游戏。首先笔记本系列只能强制性2560x1440，其次胶片颗粒优化没做。另外人物拖影，头发拖影更不i用说。最后时长方面和78差不多，但是比4短。也就这次预购了，下次不会再提前预购了,推荐,7.6,21,130,勉强算中规中矩把这游戏 首先笔记本系列只能强制性2560x1440 其次胶片颗粒优化没做 另外人物拖影 头发拖影更不i用说 最后时长方面和78差不多 但是比4短 也就这次预购了 下次不会再提前预购了,画面,正面
2705,2705,2026-02-27,非常有意思的游戏！,推荐,12.5,36,95,非常有意思的游戏,玩法,正面
2706,2706,2026-02-27,《生化危机9》给我的感觉是“熟悉又新鲜，玩得挺上头”，没有特别夸张的惊艳，但细节里全是对玩家的照顾，属于“闭着眼买不会踩雷”的类型。总结：“值得买，尤其是系列粉”如果你是生化老玩家，《生化危机9》绝对能让你找到熟悉的感觉，双主角和情怀细节能值回票价；如果是新玩家，想试试生存恐怖游戏，它不算特别难，而且动作线的爽感能让你快速上手。一句话：这游戏就像“熟悉的老味道加了点新料”，玩起来舒服，不折腾，适合大多数玩家。,推荐,5.6,14,173,生化危机9 给我的感觉是 熟悉又新鲜 玩得挺上头 没有特别夸张的惊艳 但细节里全是对玩家的照顾 属于 闭着眼买不会踩雷 的类型 总结 值得买 尤其是系列粉 如果你是生化老玩家 生化危机9 绝对能让你找到熟悉的感觉 双主角和情怀细节能值回票价 如果是新玩家 想试试生存恐怖游戏 它不算特别难 而且动作线的爽感能让你快速上手 一句话 这游戏就像 熟悉的老味道加了点新料 玩起来舒服 不折腾 适合大多数玩家,情怀,正面
2707,2707,2026-02-27,赶紧把首日优化补丁端上来吧,不推荐,9.4,48,107,赶紧把首日优化补丁端上来吧,优化,负面
2708,2708,2026-02-27,好玩！！！！优化非常棒只有4G显存也能爽玩！游戏环节刺激！,推荐,2.9,9,68,好玩 优化非常棒只有4G显存也能爽玩 游戏环节刺激,优化,正面
2709,2709,2026-02-27,"非常正统的生化危机！
格蕾丝的第一人称代入感非常强烈，很纯的生存恐怖！
里昂的战斗爽非常畅快，各种处决、弹反都很帅，完全不像是快50岁的大叔！
地图设计依旧在线，格蕾丝的血液提取器的设计很棒，里昂更是能用电锯扫开一路！
从解禁之后就玩了一下午，被叫出去吃饭的时候非常舍不得……",推荐,7.2,12,171,非常正统的生化危机 格蕾丝的第一人称代入感非常强烈 很纯的生存恐怖 里昂的战斗爽非常畅快 各种处决 弹反都很帅 完全不像是快50岁的大叔 地图设计依旧在线 格蕾丝的血液提取器的设计很棒 里昂更是能用电锯扫开一路 从解禁之后就玩了一下午 被叫出去吃饭的时候非常舍不得,玩法,正面
2710,2710,2026-02-27,里昂的战斗部分爽波，但开头疗养院地图部分，可恶的卡普空炒冷饭炒上瘾了吧，以为我们老玩家看不出来，结构完全是照搬生化2里的警局，,推荐,4.2,6,165,里昂的战斗部分爽波 但开头疗养院地图部分 可恶的卡普空炒冷饭炒上瘾了吧 以为我们老玩家看不出来 结构完全是照搬生化2里的警局,情怀,正面
2711,2711,2026-02-27,"虽然我知道以下所有的一切，包括但不局限于：门不能从这边打开；门从另一侧锁住了；没有足够的电力；需要继电器；看样子需要个保险丝；很容易就能撬开的锁；需要保险箱密码；需要从上面放下梯子；缺少一个齿轮；缺少操作杆应该就在附近；需要雕像；门上有一个宝石孔；门被铁链锁住了；有个千斤顶但没有杠杆！
但是......里昂，真的帅麻了",推荐,4.6,14,173,虽然我知道以下所有的一切 包括但不局限于 门不能从这边打开 门从另一侧锁住了 没有足够的电力 需要继电器 看样子需要个保险丝 很容易就能撬开的锁 需要保险箱密码 需要从上面放下梯子 缺少一个齿轮 缺少操作杆应该就在附近 需要雕像 门上有一个宝石孔 门被铁链锁住了 有个千斤顶但没有杠杆 但是 里昂 真的帅麻了,情怀,正面
2712,2712,2026-02-27,win10系统是不能在游戏内截图吗，我用系统截图，QQ截图，pixpin截图都不行，是win10的原因吗,推荐,2.1,14,123,win10系统是不能在游戏内截图吗 我用系统截图 QQ截图 pixpin截图都不行 是win10的原因吗,优化,正面
2713,2713,2026-02-27,爽,推荐,3.9,29,88,爽,其他,正面
2714,2714,2026-02-27,李三光简直爽爆了。,推荐,10.1,8,17,李三光简直爽爆了,情怀,正面
2715,2715,2026-02-27,"好玩
",推荐,5.8,50,59,好玩,玩法,正面
2716,2716,2026-02-27,至少画面是划时代的,推荐,1.7,19,28,至少画面是划时代的,画面,正面
2717,2717,2026-02-27,完全支持控制器：您的PlayStation控制器；进去游戏之后连我插的DS手柄图标都不显示，还需要自己更改，震动反馈是乱做的，扳机效果是没有的，没有这些效果就别说完全支持DS手柄好吗？,不推荐,6.7,31,190,完全支持控制器 您的PlayStation控制器 进去游戏之后连我插的DS手柄图标都不显示 还需要自己更改 震动反馈是乱做的 扳机效果是没有的 没有这些效果就别说完全支持DS手柄好吗,优化,负面
2718,2718,2026-02-27,一个单机游戏你给我反作弊？你在教我玩游戏吗？,不推荐,9.3,4,63,一个单机游戏你给我反作弊 你在教我玩游戏吗,玩法,负面
2719,2719,2026-02-27,太吓人了牛牛都缩起来了,推荐,3.9,47,106,太吓人了牛牛都缩起来了,其他,正面
2720,2720,2026-02-27,好玩,推荐,12.6,33,92,好玩,玩法,正面
2721,2721,2026-02-27,依旧经典生化味，熟悉的4代体术，好玩,推荐,8.4,8,17,依旧经典生化味 熟悉的4代体术 好玩,情怀,正面
2722,2722,2026-02-27,我是区,推荐,3.6,6,115,我是区,其他,正面
2723,2723,2026-02-27,"所以我打算从三个角度聊聊我对Re9的一些看法：

1.关于所谓的✌️游戏时长✌️问题
--------------------------
首先我发现很多人在游戏发售前仅凭一段偷跑视频的长度，就草率地对整个游戏的流程体量下结论…我想诸位需要明白一点：不同的玩家有着不同的游玩风格，有人喜欢速通主线，有人则热衷于探索和收集，总游戏时长自然会有所差异，这并不是什么难以理解的事情…曾几何时 bro 也天真地以为几小时通关就意味着游戏不耐玩，但后来才意识到单纯用通关时长来衡量游戏体验是否丰富，本身其实是一种很片面的看法

2.关于所谓的✌️素材复用✌️问题
--------------------------
你要知道卡表从很早以前就有利用前作积累的素材为下一部作品铺路的习惯了…2009年发售的 Re5 就是一个非常典型的例子…而自2017年 Re7 发布后，系列正式进入RE引擎时代，卡表也开始走新作与重制相互交叉、互相积累经验与素材的路线…Re7为Re2和Re3的箱庭地图设计与恐怖体验打下基础；Re8的关卡设计和交易系统，很明显是在为Re4重制铺路；而Re4重制的成功经验，又能反哺到Re9当中；Re9里的大部分要素，又能用于Re5和6的重制工作…总而言之，所谓的✌️素材复用✌️的做法，在 Re 系列进入Re引擎时代之前就已经存在，拿这一点来挑刺，多少显得有些低级和无脑…

3.最后谈谈我的个人游戏体验
--------------------------

目前我还没通关一周目，通关后我将给各位分享下我的游戏体验，感兴趣的可以蹲一下",推荐,14.4,29,38,所以我打算从三个角度聊聊我对Re9的一些看法 1 关于所谓的 游戏时长 问题 首先我发现很多人在游戏发售前仅凭一段偷跑视频的长度 就草率地对整个游戏的流程体量下结论 我想诸位需要明白一点 不同的玩家有着不同的游玩风格 有人喜欢速通主线 有人则热衷于探索和收集 总游戏时长自然会有所差异 这并不是什么难以理解的事情 曾几何时 bro 也天真地以为几小时通关就意味着游戏不耐玩 但后来才意识到单纯用通关时长来衡量游戏体验是否丰富 本身其实是一种很片面的看法 2 关于所谓的 素材复用 问题 你要知道卡表从很早以前就有利用前作积累的素材为下一部作品铺路的习惯了 2009年发售的 Re5 就是一个非常典型的例子 而自2017年 Re7 发布后 系列正式进入RE引擎时代 卡表也开始走新作与重制相互交叉 互相积累经验与素材的路线 Re7为Re2和Re3的箱庭地图设计与恐怖体验打下基础 Re8的关卡设计和交易系统 很明显是在为Re4重制铺路 而Re4重制的成功经验 又能反哺到Re9当中 Re9里的大部分要素 又能用于Re5和6的重制工作 总而言之 所谓的 素材复用 的做法 在 Re 系列进入Re引擎时代之前就已经存在 拿这一点来挑刺 多少显得有些低级和无脑 3 最后谈谈我的个人游戏体验 目前我还没通关一周目 通关后我将给各位分享下我的游戏体验 感兴趣的可以蹲一下,玩法,正面
2724,2724,2026-02-27,太爽了，被吓好爽，里昂玩起来好爽，好玩是真好玩,推荐,12.7,11,120,太爽了 被吓好爽 里昂玩起来好爽 好玩是真好玩,玩法,正面
2725,2725,2026-02-27,商品页写的完全支持PS5 DS5手柄，进游戏完全不支持，必须开启STEAM输入才能识别手柄。更别说DS手柄适配了，连震动都是残次的，进疗养院后震动都没了。我真蠢，为了高画质才买的STEAM，现在悔不当初为什么不直接买PS版。,不推荐,14.3,48,207,商品页写的完全支持PS5 DS5手柄 进游戏完全不支持 必须开启STEAM输入才能识别手柄 更别说DS手柄适配了 连震动都是残次的 进疗养院后震动都没了 我真蠢 为了高画质才买的STEAM 现在悔不当初为什么不直接买PS版,优化,负面
2726,2726,2026-02-27,好玩,推荐,5.9,10,169,好玩,玩法,正面
2727,2727,2026-02-27,幽默卡婊，不支持ds5手柄，社区两个帖子刷一起，一个夸适配完美不输ps第一方，一个喷pc没适配，给我气笑了,不推荐,8.2,6,65,幽默卡婊 不支持ds5手柄 社区两个帖子刷一起 一个夸适配完美不输ps第一方 一个喷pc没适配 给我气笑了,优化,负面
2728,2728,2026-02-27,挺好比四代更精良，但没弄懂开局选项那个年龄设置是什么 还有里昂太帅了！！！战斗系统太劲爆了！！！,推荐,5.8,31,140,挺好比四代更精良 但没弄懂开局选项那个年龄设置是什么 还有里昂太帅了 战斗系统太劲爆了,玩法,正面
2729,2729,2026-02-27,依旧没有给ds做适配 真是有点幽默了,不推荐,2.8,5,64,依旧没有给ds做适配 真是有点幽默了,优化,负面
2730,2730,2026-02-27,我兄弟玩完直接变异了,推荐,14.8,16,175,我兄弟玩完直接变异了,情怀,正面
2731,2731,2026-02-27,草尼玛的闪退闪退闪退我玩你妈个臭B呢？,不推荐,10.6,7,116,草尼玛的闪退闪退闪退我玩你妈个臭B呢,优化,负面
2732,2732,2026-02-27,作为生化危机的忠诚粉丝，入手豪华版，玩的时候没的说，要难度有难度，女角色那边是第一人称男角色改成第三人称，是真的好玩的，可以改第一人称第三人称,推荐,7.4,41,50,作为生化危机的忠诚粉丝 入手豪华版 玩的时候没的说 要难度有难度 女角色那边是第一人称男角色改成第三人称 是真的好玩的 可以改第一人称第三人称,玩法,正面
2733,2733,2026-02-27,确实送给生化粉的情书，能看到7之后所有生化作品的影子,推荐,5.7,14,73,确实送给生化粉的情书 能看到7之后所有生化作品的影子,情怀,正面
2734,2734,2026-02-27,cs卡⌚你们咖喱人都活暗暗了,不推荐,0.1,16,175,cs卡 你们咖喱人都活暗暗了,其他,负面
2735,2735,2026-02-27,为什么不给胶片颗粒的选项，做这么多年游戏越做越回去了是吧,推荐,1.1,19,28,为什么不给胶片颗粒的选项 做这么多年游戏越做越回去了是吧,画面,正面
2736,2736,2026-02-27,"卡普通一定是倾注了全部的爱来塑造Grace

我好幸福",推荐,8.0,5,14,卡普通一定是倾注了全部的爱来塑造Grace 我好幸福,剧情,正面
2737,2737,2026-02-27,压迫感做的太棒了，就是解密的部分太繁琐了实在，我打的普通模式那个怪5枪死一个，然后要是忘了开单项的门还容易被路上的怪囊死，谁懂玩了5个小时还没逃出去的救赎感啊，反正目前给我下来的体验是很不错，但是如果你问我买不买我的建议是等降价,推荐,12.1,44,203,压迫感做的太棒了 就是解密的部分太繁琐了实在 我打的普通模式那个怪5枪死一个 然后要是忘了开单项的门还容易被路上的怪囊死 谁懂玩了5个小时还没逃出去的救赎感啊 反正目前给我下来的体验是很不错 但是如果你问我买不买我的建议是等降价,玩法,正面
2738,2738,2026-02-27,夯爆了好嘛,推荐,4.2,15,124,夯爆了好嘛,情怀,正面
2739,2739,2026-02-27,好玩，目前到了浣熊市，一路双线叙事非常爽，同时体验了很多玩法，集大成之作,推荐,5.7,16,175,好玩 目前到了浣熊市 一路双线叙事非常爽 同时体验了很多玩法 集大成之作,玩法,正面
2740,2740,2026-02-27,完美的生化危机体验,推荐,13.7,19,178,完美的生化危机体验,情怀,正面
2741,2741,2026-02-27,爽了,推荐,8.1,43,102,爽了,其他,正面
2742,2742,2026-02-27,游戏是好，但优化不咋滴,推荐,4.1,9,118,游戏是好 但优化不咋滴,优化,正面
2743,2743,2026-02-27,好玩爱玩要玩一直玩生化危机,推荐,14.8,47,106,好玩爱玩要玩一直玩生化危机,情怀,正面
2744,2744,2026-02-27,"这一部画面质量对于我只玩过生2和生4重制版的人来说真的夯 体验的这一个多小时来说目前没有卡顿掉帧 非常流畅 
",推荐,8.1,25,34,这一部画面质量对于我只玩过生2和生4重制版的人来说真的夯 体验的这一个多小时来说目前没有卡顿掉帧 非常流畅,画面,正面
2745,2745,2026-02-27,好,推荐,9.4,32,91,好,其他,正面
2746,2746,2026-02-27,媳妇买的，女主初章给我吓坏了，胆小   李昂的战斧处决太帅了！,推荐,9.5,42,151,媳妇买的 女主初章给我吓坏了 胆小 李昂的战斧处决太帅了,情怀,正面
2747,2747,2026-02-27,不愧是生化危机,推荐,8.1,38,197,不愧是生化危机,情怀,正面
2748,2748,2026-02-27,"刚开始探索疗养院，里昂一贯战斗爽。格蕾丝CV加分，恐怖戏份桥段几乎到达系列之最。在路径光追加持下，第一人称游玩格蕾丝氛围感很强。
但是都26年了！隔壁SE,KT，甚至科乐美都在pc适配了ds5，就你卡婊一点都没做？要不就和2k的四海兄弟一样大家都没有。ps5做的那么好，荒野pc也有残疾适配。到了re9啥也没有？没有的话，你商店界面标尼玛的完全适配干嘛？？？",不推荐,6.4,18,27,刚开始探索疗养院 里昂一贯战斗爽 格蕾丝CV加分 恐怖戏份桥段几乎到达系列之最 在路径光追加持下 第一人称游玩格蕾丝氛围感很强 但是都26年了 隔壁SE KT 甚至科乐美都在pc适配了ds5 就你卡婊一点都没做 要不就和2k的四海兄弟一样大家都没有 ps5做的那么好 荒野pc也有残疾适配 到了re9啥也没有 没有的话 你商店界面标尼玛的完全适配干嘛,音效,负面
2749,2749,2026-02-27,《生化危机9：安魂曲》是系列30周年集大成之作，恐怖与动作双轨封神，重返浣熊市，情怀与革新拉满，堪称生存恐怖的终极形态   阴影重临浣熊，恐惧回归本源。《生化9》以双线叙事揉碎经典与新生，用窒息压迫与爆裂爽感交织出最纯粹的生化体验，一作封神，安魂即巅峰。,推荐,2.1,10,119,生化危机9 安魂曲 是系列30周年集大成之作 恐怖与动作双轨封神 重返浣熊市 情怀与革新拉满 堪称生存恐怖的终极形态 阴影重临浣熊 恐惧回归本源 生化9 以双线叙事揉碎经典与新生 用窒息压迫与爆裂爽感交织出最纯粹的生化体验 一作封神 安魂即巅峰,情怀,正面
2750,2750,2026-02-27,优化无敌，目前里昂视角有点短，大部分游玩时间都在格蕾丝这边，格蕾丝配音不错，枪械手感很棒，等下一作继续预购豪华版，永远支持生化危机😋😋😋,推荐,7.4,20,129,优化无敌 目前里昂视角有点短 大部分游玩时间都在格蕾丝这边 格蕾丝配音不错 枪械手感很棒 等下一作继续预购豪华版 永远支持生化危机,情怀,正面
2751,2751,2026-02-27,画面真有一种下一个世代的感觉，强烈推荐末日滤镜，套上是真有感觉,推荐,5.3,24,133,画面真有一种下一个世代的感觉 强烈推荐末日滤镜 套上是真有感觉,画面,正面
2752,2752,2026-02-27,优化不错，4k画质全部开最高能有147帧,推荐,12.5,47,56,优化不错 4k画质全部开最高能有147帧,画面,正面
2753,2753,2026-02-27,"请支付我为“亮S啃你弟”提供脸模的费用😡👊。话说这代里昂的身材变化有点大，是纯自然吗？包纯自然的，蛋白粉都不用的 。就是偶而用一点。顶多打点病毒🦠。
还有！“雷普”空😡！为什么不表他俩的感情线！再这样下去艾达都要绝*了🤫！当然“女人就像红酒🍷越老越香醇”~生化2的一吻你知道你骗了“亮”多久吗😭！哦，亲爱的艾达😘。我的心还离你不够近😔，不过没事，我明天再去校正🥵......
都怪你“艾达王”😭，都是你😭......
 都是你的错 轻易爱上我😳
让我不知不觉满足被爱的虚荣💖
 都是你的错 你对人的宠😌
是一种诱惑🍬
 都是你的错 在你的眼中👀
总是藏着让人又爱又怜的朦胧🌫️
 都是你的错 你的痴情梦💭
像一个魔咒🧿
被你爱过还能为谁蠢动💓
 我承认都是月亮惹的祸🌙✨
那样的夜色太美你太温柔🌃💞
才会在刹那之间💫
只想和你一起到白头💑⏳
 我承认都是誓言惹的祸🗣️💘
偏偏似糖如蜜说来最动人🍯🎶
再怎么心如钢铁也成绕指柔🔗🌸
 怎样的情生意动💓
会让两个人 拿一生当承诺🤝💍
 我承认都是月亮惹的祸🌙✨
那样的夜色太美你太温柔🌃💞
才会在刹那之间💫
只想和你一起到白头💑⏳
 我承认都是誓言惹的祸🗣️💘
偏偏似糖如蜜说来最动人🍯🎶
再怎么心如钢铁也成绕指柔🔗🌸",推荐,5.9,16,175,请支付我为 亮S啃你弟 提供脸模的费用 话说这代里昂的身材变化有点大 是纯自然吗 包纯自然的 蛋白粉都不用的 就是偶而用一点 顶多打点病毒 还有 雷普 空 为什么不表他俩的感情线 再这样下去艾达都要绝 了 当然 女人就像红酒 越老越香醇 生化2的一吻你知道你骗了 亮 多久吗 哦 亲爱的艾达 我的心还离你不够近 不过没事 我明天再去校正 都怪你 艾达王 都是你 都是你的错 轻易爱上我 让我不知不觉满足被爱的虚荣 都是你的错 你对人的宠 是一种诱惑 都是你的错 在你的眼中 总是藏着让人又爱又怜的朦胧 都是你的错 你的痴情梦 像一个魔咒 被你爱过还能为谁蠢动 我承认都是月亮惹的祸 那样的夜色太美你太温柔 才会在刹那之间 只想和你一起到白头 我承认都是誓言惹的祸 偏偏似糖如蜜说来最动人 再怎么心如钢铁也成绕指柔 怎样的情生意动 会让两个人 拿一生当承诺 我承认都是月亮惹的祸 那样的夜色太美你太温柔 才会在刹那之间 只想和你一起到白头 我承认都是誓言惹的祸 偏偏似糖如蜜说来最动人 再怎么心如钢铁也成绕指柔,剧情,正面
2754,2754,2026-02-27,格蕾丝线玩着有点憋屈了，里昂篇相比格蕾丝线真的很简单，格蕾丝线又缺刀又缺子弹的，有些怪感觉比re2的怪都要肉，还有这个优化是真的好，我1660s 2k中等画质都能稳40+   50+帧,推荐,10.2,46,55,格蕾丝线玩着有点憋屈了 里昂篇相比格蕾丝线真的很简单 格蕾丝线又缺刀又缺子弹的 有些怪感觉比re2的怪都要肉 还有这个优化是真的好 我1660s 2k中等画质都能稳40 50 帧,优化,正面
2755,2755,2026-02-27,感谢朋友送我生化危机9，玩的真爽。    首先偷跑剧透死M，让我防不胜防。,推荐,15.5,41,100,感谢朋友送我生化危机9 玩的真爽 首先偷跑剧透死M 让我防不胜防,情怀,正面
2756,2756,2026-02-27,对的,推荐,8.5,38,147,对的,其他,正面
2757,2757,2026-02-27,上pc但不支持ds手柄 脑残卡普空总能找到恶心人的地方,不推荐,0.8,5,14,上pc但不支持ds手柄 脑残卡普空总能找到恶心人的地方,优化,负面
2758,2758,2026-02-27,各种方面来说算是集大成了，喜欢re2的必入呀。另外优化很好，能玩re4就一定能流畅玩这一部。,推荐,12.6,48,57,各种方面来说算是集大成了 喜欢re2的必入呀 另外优化很好 能玩re4就一定能流畅玩这一部,优化,正面
2759,2759,2026-02-27,还是那个味~,推荐,8.6,28,87,还是那个味,情怀,正面
2760,2760,2026-02-27,win10加载不出的模型就像卡表你死去的老冯，我的问题可以改win7兼容性解决，卡表你的老冯还能从坟墓里复活吗？哦原来安魂曲是这个意思吗？,不推荐,6.7,35,144,win10加载不出的模型就像卡表你死去的老冯 我的问题可以改win7兼容性解决 卡表你的老冯还能从坟墓里复活吗 哦原来安魂曲是这个意思吗,优化,负面
2761,2761,2026-02-27,优化好评，3060lp还能一战，隔壁光荣好好学着点。,推荐,14.3,50,59,优化好评 3060lp还能一战 隔壁光荣好好学着点,优化,正面
2762,2762,2026-02-27,好玩，符合我对生化危机的预判，但是就是太吓人了不敢玩XD,推荐,2.0,39,148,好玩 符合我对生化危机的预判 但是就是太吓人了不敢玩XD,玩法,正面
2763,2763,2026-02-27,商店页面显示支持ds手柄，但实际无法识别，只能通过steam映射玩，写个差评挂会先，玩爽了会改,不推荐,3.0,43,102,商店页面显示支持ds手柄 但实际无法识别 只能通过steam映射玩 写个差评挂会先 玩爽了会改,优化,负面
2764,2764,2026-02-27,先是各种报错，好不容易弄好了，着色器又一直卡着进度动不了，咋办？,不推荐,2.6,23,32,先是各种报错 好不容易弄好了 着色器又一直卡着进度动不了 咋办,优化,负面
2765,2765,2026-02-27,莫名其妙的游戏崩溃，坦克一般的鼠标移速，虚高定价跟只注重画质不在意剧情细节的70多g。女主人设跟走后门进来的一样，连一点职业素养都没有，一点事就发疯乱叫，还有那为了剧情刻意做的侮辱智商的环节。开局那完全可以动画代替的无意义游戏环节，强行增长时长跟恶心人玩下去的心态。本人没玩完，但云了下，一堆出场的老角色怕不是为了圈钱做的吧。要不转行做电影算了，开头那催眠电影整挺不错的,不推荐,4.5,47,56,莫名其妙的游戏崩溃 坦克一般的鼠标移速 虚高定价跟只注重画质不在意剧情细节的70多g 女主人设跟走后门进来的一样 连一点职业素养都没有 一点事就发疯乱叫 还有那为了剧情刻意做的侮辱智商的环节 开局那完全可以动画代替的无意义游戏环节 强行增长时长跟恶心人玩下去的心态 本人没玩完 但云了下 一堆出场的老角色怕不是为了圈钱做的吧 要不转行做电影算了 开头那催眠电影整挺不错的,优化,负面
2766,2766,2026-02-27,目前来说没什么大问题，优化尚可，格蕾丝视角是经典的生化危机7风格，恐怖氛围烘托得很好，怪也长得冲击力十足；里昂视角是经典的生化危机4风格，战斗爽，两者剧情衔接得也不错，希望后续内容保持,推荐,10.2,34,143,目前来说没什么大问题 优化尚可 格蕾丝视角是经典的生化危机7风格 恐怖氛围烘托得很好 怪也长得冲击力十足 里昂视角是经典的生化危机4风格 战斗爽 两者剧情衔接得也不错 希望后续内容保持,玩法,正面
2767,2767,2026-02-27,"nb
",推荐,6.7,21,130,nb,其他,正面
2768,2768,2026-02-27,"伟大，无需多言
",推荐,5.0,22,31,伟大 无需多言,情怀,正面
2769,2769,2026-02-27,很好玩，作为续作很优秀，作为30周年纪念作就略显不足了,推荐,12.4,41,100,很好玩 作为续作很优秀 作为30周年纪念作就略显不足了,情怀,正面
2770,2770,2026-02-27,卡普空能不能先把游戏稳定性做好哇？明明是个不错的游戏，我4070  5900X再怎么也是比你最低配置还要硬吧，为何我进游戏用1080P玩，调低画质还是会出现D3D 24的报错，每次玩个十多二十分钟就给我报错，刚才用里昂打丧尸打的正嗨给爷报错卡退了是几个意思？,推荐,1.6,22,81,卡普空能不能先把游戏稳定性做好哇 明明是个不错的游戏 我4070 5900X再怎么也是比你最低配置还要硬吧 为何我进游戏用1080P玩 调低画质还是会出现D3D 24的报错 每次玩个十多二十分钟就给我报错 刚才用里昂打丧尸打的正嗨给爷报错卡退了是几个意思,优化,正面
2771,2771,2026-02-27,哎呦这个格蕾丝怎么这么笨呀，跑步还摔跤啊。,推荐,5.2,9,18,哎呦这个格蕾丝怎么这么笨呀 跑步还摔跤啊,剧情,正面
2772,2772,2026-02-27,游戏画质太好了，5080显卡功耗太高了,推荐,8.3,20,29,游戏画质太好了 5080显卡功耗太高了,画面,正面
2773,2773,2026-02-27,巨婴区二极管和吃黑流量的UP主发力了,推荐,10.4,16,175,巨婴区二极管和吃黑流量的UP主发力了,其他,正面
2774,2774,2026-02-27,"没其他毛病，就是角色性能太讨好菜鸟了，李昂的斧子砍人易硬直还无限用，这跟无双有什么区别
至于格蕾丝，也就她的惨叫吓人，只要别瞎开枪，弹药补给都是逸出的，开局送终武潜行秒精英，综合实力比伊森强太多，普通模式没有难度可言",推荐,10.1,3,62,没其他毛病 就是角色性能太讨好菜鸟了 李昂的斧子砍人易硬直还无限用 这跟无双有什么区别 至于格蕾丝 也就她的惨叫吓人 只要别瞎开枪 弹药补给都是逸出的 开局送终武潜行秒精英 综合实力比伊森强太多 普通模式没有难度可言,玩法,正面
2775,2775,2026-02-27,神作无需多言,推荐,5.2,1,60,神作无需多言,情怀,正面
2776,2776,2026-02-27,还行，有新东西但不多，但操作手感没有重制4舒服（为了手感前两天都在玩重制4），瞄准举枪不能单独调敏捷度有点难绷，都2026年了。,推荐,12.1,36,145,还行 有新东西但不多 但操作手感没有重制4舒服 为了手感前两天都在玩重制4 瞄准举枪不能单独调敏捷度有点难绷 都2026年了,玩法,正面
2777,2777,2026-02-27,"德配里昂性感疯了        10/10
卡普空你害我得了恋老癖啊
",推荐,7.3,29,188,德配里昂性感疯了 10 10 卡普空你害我得了恋老癖啊,情怀,正面
2778,2778,2026-02-27,前四个小时格蕾丝在疗养院被丧尸追着咬，背包容量小，子弹少，遇到群怪只能跑，忍辱负重。接下来切换到三光形态，背包容量大，子弹多，群怪遇到我只能跑，一脚踢爆一个脑袋。前期我唯唯诺诺，后期我直接重拳出击😡👊🏻,推荐,11.6,37,96,前四个小时格蕾丝在疗养院被丧尸追着咬 背包容量小 子弹少 遇到群怪只能跑 忍辱负重 接下来切换到三光形态 背包容量大 子弹多 群怪遇到我只能跑 一脚踢爆一个脑袋 前期我唯唯诺诺 后期我直接重拳出击,玩法,正面
2779,2779,2026-02-27,战斗爽,推荐,9.9,17,126,战斗爽,玩法,正面
2780,2780,2026-02-27,幽默卡普空，6026年了还认为逃生那套躲猫猫玩法很有趣？明明有生化4那么优秀的作业可以抄，就非得让人吃你7和8留下的两代臭狗屎。就不能多保留点里昂的戏份，非要让玩家操纵那个怂逼格蕾丝？能不能花点钱把你三上真司爹请回来让他教教你怎么做生化危机？,不推荐,11.6,25,134,幽默卡普空 6026年了还认为逃生那套躲猫猫玩法很有趣 明明有生化4那么优秀的作业可以抄 就非得让人吃你7和8留下的两代臭狗屎 就不能多保留点里昂的戏份 非要让玩家操纵那个怂逼格蕾丝 能不能花点钱把你三上真司爹请回来让他教教你怎么做生化危机,玩法,负面
2781,2781,2026-02-27,好玩，两个主角截然不同的体验,推荐,14.9,46,205,好玩 两个主角截然不同的体验,玩法,正面
2782,2782,2026-02-27,好玩啊好玩啊多让我玩玩李三光,推荐,7.1,5,14,好玩啊好玩啊多让我玩玩李三光,情怀,正面
2783,2783,2026-02-27,回来了！都回来了！味对了！,推荐,5.1,28,87,回来了 都回来了 味对了,情怀,正面
2784,2784,2026-02-27,爱爱爱爱爱爱 ds！,推荐,7.7,24,183,爱爱爱爱爱爱 ds,其他,正面
2785,2785,2026-02-27,第一章恐怖感拉满了✔️，对我个人而言这一部分超越生8人偶，音效真的给力✔️，整体的带入感也拉满了✔️,推荐,11.2,31,140,第一章恐怖感拉满了 对我个人而言这一部分超越生8人偶 音效真的给力 整体的带入感也拉满了,音效,正面
2786,2786,2026-02-27,好玩！！！！！期待卡普空重制更多老生化作品！！！！,推荐,9.8,18,27,好玩 期待卡普空重制更多老生化作品,情怀,正面
2787,2787,2026-02-27,认可,推荐,4.9,10,69,认可,其他,正面
2788,2788,2026-02-27,好玩刺激,推荐,9.8,2,161,好玩刺激,玩法,正面
2789,2789,2026-02-27,好玩，爱玩,推荐,13.6,2,11,好玩 爱玩,玩法,正面
2790,2790,2026-02-27,只要有里昂，那就给我玩爆,推荐,6.3,47,106,只要有里昂 那就给我玩爆,情怀,正面
2791,2791,2026-02-27,一过场就卡住然后就报错，查了一圈说是A卡适配问题，预购豪华版应得的报应，再预购游戏就是傻13,不推荐,0.4,29,138,一过场就卡住然后就报错 查了一圈说是A卡适配问题 预购豪华版应得的报应 再预购游戏就是傻13,优化,负面
2792,2792,2026-02-27,可以第一人称代入感很强 情怀拉满 优化也不错,推荐,3.4,36,45,可以第一人称代入感很强 情怀拉满 优化也不错,情怀,正面
2793,2793,2026-02-27,依旧子弹危机，格子危机，里昂纯爽游来的，卡普空不愧追踪我这么多年,推荐,6.2,44,103,依旧子弹危机 格子危机 里昂纯爽游来的 卡普空不愧追踪我这么多年,情怀,正面
2794,2794,2026-02-27,好玩,推荐,5.6,25,84,好玩,玩法,正面
2795,2795,2026-02-27,战斗爽的时候战斗爽 : ) 尿裤子的时候尿裤子 : (,推荐,13.1,16,25,战斗爽的时候战斗爽 尿裤子的时候尿裤子,玩法,正面
2796,2796,2026-02-27,牛逼,推荐,12.7,25,34,牛逼,其他,正面
2797,2797,2026-02-27,顶级好游戏，我用键鼠玩的,推荐,8.8,6,15,顶级好游戏 我用键鼠玩的,玩法,正面
2798,2798,2026-02-27,"leon：砍砍砍砍砍砍！磨刀！砍砍砍砍砍砍砍砍砍砍砍砍！战斗！爽！

grace：？啊啊啊啊啊啊啊哦操啊啊啊啊啊啊啊啊啊啊",推荐,8.8,49,158,leon 砍砍砍砍砍砍 磨刀 砍砍砍砍砍砍砍砍砍砍砍砍 战斗 爽 grace 啊啊啊啊啊啊啊哦操啊啊啊啊啊啊啊啊啊啊,玩法,正面
2799,2799,2026-02-27,我爱你,推荐,3.5,5,114,我爱你,其他,正面
2800,2800,2026-02-27,"好玩，谁说恐怖和动作不能同时兼顾的？
4060，2k中高画质原始帧率60多，补帧后120左右，很稳。
格丽斯线恐怖，里昂线的动作很帅。
本来这个好评应该是打完之后再给的，但中文区的玩家太tm魔怔了现在，给我看笑了，先给个好评拉拉评分。",推荐,8.6,14,73,好玩 谁说恐怖和动作不能同时兼顾的 4060 2k中高画质原始帧率60多 补帧后120左右 很稳 格丽斯线恐怖 里昂线的动作很帅 本来这个好评应该是打完之后再给的 但中文区的玩家太tm魔怔了现在 给我看笑了 先给个好评拉拉评分,玩法,正面
2801,2801,2026-02-27,通关格蕾丝疗养院部分，太爽了这地图设计,推荐,12.2,27,86,通关格蕾丝疗养院部分 太爽了这地图设计,玩法,正面
2802,2802,2026-02-27,好玩，优化没的说和荒野成反比,推荐,1.3,35,44,好玩 优化没的说和荒野成反比,优化,正面
2803,2803,2026-02-27,卡普空你妈死了，老子下了两天说想玩一下，给老子出bug，傻逼游戏,不推荐,0.2,49,58,卡普空你妈死了 老子下了两天说想玩一下 给老子出bug 傻逼游戏,优化,负面
2804,2804,2026-02-27,里昂给我砍的好爽有没有懂的~~~哦齁齁齁齁齁齁齁齁齁齁齁齁~~~,推荐,11.8,50,159,里昂给我砍的好爽有没有懂的 哦齁齁齁齁齁齁齁齁齁齁齁齁,玩法,正面
2805,2805,2026-02-27,格蕾丝线资源好少，给我解密和探索增加不少难度，而且感觉这代脏比的头是真的硬，打好几枪才死,推荐,5.1,27,36,格蕾丝线资源好少 给我解密和探索增加不少难度 而且感觉这代脏比的头是真的硬 打好几枪才死,玩法,正面
2806,2806,2026-02-27,卡婊，我的ds5手柄怎么用不了？,不推荐,1.3,50,109,卡婊 我的ds5手柄怎么用不了,其他,负面
2807,2807,2026-02-27,"格蕾丝太坐牢了吧！谁懂身上有两把手枪，枪里都没有子弹的无力感啊

但到里昂的回合又突突爽",推荐,12.5,40,199,格蕾丝太坐牢了吧 谁懂身上有两把手枪 枪里都没有子弹的无力感啊 但到里昂的回合又突突爽,玩法,正面
2808,2808,2026-02-27,很棒，尤其是带着耳机玩，恐怖效果绝佳,推荐,10.6,10,19,很棒 尤其是带着耳机玩 恐怖效果绝佳,音效,正面
2809,2809,2026-02-27,最伟大的一部生化危机,推荐,12.7,5,14,最伟大的一部生化危机,情怀,正面
2810,2810,2026-02-27,卧槽 确实好玩的不得了啊,推荐,11.7,25,84,卧槽 确实好玩的不得了啊,玩法,正面
2811,2811,2026-02-27,已被严肃吓哭，是汗吗？原来是尿,推荐,7.4,22,31,已被严肃吓哭 是汗吗 原来是尿,其他,正面
2812,2812,2026-02-27,里昂这小子最精了，明明才20岁留个胡子非说自己老了,推荐,12.6,2,111,里昂这小子最精了 明明才20岁留个胡子非说自己老了,情怀,正面
2813,2813,2026-02-27,"游戏是很不错的，不过ds手柄一点震动反馈都没有是何意味？？卡普空你怎么好意思写个支持的？？？
挂会差评再改",不推荐,12.5,27,36,游戏是很不错的 不过ds手柄一点震动反馈都没有是何意味 卡普空你怎么好意思写个支持的 挂会差评再改,音效,负面
2814,2814,2026-02-27,好评！,推荐,9.6,50,59,好评,其他,正面
2815,2815,2026-02-27,"白天打开窗帘玩玩就好·
晚上尽量换游戏过渡·
总体好评·值得入手·",推荐,10.0,6,115,白天打开窗帘玩玩就好 晚上尽量换游戏过渡 总体好评 值得入手,画面,正面
2816,2816,2026-02-27,格蕾丝部分太长了，玩了快5个小时，依旧在玩格蕾丝，依旧被丧失当狗打,推荐,11.1,50,109,格蕾丝部分太长了 玩了快5个小时 依旧在玩格蕾丝 依旧被丧失当狗打,玩法,正面
2817,2817,2026-02-27,"《生化危机：安魂曲》：情怀与创新交织的生存恐怖盛宴

一、游戏概述
《生化危机：安魂曲》作为生化危机系列30周年的献礼之作，延续了系列的生存恐怖基因，同时大胆融合动作元素。游戏采用双主角设定——FBI新人格蕾丝与系列经典角色里昂，两者以不同视角展开冒险。故事回归经典场景“浣熊市”，通过新剧情与老角色交织，为系列过往谜题给出官方解答，并铺垫未来发展方向。

二、核心玩法与体验
1. 双主角双体验，风格迥异：
   - 格蕾丝篇：侧重生存恐怖与解谜。玩家需扮演新手探员格蕾丝，在资源极度紧缺的疗养院中躲避丧尸。她战斗能力较弱，但能通过收集丧尸血液制作道具（如溶血剂瞬间消灭敌人），解谜环节注重环境互动与逻辑推理。她的恐惧反应真实，增强了代入感，适合喜欢紧张氛围与策略性资源管理的玩家。
   - 里昂篇：动作射击的爽快感。里昂回归采用第三人称视角，武器丰富（手枪、马格南、斧头等），新增“格挡反击”系统：精准时机格挡可触发强力反击，操作感极强。关卡设计为半开放世界，探索自由度更高，战斗节奏快，适合动作游戏爱好者。

2. 关卡与场景设计：
   - 浣熊市废墟与经典场景的重制充满情怀，细节还原度高，同时融入新机制（如丧尸保留生前记忆，行为模式更具策略性）。
   - 关卡结构紧凑，格蕾丝篇注重箱庭式解谜，里昂篇侧重开放区域探索与战斗，两者切换带来新鲜感。但部分评测指出双主角流程切换导致节奏割裂，需优化过渡。

3. 恐怖与动作的平衡：
   游戏成功将生存恐怖（资源管理、心理压力）与动作元素（爽快的战斗系统）结合。格蕾丝的弱势让玩家更注重潜行与策略，里昂的高机动性则提供解压式的战斗体验，两种风格互补。

三、画面与性能表现
- 次世代主机（如PS5、XSX）支持HDR、光线追踪及60帧稳定运行，画面细节与氛围渲染出色。
- NS2版优化良好，掌机模式增强恐怖沉浸感，但画质略有妥协。
- 技术亮点：丧尸的音波攻击、环境互动光影效果，以及HD震动带来的沉浸反馈。

四、剧情与世界观
- 对系列老粉丝极为友好：填补了浣熊市事件、保护伞公司等历史空白，为幻影师时代画上阶段性句号。新老角色成长与命运交织，剧情深度与情感浓度兼备。
- 新悬念的铺设也为后续作品埋下伏笔（暗示系列将进入“新阶段”）。
- 新角色格蕾丝塑造获好评，胆小却坚韧的性格引发玩家共鸣，成为系列女性角色塑造的突破。

五、媒体评价与争议
- 优点集中：双主角设计、情怀元素、技术表现、剧情收尾、战斗系统革新。
- 争议与不足：
  - 部分媒体批评节奏掌控不佳（格蕾丝/里昂流程切换生硬）。
  - 解谜设计被指陈旧，缺乏新意；BOSS战设计套路化，缺乏惊艳感。
  - 流程长度中等（约14小时），部分玩家认为内容量不足。

六、推荐建议
1. 适合人群：
   - 生化危机老粉丝：情怀拉满，剧情补完必玩。
   - 生存恐怖爱好者：格蕾丝篇提供经典恐怖体验。
   - 动作游戏玩家：里昂篇的高难度战斗值得挑战。

总结：瑕不掩瑜的系列里程碑
《生化危机：安魂曲》在传承与创新间找到了平衡点，双主角设计提供了多维度的游戏体验，剧情为系列历史做出阶段性总结，技术表现稳居一线。尽管存在节奏与部分设计上的瑕疵，但其对生化危机精神的延续与突破，足以使其成为粉丝必玩的里程碑之作。",推荐,13.0,9,118,生化危机 安魂曲 情怀与创新交织的生存恐怖盛宴 一 游戏概述 生化危机 安魂曲 作为生化危机系列30周年的献礼之作 延续了系列的生存恐怖基因 同时大胆融合动作元素 游戏采用双主角设定 FBI新人格蕾丝与系列经典角色里昂 两者以不同视角展开冒险 故事回归经典场景 浣熊市 通过新剧情与老角色交织 为系列过往谜题给出官方解答 并铺垫未来发展方向 二 核心玩法与体验 1 双主角双体验 风格迥异 格蕾丝篇 侧重生存恐怖与解谜 玩家需扮演新手探员格蕾丝 在资源极度紧缺的疗养院中躲避丧尸 她战斗能力较弱 但能通过收集丧尸血液制作道具 如溶血剂瞬间消灭敌人 解谜环节注重环境互动与逻辑推理 她的恐惧反应真实 增强了代入感 适合喜欢紧张氛围与策略性资源管理的玩家 里昂篇 动作射击的爽快感 里昂回归采用第三人称视角 武器丰富 手枪 马格南 斧头等 新增 格挡反击 系统 精准时机格挡可触发强力反击 操作感极强 关卡设计为半开放世界 探索自由度更高 战斗节奏快 适合动作游戏爱好者 2 关卡与场景设计 浣熊市废墟与经典场景的重制充满情怀 细节还原度高 同时融入新机制 如丧尸保留生前记忆 行为模式更具策略性 关卡结构紧凑 格蕾丝篇注重箱庭式解谜 里昂篇侧重开放区域探索与战斗 两者切换带来新鲜感 但部分评测指出双主角流程切换导致节奏割裂 需优化过渡 3 恐怖与动作的平衡 游戏成功将生存恐怖 资源管理 心理压力 与动作元素 爽快的战斗系统 结合 格蕾丝的弱势让玩家更注重潜行与策略 里昂的高机动性则提供解压式的战斗体验 两种风格互补 三 画面与性能表现 次世代主机 如PS5 XSX 支持HDR 光线追踪及60帧稳定运行 画面细节与氛围渲染出色 NS2版优化良好 掌机模式增强恐怖沉浸感 但画质略有妥协 技术亮点 丧尸的音波攻击 环境互动光影效果 以及HD震动带来的沉浸反馈 四 剧情与世界观 对系列老粉丝极为友好 填补了浣熊市事件 保护伞公司等历史空白 为幻影师时代画上阶段性句号 新老角色成长与命运交织 剧情深度与情感浓度兼备 新悬念的铺设也为后续作品埋下伏笔 暗示系列将进入 新阶段 新角色格蕾丝塑造获好评 胆小却坚韧的性格引发玩家共鸣 成为系列女性角色塑造的突破 五 媒体评价与争议 优点集中 双主角设计 情怀元素 技术表现 剧情收尾 战斗系统革新 争议与不足 部分媒体批评节奏掌控不佳 格蕾丝 里昂流程切换生硬 解谜设计被指陈旧 缺乏新意 BOSS战设计套路化 缺乏惊艳感 流程长度中等 约14小时 部分玩家认为内容量不足 六 推荐建议 1 适合人群 生化危机老粉丝 情怀拉满 剧情补完必玩 生存恐怖爱好者 格蕾丝篇提供经典恐怖体验 动作游戏玩家 里昂篇的高难度战斗值得挑战 总结 瑕不掩瑜的系列里程碑 生化危机 安魂曲 在传承与创新间找到了平衡点 双主角设计提供了多维度的游戏体验 剧情为系列历史做出阶段性总结 技术表现稳居一线 尽管存在节奏与部分设计上的瑕疵 但其对生化危机精神的延续与突破 足以使其成为粉丝必玩的里程碑之作,剧情,正面
2818,2818,2026-02-27,"❤看了半天女主没出来，看见里昂直接设了三大壶❤
里昂齁噢噢噢噢噢噢噢噢❤齁哦哦哦哦哦哦哦哦哦哦哦哦哦哦哦哦哦哦哦哦哦哦哦哦哦哦哦哦哦哦哦哦哦哦哦哦哦哦哦哦哦哦哦哦哦哦哦哦哦哦哦哦哦哦哦哦哦哦哦哦哦哦哦哦哦哦哦哦哦哦哦哦哦哦哦哦哦哦哦哦哦哦哦哦哦哦哦哦哦哦哦哦哦哦哦哦哦哦哦哦哦哦哦哦哦哦哦哦哦哦哦哦哦哦哦哦哦哦哦哦哦哦哦哦哦哦哦哦哦哦哦哦哦哦哦哦哦哦哦哦哦哦哦哦哦哦哦哦哦哦哦哦哦哦哦哦哦哦哦哦哦哦哦哦哦哦哦哦哦哦哦哦哦哦哦哦哦哦哦哦哦哦哦哦哦哦哦哦哦哦哦哦哦哦哦哦哦哦哦哦哦哦哦哦哦哦哦哦哦哦哦哦哦哦哦哦哦哦哦哦哦哦哦哦哦哦哦哦哦哦哦哦哦哦哦哦哦哦哦哦哦哦哦哦哦哦哦哦哦哦哦哦哦哦哦哦哦哦哦哦哦哦哦哦哦哦哦哦哦哦哦哦哦里昂❤齁哦哦哦哦哦哦哦哦哦哦哦哦哦哦哦哦哦哦哦哦哦",推荐,9.3,8,167,看了半天女主没出来 看见里昂直接设了三大壶 里昂齁噢噢噢噢噢噢噢噢 齁哦哦哦哦哦哦哦哦哦哦哦哦哦哦哦哦哦哦哦哦哦哦哦哦哦哦哦哦哦哦哦哦哦哦哦哦哦哦哦哦哦哦哦哦哦哦哦哦哦哦哦哦哦哦哦哦哦哦哦哦哦哦哦哦哦哦哦哦哦哦哦哦哦哦哦哦哦哦哦哦哦哦哦哦哦哦哦哦哦哦哦哦哦哦哦哦哦哦哦哦哦哦哦哦哦哦哦哦哦哦哦哦哦哦哦哦哦哦哦哦哦哦哦哦哦哦哦哦哦哦哦哦哦哦哦哦哦哦哦哦哦哦哦哦哦哦哦哦哦哦哦哦哦哦哦哦哦哦哦哦哦哦哦哦哦哦哦哦哦哦哦哦哦哦哦哦哦哦哦哦哦哦哦哦哦哦哦哦哦哦哦哦哦哦哦哦哦哦哦哦哦哦哦哦哦哦哦哦哦哦哦哦哦哦哦哦哦哦哦哦哦哦哦哦哦哦哦哦哦哦哦哦哦哦哦哦哦哦哦哦哦哦哦哦哦哦哦哦哦哦哦哦哦哦哦哦哦哦哦哦哦哦哦哦哦哦哦哦哦哦哦哦哦里昂 齁哦哦哦哦哦哦哦哦哦哦哦哦哦哦哦哦哦哦哦哦哦,情怀,正面
2819,2819,2026-02-27,这应该是系列最长主线了吧,推荐,13.8,1,60,这应该是系列最长主线了吧,剧情,正面
2820,2820,2026-02-27,三光还是三光啊,推荐,5.3,13,72,三光还是三光啊,情怀,正面
2821,2821,2026-02-27,"优化真不错，目前没有bug，美中不足就是pc上ds5这根本没适配啊


",推荐,2.9,26,85,优化真不错 目前没有bug 美中不足就是pc上ds5这根本没适配啊,优化,正面
2822,2822,2026-02-27,疗养院的体验简直太棒了,推荐,9.0,19,28,疗养院的体验简直太棒了,情怀,正面
2823,2823,2026-02-27,good,推荐,8.3,38,47,good,其他,正面
2824,2824,2026-02-27,卡普空对生化危机系列优化的都算不错了，7代和8代都没有首发预购，9代因为有帅里昂说啥也要豪华版预购支持一波，卡普空赶紧把维罗妮卡重置版端上来吧,推荐,1.9,30,89,卡普空对生化危机系列优化的都算不错了 7代和8代都没有首发预购 9代因为有帅里昂说啥也要豪华版预购支持一波 卡普空赶紧把维罗妮卡重置版端上来吧,情怀,正面
2825,2825,2026-02-27,我的大昂哥!!!,推荐,14.8,37,46,我的大昂哥,情怀,正面
2826,2826,2026-02-27,最好的一代生化危机,推荐,6.9,29,188,最好的一代生化危机,情怀,正面
2827,2827,2026-02-27,好玩！~冲,推荐,12.9,48,107,好玩 冲,玩法,正面
2828,2828,2026-02-27,非常好的游戏使我三色草药旋转,推荐,8.3,29,88,非常好的游戏使我三色草药旋转,情怀,正面
2829,2829,2026-02-27,诈骗，完全不支持DS手柄直说,不推荐,14.2,10,69,诈骗 完全不支持DS手柄直说,其他,负面
2830,2830,2026-02-27,还可以，算是上乘之作,推荐,9.9,37,146,还可以 算是上乘之作,其他,正面
2831,2831,2026-02-27,让生存恐怖游戏再次伟大,推荐,6.7,16,75,让生存恐怖游戏再次伟大,情怀,正面
2832,2832,2026-02-27,里昂 里昂嘿嘿嘿里昂❤️🤤,推荐,5.2,47,56,里昂 里昂嘿嘿嘿里昂,情怀,正面
2833,2833,2026-02-27,格蕾丝塑造的极其失败，失去了以为生化危机里面女性角色的冷静 坚强 聪明。武力值，被打造成了一个只会尖叫发抖的婊子，她在游戏里所展现的害怕怯懦不会让玩家产生任何的怜爱，心疼，只会觉得是个烦人的聒噪乌鸦，赶紧滚蛋切换到里昂,推荐,1.3,43,152,格蕾丝塑造的极其失败 失去了以为生化危机里面女性角色的冷静 坚强 聪明 武力值 被打造成了一个只会尖叫发抖的婊子 她在游戏里所展现的害怕怯懦不会让玩家产生任何的怜爱 心疼 只会觉得是个烦人的聒噪乌鸦 赶紧滚蛋切换到里昂,剧情,正面
2834,2834,2026-02-27,好玩爱玩,推荐,10.5,46,55,好玩爱玩,玩法,正面
2835,2835,2026-02-27,太棒了,推荐,10.7,28,137,太棒了,其他,正面
2836,2836,2026-02-27,能用体术的生化就是好生化,推荐,14.3,47,206,能用体术的生化就是好生化,玩法,正面
2837,2837,2026-02-27,为什么我5070一开光追黑的地方就会变得很光亮 是光追的bug吗,推荐,1.7,34,93,为什么我5070一开光追黑的地方就会变得很光亮 是光追的bug吗,画面,正面
2838,2838,2026-02-27,或者就是为了生化危机,推荐,8.8,25,84,或者就是为了生化危机,情怀,正面
2839,2839,2026-02-27,"好玩! 格蕾丝线太恐怖了, 比四代艾什莉篇还恐怖一个档次。里昂线又十分帅气, 手感好。当两条线交汇的时候能自然而然的感受到里昂的塑造就该是这个味。近年来终于有优化好 恐怖感足 资源合理 情怀满分的恐怖游戏佳作了!",推荐,3.6,46,105,好玩 格蕾丝线太恐怖了 比四代艾什莉篇还恐怖一个档次 里昂线又十分帅气 手感好 当两条线交汇的时候能自然而然的感受到里昂的塑造就该是这个味 近年来终于有优化好 恐怖感足 资源合理 情怀满分的恐怖游戏佳作了,情怀,正面
2840,2840,2026-02-27,"爱了
就是偷跑的玩的跟帕金森患者一样，看着血压大",推荐,13.1,30,39,爱了 就是偷跑的玩的跟帕金森患者一样 看着血压大,玩法,正面
2841,2841,2026-02-27,作为从《生化1》一路玩到现在的老玩家，说实话，《生化9》最打动我的不是画面升级，也不是新系统，而是那种久违的“生存恐惧感”。那种开门前要深吸一口气、子弹永远不够用、存档点像救命稻草的感觉，又回来了。它不像《生化4》那样彻底动作化，也不像《生化6》那样失控，而是更接近《生化1重制版》和《生化7》的那种压抑与克制。玩着玩着会突然意识到：原来自己已经跟这个系列走了这么多年。从固定镜头到越肩，再到第一人称，再到现在的融合尝试，它一直在变，但内核那股“在绝望中挣扎求生”的味道没变。,推荐,6.5,4,113,作为从 生化1 一路玩到现在的老玩家 说实话 生化9 最打动我的不是画面升级 也不是新系统 而是那种久违的 生存恐惧感 那种开门前要深吸一口气 子弹永远不够用 存档点像救命稻草的感觉 又回来了 它不像 生化4 那样彻底动作化 也不像 生化6 那样失控 而是更接近 生化1重制版 和 生化7 的那种压抑与克制 玩着玩着会突然意识到 原来自己已经跟这个系列走了这么多年 从固定镜头到越肩 再到第一人称 再到现在的融合尝试 它一直在变 但内核那股 在绝望中挣扎求生 的味道没变,情怀,正面
2842,2842,2026-02-27,TGA年度最佳游戏在二月底就已经揭晓了[狗头],推荐,5.9,44,203,TGA年度最佳游戏在二月底就已经揭晓了 狗头,其他,正面
2843,2843,2026-02-27,我认为这时生化危机系列中非常不错的一款，即包括了恐怖线也有动作线，非常值得一玩，这也是我第一次去预购生化危机系列的游戏，虽然是个生化危机的老粉，但每次都是等到打折的时候才会入手，这次的购买体验非常的好，也很希望大家可以体验这款游戏,推荐,3.1,29,38,我认为这时生化危机系列中非常不错的一款 即包括了恐怖线也有动作线 非常值得一玩 这也是我第一次去预购生化危机系列的游戏 虽然是个生化危机的老粉 但每次都是等到打折的时候才会入手 这次的购买体验非常的好 也很希望大家可以体验这款游戏,情怀,正面
2844,2844,2026-02-27,永远的生化危机，从小时候就开始喜欢,推荐,12.3,29,188,永远的生化危机 从小时候就开始喜欢,情怀,正面
2845,2845,2026-02-27,"好玩爱玩
",推荐,8.8,7,116,好玩爱玩,玩法,正面
2846,2846,2026-02-27,尼玛，电锯仇恨也太大了吧，掉地上还一直打我，丧尸想帮忙都拉不住,推荐,7.6,17,76,尼玛 电锯仇恨也太大了吧 掉地上还一直打我 丧尸想帮忙都拉不住,玩法,正面
2847,2847,2026-02-27,还没开始玩就bug了  直接进都进去不,不推荐,2.0,3,162,还没开始玩就bug了 直接进都进去不,优化,负面
2848,2848,2026-02-27,"女主性能超差，历代生化有战斗力的角色里都时最差的那一档，还资源少，僵尸攻击判定强，还会身后刷新僵尸，历代最速TP僵尸。

假死僵尸，有子弹都无法无法攻击，要靠近，然后僵尸秒复活，还有1米的距离都直接秒瞬移过来强行被咬。

正前方3个僵尸，正中间的已经硬直出现处决按键，结果靠近时都已经连点处决了，在他身后，还隔开一个身位的僵尸，反而瞬移过来进入被咬QTE，僵尸撕咬判定，比女主的处决键触发判定还优先，就离谱。

电锯掉地上去拿会被割伤，但是僵尸一个个赶着去拿还不会受伤，李三光身手甚至不如僵尸，以确认安全的墙角，没有僵尸的尸体，结果只有柜子和柱子遮挡，没有门也没有窗，我清完眼前的僵尸，居然还能给我刷3个新僵尸出来。

而且你个单机游戏反什么作弊，何意味。",不推荐,9.0,36,195,女主性能超差 历代生化有战斗力的角色里都时最差的那一档 还资源少 僵尸攻击判定强 还会身后刷新僵尸 历代最速TP僵尸 假死僵尸 有子弹都无法无法攻击 要靠近 然后僵尸秒复活 还有1米的距离都直接秒瞬移过来强行被咬 正前方3个僵尸 正中间的已经硬直出现处决按键 结果靠近时都已经连点处决了 在他身后 还隔开一个身位的僵尸 反而瞬移过来进入被咬QTE 僵尸撕咬判定 比女主的处决键触发判定还优先 就离谱 电锯掉地上去拿会被割伤 但是僵尸一个个赶着去拿还不会受伤 李三光身手甚至不如僵尸 以确认安全的墙角 没有僵尸的尸体 结果只有柜子和柱子遮挡 没有门也没有窗 我清完眼前的僵尸 居然还能给我刷3个新僵尸出来 而且你个单机游戏反什么作弊 何意味,玩法,负面
2849,2849,2026-02-27,游戏刚开始玩，先就游戏的优化给个好评，这游戏优化是真心nb,推荐,6.7,17,176,游戏刚开始玩 先就游戏的优化给个好评 这游戏优化是真心nb,优化,正面
2850,2850,2026-02-27,"好玩
",推荐,3.8,29,138,好玩,玩法,正面
2851,2851,2026-02-27,优化很好，就是格蕾丝流程太吓人了，风大快点更新啊我要进入宗门！！,推荐,9.4,12,21,优化很好 就是格蕾丝流程太吓人了 风大快点更新啊我要进入宗门,优化,正面
2852,2852,2026-02-27,游戏内容剧情方面还是可以的，但是我显示器是2560*1600的，比例不适配，我之前玩2和4重置和8都有适配，都可以开到2560*1600，但是今天搞了半天也只能开1080p，真的让我玩的很难受，和2k差太多了画面，希望尽快优化,不推荐,2.7,31,190,游戏内容剧情方面还是可以的 但是我显示器是2560 1600的 比例不适配 我之前玩2和4重置和8都有适配 都可以开到2560 1600 但是今天搞了半天也只能开1080p 真的让我玩的很难受 和2k差太多了画面 希望尽快优化,画面,负面
2853,2853,2026-02-27,可以可以,推荐,4.5,37,46,可以可以,其他,正面
2854,2854,2026-02-27,进不去游戏一直奔溃就不说了，游戏里也奔溃，开启帧生成也奔溃，然后画面还有模糊颗粒感，是不是忘记把你m的胶片颗粒设置上了？以及动作玩的特别卡顿，你空气墙设置的像是监牢你m一样。,不推荐,12.3,29,38,进不去游戏一直奔溃就不说了 游戏里也奔溃 开启帧生成也奔溃 然后画面还有模糊颗粒感 是不是忘记把你m的胶片颗粒设置上了 以及动作玩的特别卡顿 你空气墙设置的像是监牢你m一样,优化,负面
2855,2855,2026-02-27,格蕾丝我畏畏缩缩，将偷鸡摸狗发挥极致。李昂我体术出击，磨刀霍霍向众生。,推荐,10.7,31,190,格蕾丝我畏畏缩缩 将偷鸡摸狗发挥极致 李昂我体术出击 磨刀霍霍向众生,玩法,正面
2856,2856,2026-02-27,杀软卡普空，劳资5080进去卡在主界面，模型丢失，真是司马了,不推荐,5.1,9,68,杀软卡普空 劳资5080进去卡在主界面 模型丢失 真是司马了,优化,负面
2857,2857,2026-02-27,"8/10
中规中矩的生化预制菜，没有太多亮点，但胜在便宜大碗。坏消息卡普空整不出新活了，一天天只能缝合以前的玩法，好消息把能缝的都缝了
先说优点：优化不错，帧数稳定，没有出现崩溃卡死现象，美术是亮点。女主很漂亮。是生化前作玩家可以体验到情怀，玩法多样化，从潜行关到战斗爽应有尽有， 最适合新人入坑，绝对能玩的津津有味
再说缺点：
1.人物操作手感不爽利。女主好歹是FBI，就算是文职，体力竟然如此拉稀。被怪追时连滚带爬，探索中走得慢，蹲得慢，跑得更慢，走两步还喘得像头牛。本来背包就小，经常要往返存档点来放置东西，手感做得这么不爽利想干嘛，对比之下女大出身的克莱尔利落得像个女武神
2.塑造不好，就算女主目睹老妈死了+从小到大一直在搬家没什么社交，但应该不至于对上谁都畏畏缩缩的。开局对上警察时畏手畏脚，后面跟小女孩说话断断续续。我特地看了一下建模确实是白女啊，你不说我还以为是不安樱花妹呢
3.玩法都缝了，广度是有了，那深度呢？
开局给我玻璃瓶，我以为可以像恶灵附身一样，丢到怪附近把怪引过去，或者丢怪脸上正面暗杀。但是都没有，前期火力不足玻璃瓶还给的贼少，我试了两次才发现不行，后面才告诉我是做燃烧瓶用的
里昂可以在战斗中投掷斧头，是秒杀的，但是卡普空你有没有发现一个问题，那就是怪那么多玩家手忙脚乱根本没时间扔斧头。只能在激烈战斗后看到满地斧头，相比之下恶灵附身的怪一般是一波一波出的，还可以把斧头拿在手上，下一波再遇到怪直接秒一个
4.游戏氛围不统一，潜行和战斗爽没平衡好
生化前作有没有潜行和战斗爽结合，有。生4的碍事梨和里昂，生8的伊森和克里斯。但是你有没有发现，前者身份普通所以必须潜行很合理，不想让女主战斗爽，你就把FBI这个设定去了，告诉我们女主就是个普通人，为了调查母亲死亡偷偷潜入事故现场，结果卷入这场烂摊子事
其次你别让潜行和战斗爽有这么强的割裂感，这边女主小心翼翼，躲怪绕路就为了省两颗子弹，那边里昂不演了，《重生浣熊市之我随身携带美军军火库》，杀怪赚点数换物资升级军火继续杀怪，我记得女主和里昂都是为美国政府服务的，咋女主就像个后娘养的？
（哦对了，你们这个点数ui是哪位高人做得，我还以为我打开的是二游合成系统）
还有你让里昂战斗爽也行，但你那个叫战斗爽吗，叫堆怪逼玩家用霰弹枪。生4你们做村民关，那怪也是一波一波刷出来的，还有个不错的地形供玩家跑，还可以先用狙击枪点名，相反这作就是狭窄地形从地里突然冒出一堆怪，你要是有喷火器、榴弹枪、爆炸箭之类的范围伤害武器，那也算是战斗爽，可惜都没有
还有这两关如果都有，最好弹药别通用，我玩女主冒着生命危险到处吸血，省吃俭用抠出来的马格南，里昂被逼急了全打完了，你懂我那场战斗后的心情吗
5.惊吓桥段真的重复了，卡普空也是没活了，一天天的找保险丝、找电源、找钥匙、找曲柄、找扳手、找电池、找零件、找血清、恢复供电、修理机器、合成弹药、制作疫苗，我愿称之为《我在恐怖游戏里通马桶》
还有惊吓桥段一次就够了，剧情里有个丧尸流水线，女主凑太近会被丧尸抱，真的抱一次就够了，凑近一次触发一次他不烦我烦了
还有你是恐怖游戏，多余的动作系统会破坏氛围，里昂都这个岁数了，劈蛛丝还要举着斧头转一圈，何意味
最后这个游戏我还是推荐的，中规中矩，虽然味道不是很出众，但起码没有喂答辩。多年后再次回到浣熊市，可里昂已经不是那个年轻的小警察了，看到这里我真是五味杂陈，卡普空卖情怀确实有一套的，预购豪华版我不后悔",推荐,9.6,2,111,8 10 中规中矩的生化预制菜 没有太多亮点 但胜在便宜大碗 坏消息卡普空整不出新活了 一天天只能缝合以前的玩法 好消息把能缝的都缝了 先说优点 优化不错 帧数稳定 没有出现崩溃卡死现象 美术是亮点 女主很漂亮 是生化前作玩家可以体验到情怀 玩法多样化 从潜行关到战斗爽应有尽有 最适合新人入坑 绝对能玩的津津有味 再说缺点 1 人物操作手感不爽利 女主好歹是FBI 就算是文职 体力竟然如此拉稀 被怪追时连滚带爬 探索中走得慢 蹲得慢 跑得更慢 走两步还喘得像头牛 本来背包就小 经常要往返存档点来放置东西 手感做得这么不爽利想干嘛 对比之下女大出身的克莱尔利落得像个女武神 2 塑造不好 就算女主目睹老妈死了 从小到大一直在搬家没什么社交 但应该不至于对上谁都畏畏缩缩的 开局对上警察时畏手畏脚 后面跟小女孩说话断断续续 我特地看了一下建模确实是白女啊 你不说我还以为是不安樱花妹呢 3 玩法都缝了 广度是有了 那深度呢 开局给我玻璃瓶 我以为可以像恶灵附身一样 丢到怪附近把怪引过去 或者丢怪脸上正面暗杀 但是都没有 前期火力不足玻璃瓶还给的贼少 我试了两次才发现不行 后面才告诉我是做燃烧瓶用的 里昂可以在战斗中投掷斧头 是秒杀的 但是卡普空你有没有发现一个问题 那就是怪那么多玩家手忙脚乱根本没时间扔斧头 只能在激烈战斗后看到满地斧头 相比之下恶灵附身的怪一般是一波一波出的 还可以把斧头拿在手上 下一波再遇到怪直接秒一个 4 游戏氛围不统一 潜行和战斗爽没平衡好 生化前作有没有潜行和战斗爽结合 有 生4的碍事梨和里昂 生8的伊森和克里斯 但是你有没有发现 前者身份普通所以必须潜行很合理 不想让女主战斗爽 你就把FBI这个设定去了 告诉我们女主就是个普通人 为了调查母亲死亡偷偷潜入事故现场 结果卷入这场烂摊子事 其次你别让潜行和战斗爽有这么强的割裂感 这边女主小心翼翼 躲怪绕路就为了省两颗子弹 那边里昂不演了 重生浣熊市之我随身携带美军军火库 杀怪赚点数换物资升级军火继续杀怪 我记得女主和里昂都是为美国政府服务的 咋女主就像个后娘养的 哦对了 你们这个点数ui是哪位高人做得 我还以为我打开的是二游合成系统 还有你让里昂战斗爽也行 但你那个叫战斗爽吗 叫堆怪逼玩家用霰弹枪 生4你们做村民关 那怪也是一波一波刷出来的 还有个不错的地形供玩家跑 还可以先用狙击枪点名 相反这作就是狭窄地形从地里突然冒出一堆怪 你要是有喷火器 榴弹枪 爆炸箭之类的范围伤害武器 那也算是战斗爽 可惜都没有 还有这两关如果都有 最好弹药别通用 我玩女主冒着生命危险到处吸血 省吃俭用抠出来的马格南 里昂被逼急了全打完了 你懂我那场战斗后的心情吗 5 惊吓桥段真的重复了 卡普空也是没活了 一天天的找保险丝 找电源 找钥匙 找曲柄 找扳手 找电池 找零件 找血清 恢复供电 修理机器 合成弹药 制作疫苗 我愿称之为 我在恐怖游戏里通马桶 还有惊吓桥段一次就够了 剧情里有个丧尸流水线 女主凑太近会被丧尸抱 真的抱一次就够了 凑近一次触发一次他不烦我烦了 还有你是恐怖游戏 多余的动作系统会破坏氛围 里昂都这个岁数了 劈蛛丝还要举着斧头转一圈 何意味 最后这个游戏我还是推荐的 中规中矩 虽然味道不是很出众 但起码没有喂答辩 多年后再次回到浣熊市 可里昂已经不是那个年轻的小警察了 看到这里我真是五味杂陈 卡普空卖情怀确实有一套的 预购豪华版我不后悔,玩法,正面
2858,2858,2026-02-27,不赖,推荐,9.9,36,195,不赖,其他,正面
2859,2859,2026-02-27,好玩,推荐,4.9,2,111,好玩,玩法,正面
2860,2860,2026-02-27,我宣布，这游戏天下无敌,推荐,13.5,32,191,我宣布 这游戏天下无敌,其他,正面
2861,2861,2026-02-27,还行,推荐,5.1,18,127,还行,其他,正面
2862,2862,2026-02-27,原来是个莫名其妙的男人啊，不知道的还以为是1998年生化危机2以新人警察身份出场，在浣熊市遭遇丧尸危机，与女学生克莱尔搭档救出雪莉柏肯，并通过艾达王协助，击败暴君和G病毒感染体威廉柏肯，一路过关斩将终于逃出浣熊市。然后为了保护雪莉柏肯自愿和美国政府达成协议，经过地狱一般的培训成为顶尖特工，然后经历一系列任务，在2005年的生化危机4里为了调查总统女儿失踪案来到西班牙，发现其中有巨大阴谋，在艾达王以及路易斯的协助下，清除自己及总统女儿的寄生虫，并破坏阴谋救出总统女儿在政府内部名声大噪，期间在电影生化危机诅咒和恶化里多次对抗生化，并被下一任总统亚当重用，志同意合决定揭露浣熊市真相，但总统被以首席国家安全顾问西蒙斯为首的神秘家族刺杀，并诬陷自己为凶手，而老朋友艾达似乎也遭遇了问题，最终不断的逃亡和调查终于击败西蒙斯并证明一身清白。然后因为其形象在游戏界深受欢迎，2009年，任天堂力量将他列为他们第14位最喜爱的任天堂游戏英雄。在2011年的吉尼斯世界纪录玩家版中，被投票成为最佳电子游戏人物的第36位。2012年，在GamesRadar的电子游戏中“最有影响力和最无法无天”的英雄投票中，位列第11位。在《帝国杂志》的50大电子游戏人物名单中，排名第44位里昂.斯科特.肯尼迪呢。差点误会了。,推荐,8.8,22,31,原来是个莫名其妙的男人啊 不知道的还以为是1998年生化危机2以新人警察身份出场 在浣熊市遭遇丧尸危机 与女学生克莱尔搭档救出雪莉柏肯 并通过艾达王协助 击败暴君和G病毒感染体威廉柏肯 一路过关斩将终于逃出浣熊市 然后为了保护雪莉柏肯自愿和美国政府达成协议 经过地狱一般的培训成为顶尖特工 然后经历一系列任务 在2005年的生化危机4里为了调查总统女儿失踪案来到西班牙 发现其中有巨大阴谋 在艾达王以及路易斯的协助下 清除自己及总统女儿的寄生虫 并破坏阴谋救出总统女儿在政府内部名声大噪 期间在电影生化危机诅咒和恶化里多次对抗生化 并被下一任总统亚当重用 志同意合决定揭露浣熊市真相 但总统被以首席国家安全顾问西蒙斯为首的神秘家族刺杀 并诬陷自己为凶手 而老朋友艾达似乎也遭遇了问题 最终不断的逃亡和调查终于击败西蒙斯并证明一身清白 然后因为其形象在游戏界深受欢迎 2009年 任天堂力量将他列为他们第14位最喜爱的任天堂游戏英雄 在2011年的吉尼斯世界纪录玩家版中 被投票成为最佳电子游戏人物的第36位 2012年 在GamesRadar的电子游戏中 最有影响力和最无法无天 的英雄投票中 位列第11位 在 帝国杂志 的50大电子游戏人物名单中 排名第44位里昂 斯科特 肯尼迪呢 差点误会了,剧情,正面
2863,2863,2026-02-27,好玩到爆炸！,推荐,11.0,30,139,好玩到爆炸,玩法,正面
2864,2864,2026-02-27,好玩好玩好玩,推荐,12.1,16,175,好玩好玩好玩,玩法,正面
2865,2865,2026-02-27,不是说好不吓人吗，老子在疗养院人都被吓成孙子了,推荐,7.7,18,77,不是说好不吓人吗 老子在疗养院人都被吓成孙子了,剧情,正面
2866,2866,2026-02-27,好玩是好玩啊，但CAPCOM你是忘不了你那个倒霉保险丝了。,推荐,8.1,14,173,好玩是好玩啊 但CAPCOM你是忘不了你那个倒霉保险丝了,玩法,正面
2867,2867,2026-02-27,玩了几个小时感觉格蕾丝部分解谜比较多有点像生2生7结合体，里昂部分就更像生4，新体术帅炸了。不知道这部结束之后以后什么时候还能看到里昂登场了😭😭😭还有卡普空什么时候重置生化六？,推荐,4.4,20,129,玩了几个小时感觉格蕾丝部分解谜比较多有点像生2生7结合体 里昂部分就更像生4 新体术帅炸了 不知道这部结束之后以后什么时候还能看到里昂登场了 还有卡普空什么时候重置生化六,情怀,正面
2868,2868,2026-02-27,牛逼,推荐,8.9,27,136,牛逼,其他,正面
2869,2869,2026-02-27,爽爽爽：草莓夸：：草莓夸：：草莓夸：,推荐,12.0,45,104,爽爽爽 草莓夸 草莓夸 草莓夸,其他,正面
2870,2870,2026-02-27,让生存恐怖再次伟大,推荐,8.0,38,197,让生存恐怖再次伟大,情怀,正面
2871,2871,2026-02-27,原来是个莫名其妙的男人啊，不知道的还以为是1998年生化危机2以新人警察身份出场，在浣熊市遭遇丧尸危机，与女学生克莱尔搭档救出雪莉柏肯，并通过艾达王协助，击败暴君和G病毒感染体威廉柏肯，一路过关斩将终于逃出浣熊市。然后为了保护雪莉柏肯自愿和美国政府达成协议，经过地狱一般的培训成为顶尖特工，然后经历一系列任务，在2005年的生化危机4里为了调查总统女儿失踪案来到西班牙，发现其中有巨大阴谋，在艾达王以及路易斯的协助下，清除自己及总统女儿的寄生虫，并破坏阴谋救出总统女儿在政府内部名声大噪，期间在电影生化危机诅咒和恶化里多次对抗生化，并被下一任总统亚当重用，志同意合决定揭露浣熊市真相，但总统被以首席国家安全顾问西蒙斯为首的神秘家族刺杀，并诬陷自己为凶手，而老朋友艾达似乎也遭遇了问题，最终不断的逃亡和调查终于击败西蒙斯并证明一身清白。然后因为其形象在游戏界深受欢迎，2009年，任天堂力量将他列为他们第14位最喜爱的任天堂游戏英雄。在2011年的吉尼斯世界纪录玩家版中，被投票成为最佳电子游戏人物的第36位。2012年，在GamesRadar的电子游戏中“最有影响力和最无法无天”的英雄投票中，位列第11位。在《帝国杂志》的50大电子游戏人物名单中，排名第44位里昂.斯科特.肯尼迪呢。差点误会了,推荐,7.5,14,23,原来是个莫名其妙的男人啊 不知道的还以为是1998年生化危机2以新人警察身份出场 在浣熊市遭遇丧尸危机 与女学生克莱尔搭档救出雪莉柏肯 并通过艾达王协助 击败暴君和G病毒感染体威廉柏肯 一路过关斩将终于逃出浣熊市 然后为了保护雪莉柏肯自愿和美国政府达成协议 经过地狱一般的培训成为顶尖特工 然后经历一系列任务 在2005年的生化危机4里为了调查总统女儿失踪案来到西班牙 发现其中有巨大阴谋 在艾达王以及路易斯的协助下 清除自己及总统女儿的寄生虫 并破坏阴谋救出总统女儿在政府内部名声大噪 期间在电影生化危机诅咒和恶化里多次对抗生化 并被下一任总统亚当重用 志同意合决定揭露浣熊市真相 但总统被以首席国家安全顾问西蒙斯为首的神秘家族刺杀 并诬陷自己为凶手 而老朋友艾达似乎也遭遇了问题 最终不断的逃亡和调查终于击败西蒙斯并证明一身清白 然后因为其形象在游戏界深受欢迎 2009年 任天堂力量将他列为他们第14位最喜爱的任天堂游戏英雄 在2011年的吉尼斯世界纪录玩家版中 被投票成为最佳电子游戏人物的第36位 2012年 在GamesRadar的电子游戏中 最有影响力和最无法无天 的英雄投票中 位列第11位 在 帝国杂志 的50大电子游戏人物名单中 排名第44位里昂 斯科特 肯尼迪呢 差点误会了,剧情,正面
2872,2872,2026-02-27,"这优化，这电影版的画面，这僵尸做的，必须好评！！！

忘了说了，这次优化的这么好么？在SteamDeck上开高效果都这么棒。。。活该你好评如潮",推荐,9.2,8,17,这优化 这电影版的画面 这僵尸做的 必须好评 忘了说了 这次优化的这么好么 在SteamDeck上开高效果都这么棒 活该你好评如潮,画面,正面
2873,2873,2026-02-27,优化很好,推荐,8.8,44,103,优化很好,优化,正面
2874,2874,2026-02-27,很难想象26年的游戏在50系身上得不到一点正反馈，先不说你那构思的建模质量，场景一会暗一会亮的何意味呢，甚至画质不是全高tm还时不时卡顿掉帧，你tm给pc做优化了吗你就上，和一些up的ps端对比才发现pc纯小丑呗，花了大半小时改画质，结果一翻pc都有这问题，真tm神了。,不推荐,1.0,30,39,很难想象26年的游戏在50系身上得不到一点正反馈 先不说你那构思的建模质量 场景一会暗一会亮的何意味呢 甚至画质不是全高tm还时不时卡顿掉帧 你tm给pc做优化了吗你就上 和一些up的ps端对比才发现pc纯小丑呗 花了大半小时改画质 结果一翻pc都有这问题 真tm神了,优化,负面
2875,2875,2026-02-27,帅里昂帅,推荐,9.8,16,125,帅里昂帅,情怀,正面
2876,2876,2026-02-27,不支持dualsense你标你🐎呢,不推荐,8.8,7,66,不支持dualsense你标你 呢,其他,负面
2877,2877,2026-02-27, 冲就完了，100分给101吧,推荐,10.4,19,128,冲就完了 100分给101吧,情怀,正面
2878,2878,2026-02-27,为什么我4k拉满画面这么糊，开头的雨天那渲染认真的吗，画面还不如生化4re清晰，什么鬼，这是dlss质量档该有的画面？,不推荐,11.9,50,209,为什么我4k拉满画面这么糊 开头的雨天那渲染认真的吗 画面还不如生化4re清晰 什么鬼 这是dlss质量档该有的画面,画面,负面
2879,2879,2026-02-27,一般,不推荐,4.5,9,168,一般,其他,负面
2880,2880,2026-02-27,完全进不去，同样的问题和问题报告官方肯定已经收到了，网上说的什么hid.dll和内存也根本不是那回事，全都靠玩家和看加速器广告瞎猜，明天还解决不了就一直差评,不推荐,11.5,16,125,完全进不去 同样的问题和问题报告官方肯定已经收到了 网上说的什么hid dll和内存也根本不是那回事 全都靠玩家和看加速器广告瞎猜 明天还解决不了就一直差评,优化,负面
2881,2881,2026-02-27,可以可以,推荐,6.7,23,32,可以可以,其他,正面
2882,2882,2026-02-27,我去了上来就逃生 吓死宝宝了,推荐,4.4,8,117,我去了上来就逃生 吓死宝宝了,玩法,正面
2883,2883,2026-02-27,视角转换太棒了，但是第一人称不好走位，细节很好，小刀连头盖骨都可以切碎。,推荐,7.8,24,133,视角转换太棒了 但是第一人称不好走位 细节很好 小刀连头盖骨都可以切碎,玩法,正面
2884,2884,2026-02-27,这一作格蕾丝视角的恐怖氛围，我认为不亚于生2重制版，挺好玩的希望dlc不会让我失望,推荐,8.5,41,200,这一作格蕾丝视角的恐怖氛围 我认为不亚于生2重制版 挺好玩的希望dlc不会让我失望,玩法,正面
2885,2885,2026-02-27,等待都是值得的,推荐,5.9,49,208,等待都是值得的,情怀,正面
2886,2886,2026-02-27,卡婊没让我失望，三百多花的值,推荐,4.9,12,21,卡婊没让我失望 三百多花的值,价格,正面
2887,2887,2026-02-27,原来是个莫名其妙的男人啊，不知道的还以为是1998年生化危机2以新人警察身份出场，在浣熊市遭遇丧尸危机，与女学生克莱尔搭档救出雪莉柏肯，并通过艾达王协助，击败暴君和G病毒感染体威廉柏肯，一路过关斩将终于逃出浣熊市。然后为了保护雪莉柏肯自愿和美国政府达成协议，经过地狱一般的培训成为顶尖特工，然后经历一系列任务，在2005年的生化危机4里为了调查总统女儿失踪案来到西班牙，发现其中有巨大阴谋，在艾达王以及路易斯的协助下，清除自己及总统女儿的寄生虫，并破坏阴谋救出总统女儿在政府内部名声大噪，期间在电影生化危机诅咒和恶化里多次对抗生化，并被下一任总统亚当重用，志同意合决定揭露浣熊市真相，但总统被以首席国家安全顾问西蒙斯为首的神秘家族刺杀，并诬陷自己为凶手，而老朋友艾达似乎也遭遇了问题，最终不断的逃亡和调查终于击败西蒙斯并证明一身清白。然后因为其形象在游戏界深受欢迎，2009年，任天堂力量将他列为他们第14位最喜爱的任天堂游戏英雄。在2011年的吉尼斯世界纪录玩家版中，被投票成为最佳电子游戏人物的第36位。2012年，在GamesRadar的电子游戏中“最有影响力和最无法无天”的英雄投票中，位列第11位。在《帝国杂志》的50大电子游戏人物名单中，排名第44位里昂.斯科特.肯尼迪呢。差点误会了。,推荐,9.3,8,67,原来是个莫名其妙的男人啊 不知道的还以为是1998年生化危机2以新人警察身份出场 在浣熊市遭遇丧尸危机 与女学生克莱尔搭档救出雪莉柏肯 并通过艾达王协助 击败暴君和G病毒感染体威廉柏肯 一路过关斩将终于逃出浣熊市 然后为了保护雪莉柏肯自愿和美国政府达成协议 经过地狱一般的培训成为顶尖特工 然后经历一系列任务 在2005年的生化危机4里为了调查总统女儿失踪案来到西班牙 发现其中有巨大阴谋 在艾达王以及路易斯的协助下 清除自己及总统女儿的寄生虫 并破坏阴谋救出总统女儿在政府内部名声大噪 期间在电影生化危机诅咒和恶化里多次对抗生化 并被下一任总统亚当重用 志同意合决定揭露浣熊市真相 但总统被以首席国家安全顾问西蒙斯为首的神秘家族刺杀 并诬陷自己为凶手 而老朋友艾达似乎也遭遇了问题 最终不断的逃亡和调查终于击败西蒙斯并证明一身清白 然后因为其形象在游戏界深受欢迎 2009年 任天堂力量将他列为他们第14位最喜爱的任天堂游戏英雄 在2011年的吉尼斯世界纪录玩家版中 被投票成为最佳电子游戏人物的第36位 2012年 在GamesRadar的电子游戏中 最有影响力和最无法无天 的英雄投票中 位列第11位 在 帝国杂志 的50大电子游戏人物名单中 排名第44位里昂 斯科特 肯尼迪呢 差点误会了,剧情,正面
2888,2888,2026-02-27,"好玩，各方面都很优秀的游戏。
里昂太帅了，grace需要再玩玩看。",推荐,6.3,30,139,好玩 各方面都很优秀的游戏 里昂太帅了 grace需要再玩玩看,情怀,正面
2889,2889,2026-02-27,6666666,推荐,6.3,43,152,6666666,其他,正面
2890,2890,2026-02-27,香,推荐,9.3,45,54,香,其他,正面
2891,2891,2026-02-27,太好玩了，比7代的代入感还强，疗养院顶级关卡,推荐,11.6,38,197,太好玩了 比7代的代入感还强 疗养院顶级关卡,玩法,正面
2892,2892,2026-02-27,爽啊,推荐,12.2,30,139,爽啊,其他,正面
2893,2893,2026-02-27,好玩,推荐,9.2,30,139,好玩,玩法,正面
2894,2894,2026-02-27,玩了开头，我感觉这可能是生化危机集大成之作。真的好玩而且优化真的不错，我觉得美中不足的就是里昂砍丧尸和体术的时候打击感一般，有点僵直，别的没毛,推荐,5.5,39,48,玩了开头 我感觉这可能是生化危机集大成之作 真的好玩而且优化真的不错 我觉得美中不足的就是里昂砍丧尸和体术的时候打击感一般 有点僵直 别的没毛,玩法,正面
2895,2895,2026-02-27,系列30周年，RE引擎已经变得越来越成熟了。,推荐,4.3,44,53,系列30周年 RE引擎已经变得越来越成熟了,画面,正面
2896,2896,2026-02-27,盼了好久终于发售了，首先说明里昂是真的帅，这代风格跟以往RE时代的作品几部不同，剧情演出的那映出的那几个大字挺像Alan Wake2的，播片也长很多往大片叙事上靠，游戏性还是保持稳定正常发挥，里昂部分体术可以和场景互动是真的爽，特别是玩到了疗养院电锯那部分简直多巴胺爽到起飞了，另外9代也加了一些新机制增加可玩性，比如溶血剂和里昂手斧也可以弹反怪的抓取了等等，目前玩到疗养院格蕾丝解谜部分，感觉前面缺点也有，就是我个人游玩里昂战斗部分还没玩爽就到格蕾丝了，协调占比我个人感觉不是很完美，不过综合下来还是一款必玩的佳作，对于生化粉来说也是一场盛宴,推荐,10.9,15,124,盼了好久终于发售了 首先说明里昂是真的帅 这代风格跟以往RE时代的作品几部不同 剧情演出的那映出的那几个大字挺像Alan Wake2的 播片也长很多往大片叙事上靠 游戏性还是保持稳定正常发挥 里昂部分体术可以和场景互动是真的爽 特别是玩到了疗养院电锯那部分简直多巴胺爽到起飞了 另外9代也加了一些新机制增加可玩性 比如溶血剂和里昂手斧也可以弹反怪的抓取了等等 目前玩到疗养院格蕾丝解谜部分 感觉前面缺点也有 就是我个人游玩里昂战斗部分还没玩爽就到格蕾丝了 协调占比我个人感觉不是很完美 不过综合下来还是一款必玩的佳作 对于生化粉来说也是一场盛宴,玩法,正面
2897,2897,2026-02-27,豪丸,推荐,5.0,8,167,豪丸,其他,正面
2898,2898,2026-02-27,好玩  里昂还是那么帅 格蕾丝也好看,推荐,8.2,46,205,好玩 里昂还是那么帅 格蕾丝也好看,情怀,正面
2899,2899,2026-02-27,优化做的特别棒  大好评,推荐,3.5,19,28,优化做的特别棒 大好评,优化,正面
2900,2900,2026-02-27,好玩 等解锁之前 重玩了246 里昂真帅,推荐,4.9,11,120,好玩 等解锁之前 重玩了246 里昂真帅,情怀,正面
2901,2901,2026-02-27,好玩,推荐,11.2,27,36,好玩,玩法,正面
2902,2902,2026-02-27,里昂里昂里昂我们喜欢你！！！,推荐,9.4,3,12,里昂里昂里昂我们喜欢你,情怀,正面
2903,2903,2026-02-27,老爸到了,推荐,11.3,18,77,老爸到了,其他,正面
2904,2904,2026-02-27,我是菜鸡，但是我爱玩,推荐,7.2,30,189,我是菜鸡 但是我爱玩,其他,正面
2905,2905,2026-02-27,"好玩好玩好玩，给不同的分线角色做不同节奏的战斗和玩法是对的，格蕾丝线吃过的瘪换到里昂线直接战斗爽（但是2026年了我怎么还在RE里面找保险丝啊）

虽然我是一个很害怕恐怖游戏的人，通关次数最多的生化危机作品是5代。7的转型虽然很吸引我但是因为实在是太过于恐怖反而失去了亲自游玩的欲望，而9代这种结合了越肩视角+第一人称并且可以随时切换的设计真的深得我心，可以说是继6代之后玩的最爽的一部作品（不包含重置版）等我完整通关后再来追评",推荐,8.1,10,169,好玩好玩好玩 给不同的分线角色做不同节奏的战斗和玩法是对的 格蕾丝线吃过的瘪换到里昂线直接战斗爽 但是2026年了我怎么还在RE里面找保险丝啊 虽然我是一个很害怕恐怖游戏的人 通关次数最多的生化危机作品是5代 7的转型虽然很吸引我但是因为实在是太过于恐怖反而失去了亲自游玩的欲望 而9代这种结合了越肩视角 第一人称并且可以随时切换的设计真的深得我心 可以说是继6代之后玩的最爽的一部作品 不包含重置版 等我完整通关后再来追评,玩法,正面
2906,2906,2026-02-27,伟大无需多言，只希望dlc有艾达,推荐,7.5,25,184,伟大无需多言 只希望dlc有艾达,情怀,正面
2907,2907,2026-02-27,"帅♿里昂♿帅
fvv格蕾丝
最后，这三百五太值了，好玩，爱玩",推荐,4.2,14,23,帅 里昂 帅 fvv格蕾丝 最后 这三百五太值了 好玩 爱玩,情怀,正面
2908,2908,2026-02-27,前一秒还在瑟瑟发抖，后一秒切换到里昂形态我就是无敌哒！,推荐,4.0,40,99,前一秒还在瑟瑟发抖 后一秒切换到里昂形态我就是无敌哒,情怀,正面
2909,2909,2026-02-27,这个好评是给格蕾丝得黑色电影造型的,推荐,9.4,21,30,这个好评是给格蕾丝得黑色电影造型的,其他,正面
2910,2910,2026-02-27,好,推荐,8.8,17,126,好,其他,正面
2911,2911,2026-02-27,商店页面标的支持DS手柄，但实际并没有做适配，得打开steam输入才能用，也仅仅是能用,不推荐,8.1,31,190,商店页面标的支持DS手柄 但实际并没有做适配 得打开steam输入才能用 也仅仅是能用,优化,负面
2912,2912,2026-02-27,丧尸最严厉的父亲,推荐,6.2,44,103,丧尸最严厉的父亲,情怀,正面
2913,2913,2026-02-27,不做分线就滚去吃屎,不推荐,6.4,38,47,不做分线就滚去吃屎,剧情,负面
2914,2914,2026-02-27,阔别13年的主线故事  心里只有感动,推荐,18.1,8,167,阔别13年的主线故事 心里只有感动,情怀,正面
2915,2915,2026-02-27,大姐，枪掉了不知道回去捡吗？😅被追的时候跑两步还摔倒😅FBI就这种水准吗？😅,推荐,4.3,40,149,大姐 枪掉了不知道回去捡吗 被追的时候跑两步还摔倒 FBI就这种水准吗,玩法,正面
2916,2916,2026-02-27,9.4/10 挺好画质很不错 游戏性集大成 开启路径光追也差不多140帧挺好 但,推荐,13.1,19,28,9 4 10 挺好画质很不错 游戏性集大成 开启路径光追也差不多140帧挺好 但,画面,正面
2917,2917,2026-02-27,浣熊市警察局如果有马文的身体骨架就更好了,推荐,5.7,21,180,浣熊市警察局如果有马文的身体骨架就更好了,情怀,正面
2918,2918,2026-02-27,"有2和4的影子，目前还挺好玩的
",推荐,13.7,19,178,有2和4的影子 目前还挺好玩的,玩法,正面
2919,2919,2026-02-27,没有理由不推荐，必须狠狠拿下，美中不足就是没有做ds5适配，格蕾丝类似生化2的体验，至少这次像个正常的普通人了，严重怀疑克莱尔上大学的时候跟她哥接私活了，里昂就类似生化4的体验，战斗爽就完事了，依旧碎碎念的吐槽，到目前为止，体验拉满，预购值了,推荐,13.3,47,206,没有理由不推荐 必须狠狠拿下 美中不足就是没有做ds5适配 格蕾丝类似生化2的体验 至少这次像个正常的普通人了 严重怀疑克莱尔上大学的时候跟她哥接私活了 里昂就类似生化4的体验 战斗爽就完事了 依旧碎碎念的吐槽 到目前为止 体验拉满 预购值了,玩法,正面
2920,2920,2026-02-27,刺激,推荐,5.9,25,134,刺激,其他,正面
2921,2921,2026-02-27,前半段玩着超爽，好像在玩2重制，希望后半段里昂的部分像4重制那么爽。,推荐,14.7,30,89,前半段玩着超爽 好像在玩2重制 希望后半段里昂的部分像4重制那么爽,情怀,正面
2922,2922,2026-02-27,浣熊市的丧尸们又迎来了他们最严厉的父亲,推荐,12.3,21,30,浣熊市的丧尸们又迎来了他们最严厉的父亲,情怀,正面
2923,2923,2026-02-27,先问候下卡表，尼玛死了，开头格蕾丝关卡给我报错闪退了，这是你们开发荒野以后的优良传统吗？,不推荐,8.1,19,128,先问候下卡表 尼玛死了 开头格蕾丝关卡给我报错闪退了 这是你们开发荒野以后的优良传统吗,优化,负面
2924,2924,2026-02-27,必须支持,推荐,8.5,7,16,必须支持,情怀,正面
2925,2925,2026-02-27,好好好！！！！！！！,推荐,4.2,8,117,好好好,其他,正面
2926,2926,2026-02-27,"法拉利老了还是法拉利，
里昂老了缺个艾达王",推荐,7.1,5,64,法拉利老了还是法拉利 里昂老了缺个艾达王,情怀,正面
2927,2927,2026-02-27,优秀,推荐,10.7,24,133,优秀,其他,正面
2928,2928,2026-02-27,格蕾丝玩的太憋屈了，有种逃生的感觉,推荐,11.0,4,63,格蕾丝玩的太憋屈了 有种逃生的感觉,玩法,正面
2929,2929,2026-02-27,"[h1] 大大表扬卡婊 [/h1]
太好玩了，里昂的斧头用起来太tm爽了
[h3] 里昂线基本就是： [/h3]
小僵尸？和我的斧头说去吧
电锯人？跟我的斧子说去吧
一群僵尸？跟我的斧子说去吧
小boss？和我的安魂曲说去吧
几乎都不想用枪，更别说斧子还能打磨，时间也不算长，后退走两步就可以了
[h3] 而格蕾丝线呢： [/h3]
小僵尸？啊啊啊啊啊啊啊
厨师长？啊啊啊啊啊啊啊
歌手僵尸？啊啊啊啊啊啊
小boss？啊啊啊啊啊啊喵嗷嗷嗷啊
有点过于窝囊废了，一从里昂切换到格蕾丝，我就怀念里昂，一从格蕾丝换到里昂，我就像个痴汉一样盯着里昂那伟岸的身躯，那坚毅的目光，那爽快的斧头[spoiler]以及他的翘臀 [/spoiler]
总之体验感觉还是挺好的，卡婊加油，pragmata希望也是一样的质量
Ciallo～(∠・ω< )⌒★
哦，还有优化很好，我5060流畅玩一点问题没有
",推荐,2.7,7,116,h1 大大表扬卡婊 h1 太好玩了 里昂的斧头用起来太tm爽了 h3 里昂线基本就是 h3 小僵尸 和我的斧头说去吧 电锯人 跟我的斧子说去吧 一群僵尸 跟我的斧子说去吧 小boss 和我的安魂曲说去吧 几乎都不想用枪 更别说斧子还能打磨 时间也不算长 后退走两步就可以了 h3 而格蕾丝线呢 h3 小僵尸 啊啊啊啊啊啊啊 厨师长 啊啊啊啊啊啊啊 歌手僵尸 啊啊啊啊啊啊 小boss 啊啊啊啊啊啊喵嗷嗷嗷啊 有点过于窝囊废了 一从里昂切换到格蕾丝 我就怀念里昂 一从格蕾丝换到里昂 我就像个痴汉一样盯着里昂那伟岸的身躯 那坚毅的目光 那爽快的斧头 spoiler 以及他的翘臀 spoiler 总之体验感觉还是挺好的 卡婊加油 pragmata希望也是一样的质量 Ciallo ω 哦 还有优化很好 我5060流畅玩一点问题没有,玩法,正面
2930,2930,2026-02-27,好玩,推荐,12.2,24,83,好玩,玩法,正面
2931,2931,2026-02-27,爽，里昂篇玩的跟开无双一样，随随便便爆头,推荐,13.4,14,123,爽 里昂篇玩的跟开无双一样 随随便便爆头,玩法,正面
2932,2932,2026-02-27,舒服 不赖 资源给的跟卡婊老母一样多,推荐,7.8,33,192,舒服 不赖 资源给的跟卡婊老母一样多,其他,正面
2933,2933,2026-02-27,好玩，爱玩，里昂就是帅啊,推荐,7.4,47,156,好玩 爱玩 里昂就是帅啊,情怀,正面
2934,2934,2026-02-27,生化，喜欢,推荐,7.4,26,135,生化 喜欢,情怀,正面
2935,2935,2026-02-27,目前看来还是挺不赖的，三朝元老580依旧能打,推荐,8.2,41,150,目前看来还是挺不赖的 三朝元老580依旧能打,画面,正面
2936,2936,2026-02-27,开玩了一会里昂挨骂不冤，现在卡普空编剧和写短剧的也没啥区别了，甚至还不如。里昂不救护士救了浑身是血的格蕾丝，然后给她把大枪让她跑，编剧也不问问就美国刚入伍鸟兵，男的，让他用这么大枪他那胳膊能不能坚持住，里昂也神人，看着基甸都那个b样了也不拿枪指着他，非得离近了才动枪，还没打过，这么多年是一点经验都没有啊，萨德勒得多傻逼才让他给灭了。还有这代是不是和6代的制作有点渊源啊，把6代那一跑就晃那招学来了，里昂一跑步我就我就头晕，明明前面几代重置都挺好的，非得学这个，能不能尊重点卖你游戏的玩家啊，这镜头晃是为了增加临场感是么，希望我这游戏通关以后能少骂几句制作人吧。,不推荐,5.0,38,197,开玩了一会里昂挨骂不冤 现在卡普空编剧和写短剧的也没啥区别了 甚至还不如 里昂不救护士救了浑身是血的格蕾丝 然后给她把大枪让她跑 编剧也不问问就美国刚入伍鸟兵 男的 让他用这么大枪他那胳膊能不能坚持住 里昂也神人 看着基甸都那个b样了也不拿枪指着他 非得离近了才动枪 还没打过 这么多年是一点经验都没有啊 萨德勒得多傻逼才让他给灭了 还有这代是不是和6代的制作有点渊源啊 把6代那一跑就晃那招学来了 里昂一跑步我就我就头晕 明明前面几代重置都挺好的 非得学这个 能不能尊重点卖你游戏的玩家啊 这镜头晃是为了增加临场感是么 希望我这游戏通关以后能少骂几句制作人吧,剧情,负面
2937,2937,2026-02-27,爽！！！！,推荐,8.7,15,74,爽,其他,正面
2938,2938,2026-02-27,帅里昂,推荐,7.7,41,50,帅里昂,情怀,正面
2939,2939,2026-02-27,"好玩！
只是明天的上班，
我请假领导也不批。
但是没关系，
我揍了领导一顿，
领导说我明天不用来了。",推荐,22.4,8,17,好玩 只是明天的上班 我请假领导也不批 但是没关系 我揍了领导一顿 领导说我明天不用来了,其他,正面
2940,2940,2026-02-27,微恐，好玩，十分推荐。不过现在已经出了后面想玩的推荐打折再买,推荐,4.7,43,152,微恐 好玩 十分推荐 不过现在已经出了后面想玩的推荐打折再买,价格,正面
2941,2941,2026-02-27,对的对的,推荐,6.3,26,135,对的对的,其他,正面
2942,2942,2026-02-27,生化危机9资源少 里昂篇玩起来是真的爽 只要看见了那个分头 无论怎么样你都会有安全感 也期待格蕾丝接过里昂棒的时候剧情可以精彩一些,推荐,8.7,39,48,生化危机9资源少 里昂篇玩起来是真的爽 只要看见了那个分头 无论怎么样你都会有安全感 也期待格蕾丝接过里昂棒的时候剧情可以精彩一些,情怀,正面
2943,2943,2026-02-27,非常好玩,推荐,4.2,12,21,非常好玩,玩法,正面
2944,2944,2026-02-27,有找保险丝必须好评,推荐,6.6,25,34,有找保险丝必须好评,玩法,正面
2945,2945,2026-02-27,上班摸鱼神作，背后是领导若有似无的眼神，面前是黑暗中喊着“关灯”的丧尸，身临其境！,推荐,6.9,8,17,上班摸鱼神作 背后是领导若有似无的眼神 面前是黑暗中喊着 关灯 的丧尸 身临其境,玩法,正面
2946,2946,2026-02-27,李三光一枪加一脚丧尸就死了，格蕾丝要清空弹夹才勉强能打死一只丧尸。,推荐,10.3,32,41,李三光一枪加一脚丧尸就死了 格蕾丝要清空弹夹才勉强能打死一只丧尸,玩法,正面
2947,2947,2026-02-27,这做生化危机9  做的不错画质挺好玩起来舒服,推荐,7.5,28,37,这做生化危机9 做的不错画质挺好玩起来舒服,画面,正面
2948,2948,2026-02-27,支持生化,推荐,5.3,46,55,支持生化,情怀,正面
2949,2949,2026-02-27,好玩,推荐,18.1,14,73,好玩,玩法,正面
2950,2950,2026-02-27,"这算是我实际上玩的第一部生化危机，之前要么是云的视频要么是玩一会弃了，稍微补了点设定之后发现其实通马桶解谜还行，剧情插入的恰当好处留一点悬念并且让你想继续玩下去，解谜本身虽然还是通马桶解谜但是不会非常迷惑卡人，预算充足的话还是比较推荐的
我也不知道是什么支撑着我玩下去的，虽然很讨厌解谜解谜确实也很又臭又长，但是也许我就是想为了那只占游戏10%的剧情而做90%的解谜吧，另提虽然我配置好但是我也能2k顶着220帧走，DLAA+4倍帧生成，效果也不错感觉画面没损失，非常精美优化很好，这才是你啊牢卡，怪猎干啥去了",推荐,15.2,4,13,这算是我实际上玩的第一部生化危机 之前要么是云的视频要么是玩一会弃了 稍微补了点设定之后发现其实通马桶解谜还行 剧情插入的恰当好处留一点悬念并且让你想继续玩下去 解谜本身虽然还是通马桶解谜但是不会非常迷惑卡人 预算充足的话还是比较推荐的 我也不知道是什么支撑着我玩下去的 虽然很讨厌解谜解谜确实也很又臭又长 但是也许我就是想为了那只占游戏10 的剧情而做90 的解谜吧 另提虽然我配置好但是我也能2k顶着220帧走 DLAA 4倍帧生成 效果也不错感觉画面没损失 非常精美优化很好 这才是你啊牢卡 怪猎干啥去了,画面,正面
2951,2951,2026-02-27,"里昂视角：爽就完事儿了
Grace视角：小心翼翼，狗狗祟祟",推荐,9.2,26,35,里昂视角 爽就完事儿了 Grace视角 小心翼翼 狗狗祟祟,玩法,正面
2952,2952,2026-02-27,标全适配搞诈骗是吧,不推荐,4.2,16,25,标全适配搞诈骗是吧,优化,负面
2953,2953,2026-02-27,唯一的不满就是格蕾丝太脆皮了，豆腐都不如，怎么当上fbi的,推荐,10.4,41,50,唯一的不满就是格蕾丝太脆皮了 豆腐都不如 怎么当上fbi的,玩法,正面
2954,2954,2026-02-27,好玩就对了,推荐,4.6,7,16,好玩就对了,玩法,正面
2955,2955,2026-02-27,非常对味,推荐,14.0,25,134,非常对味,情怀,正面
2956,2956,2026-02-27,挺不錯的 也挺嚇人的 還是得生化危機9 沖就完事了 買就完事了 唯一的缺點就是里昂老了 好捨不得啊 生化危機從來沒有失望過,推荐,12.9,33,192,挺不錯的 也挺嚇人的 還是得生化危機9 沖就完事了 買就完事了 唯一的缺點就是里昂老了 好捨不得啊 生化危機從來沒有失望過,情怀,正面
2957,2957,2026-02-27,老李很帅，动作漂亮，画面也不错，女主这边不好玩，为了跑的不快直接跑步动作慢放很难绷，而且速度真的很慢了，控制女主在疗养院里来来回回有点折磨，女主的配音倒是很有氛围,推荐,8.3,42,151,老李很帅 动作漂亮 画面也不错 女主这边不好玩 为了跑的不快直接跑步动作慢放很难绷 而且速度真的很慢了 控制女主在疗养院里来来回回有点折磨 女主的配音倒是很有氛围,玩法,正面
2958,2958,2026-02-27,好玩,推荐,8.9,37,146,好玩,玩法,正面
2959,2959,2026-02-27,好玩，游戏性上可以说最优秀的一作。无论作为恐怖游戏还是动作游戏，都非常推荐。优化相比生化4re刚发售的时候好了非常多。,推荐,13.9,33,192,好玩 游戏性上可以说最优秀的一作 无论作为恐怖游戏还是动作游戏 都非常推荐 优化相比生化4re刚发售的时候好了非常多,玩法,正面
2960,2960,2026-02-27,"《生化危机 9》作为系列全新力作，成功在生存恐怖与现代动作体验间找到绝佳平衡，堪称系列又一巅峰。游戏在次世代引擎加持下，画面质感大幅升级，光影、场景细节与怪物建模极具冲击力，阴森压抑的氛围从头贯穿至尾，恐怖沉浸感拉满。
剧情承接前作伏笔，叙事节奏紧凑有力，角色塑造立体鲜活，老玩家能感受到满满的情怀致敬，新玩家也能轻松理解世界观。关卡设计精巧，探索感十足，解谜与战斗分配合理，既保留弹药有限、步步惊心的经典玩法，又加入全新机制，让战斗更具策略与爽感。
AI 与敌人强度调校到位，追击战紧张刺激，BOSS 战气势恢宏。配乐与音效精准烘托情绪，每一次转角与异响都让人心跳加速。无论是剧情党、恐怖爱好者还是动作玩家，都能在本作中获得满足。《生化危机 9》不只是一款合格续作，更是重新定义现代生存恐怖的标杆之作。",推荐,11.2,49,58,生化危机 9 作为系列全新力作 成功在生存恐怖与现代动作体验间找到绝佳平衡 堪称系列又一巅峰 游戏在次世代引擎加持下 画面质感大幅升级 光影 场景细节与怪物建模极具冲击力 阴森压抑的氛围从头贯穿至尾 恐怖沉浸感拉满 剧情承接前作伏笔 叙事节奏紧凑有力 角色塑造立体鲜活 老玩家能感受到满满的情怀致敬 新玩家也能轻松理解世界观 关卡设计精巧 探索感十足 解谜与战斗分配合理 既保留弹药有限 步步惊心的经典玩法 又加入全新机制 让战斗更具策略与爽感 AI 与敌人强度调校到位 追击战紧张刺激 BOSS 战气势恢宏 配乐与音效精准烘托情绪 每一次转角与异响都让人心跳加速 无论是剧情党 恐怖爱好者还是动作玩家 都能在本作中获得满足 生化危机 9 不只是一款合格续作 更是重新定义现代生存恐怖的标杆之作,画面,正面
2961,2961,2026-02-27,神中神，夯爆了！！美的出水的格蕾丝，廉颇不老的里昂，梦回浣熊市，为三十年前的心结画下句点👍,推荐,8.7,31,140,神中神 夯爆了 美的出水的格蕾丝 廉颇不老的里昂 梦回浣熊市 为三十年前的心结画下句点,情怀,正面
2962,2962,2026-02-27,ds5都没做适配怎么好意思说完全适配的，卡婊你去死一死吧,不推荐,2.7,19,128,ds5都没做适配怎么好意思说完全适配的 卡婊你去死一死吧,优化,负面
2963,2963,2026-02-27,为什么场景模型给我卡没了,推荐,6.0,37,46,为什么场景模型给我卡没了,优化,正面
2964,2964,2026-02-27,"大家记得省着点用溶血剂
一根可以干掉厨师，三根可以干掉胖宝宝",推荐,4.6,3,112,大家记得省着点用溶血剂 一根可以干掉厨师 三根可以干掉胖宝宝,玩法,正面
2965,2965,2026-02-27,满分大作 推荐 推荐。,推荐,4.2,31,90,满分大作 推荐 推荐,情怀,正面
2966,2966,2026-02-27,"卡普空我草泥马大写比，我要玩里昂战斗爽
",不推荐,9.7,11,20,卡普空我草泥马大写比 我要玩里昂战斗爽,情怀,负面
2967,2967,2026-02-27,神,推荐,6.7,33,92,神,其他,正面
2968,2968,2026-02-27,MM,推荐,13.5,16,175,MM,其他,正面
2969,2969,2026-02-27,很好很好,推荐,7.8,29,188,很好很好,其他,正面
2970,2970,2026-02-27,从开服到现在甚至游戏都没进去，进去以后只能看人物周围场景都没有，调整了无数 设置都没怀疑是游戏问题知道遇到几个和我出现一样问题的人。只能说真是狗屎优化，花了几百买了坨翔，到现在还没开始游戏第一次见比仁王3还狗屎的。9600x+9060xt进游戏连最基本的周围场景都显示不出来也是没谁了,不推荐,7.0,38,147,从开服到现在甚至游戏都没进去 进去以后只能看人物周围场景都没有 调整了无数 设置都没怀疑是游戏问题知道遇到几个和我出现一样问题的人 只能说真是狗屎优化 花了几百买了坨翔 到现在还没开始游戏第一次见比仁王3还狗屎的 9600x 9060xt进游戏连最基本的周围场景都显示不出来也是没谁了,优化,负面
2971,2971,2026-02-27,有里昂就是神作！ 毋庸置疑！,推荐,5.4,39,148,有里昂就是神作 毋庸置疑,情怀,正面
2972,2972,2026-02-27,格蕾丝线的怪比石头还硬，格蕾丝手枪里的子弹比绿草还少。,推荐,7.2,22,131,格蕾丝线的怪比石头还硬 格蕾丝手枪里的子弹比绿草还少,玩法,正面
2973,2973,2026-02-27,资源严重不够  有点难啊,推荐,3.6,11,170,资源严重不够 有点难啊,玩法,正面
2974,2974,2026-02-27,ultra9+5070lp可以稳定高帧率，第一次预购re系列游戏，不亏,推荐,1.6,1,160,ultra9 5070lp可以稳定高帧率 第一次预购re系列游戏 不亏,画面,正面
2975,2975,2026-02-27,好玩！还是老味道！,推荐,5.0,20,29,好玩 还是老味道,情怀,正面
2976,2976,2026-02-27,不想说了确实好玩 前一秒刚作为grace拿保险丝音响都关了龟完 爽玩leon开大声音没10分钟马上又开龟 太tm吓人了,推荐,2.1,37,46,不想说了确实好玩 前一秒刚作为grace拿保险丝音响都关了龟完 爽玩leon开大声音没10分钟马上又开龟 太tm吓人了,音效,正面
2977,2977,2026-02-27,Nice  光追路径追踪＋两倍帧生成+DLSS质量 画质最高 还能有140-170帧左右 玩的很爽,推荐,11.3,5,14,Nice 光追路径追踪 两倍帧生成 DLSS质量 画质最高 还能有140 170帧左右 玩的很爽,画面,正面
2978,2978,2026-02-27,哎呀，骇死我了,推荐,9.7,30,139,哎呀 骇死我了,其他,正面
2979,2979,2026-02-27,我操你妈的卡裱，R7 9850X3D+RTX 5080 4k路径追踪+DLSS超级性能连你妈50帧都没有 你妈逼做优化了吗你就端上PC,不推荐,1.1,10,169,我操你妈的卡裱 R7 9850X3D RTX 5080 4k路径追踪 DLSS超级性能连你妈50帧都没有 你妈逼做优化了吗你就端上PC,优化,负面
2980,2980,2026-02-27,目前体验很好，格蕾丝线经典的生存恐怖，里昂线比re4还进一步的战斗爽，唯一想吐槽的就是太贵了，流程好像也就10小时刚出头，打折后很香现在只建议粉丝买,推荐,5.0,4,63,目前体验很好 格蕾丝线经典的生存恐怖 里昂线比re4还进一步的战斗爽 唯一想吐槽的就是太贵了 流程好像也就10小时刚出头 打折后很香现在只建议粉丝买,价格,正面
2981,2981,2026-02-27,"帅里昂帅，战斗爽
女主恐怖线设计的也比较有沉浸感
可以感觉到卡普空对两部分玩家群体的兼顾
这代对动作有很大优化，相较与四代战斗也更加流畅了",推荐,4.3,28,187,帅里昂帅 战斗爽 女主恐怖线设计的也比较有沉浸感 可以感觉到卡普空对两部分玩家群体的兼顾 这代对动作有很大优化 相较与四代战斗也更加流畅了,玩法,正面
2982,2982,2026-02-27,里昂动作爽游！,推荐,7.6,23,132,里昂动作爽游,情怀,正面
2983,2983,2026-02-27,所有的问题解决办法都试过了游戏根本就进不去，疯狂报错我不明白这到底是不是我电脑的问题，rog枪神8 4060，我实在没有办法，大佬们你们有类似的问题吗可以教教我怎么解决吗，弄了一下午一点都没玩上,推荐,2.5,10,19,所有的问题解决办法都试过了游戏根本就进不去 疯狂报错我不明白这到底是不是我电脑的问题 rog枪神8 4060 我实在没有办法 大佬们你们有类似的问题吗可以教教我怎么解决吗 弄了一下午一点都没玩上,优化,正面
2984,2984,2026-02-27,666,推荐,10.3,44,53,666,其他,正面
2985,2985,2026-02-27,牛逼,推荐,7.0,45,104,牛逼,其他,正面
2986,2986,2026-02-27,没话说,推荐,6.6,50,209,没话说,其他,正面
2987,2987,2026-02-27,神中神，太爽了玩的,推荐,11.1,45,54,神中神 太爽了玩的,玩法,正面
2988,2988,2026-02-27,"最好的一部，一个IP延续三十年还想保持进步是很难的，像苹果一样“迄今为止最好的”生化危机的含金量。
系列集大成之作。十四年前生化6就想做所谓集大成之作，往里面塞了7个可操作角色和将近20小时动画片，搓出来的大粪差点让IP原地结项。这一代真正做到了整个生化历史的优点融合。1的恐怖感与道具管理，23的地图与流程设计，45的战斗系统设计，6的动作系统，7的第一人称与氛围营造，还有启示录风格的剧情。
缺点是宣发与运营管理，发售日定在中国春节结束不说，两周前就开始偷跑满天跑，本来不错的剧情基本被透完了，没有顽皮狗的反向跳票对策，至少别让一群官方商单在广大玩家解锁前一天全网直播，真是给我气笑了",推荐,6.8,35,194,最好的一部 一个IP延续三十年还想保持进步是很难的 像苹果一样 迄今为止最好的 生化危机的含金量 系列集大成之作 十四年前生化6就想做所谓集大成之作 往里面塞了7个可操作角色和将近20小时动画片 搓出来的大粪差点让IP原地结项 这一代真正做到了整个生化历史的优点融合 1的恐怖感与道具管理 23的地图与流程设计 45的战斗系统设计 6的动作系统 7的第一人称与氛围营造 还有启示录风格的剧情 缺点是宣发与运营管理 发售日定在中国春节结束不说 两周前就开始偷跑满天跑 本来不错的剧情基本被透完了 没有顽皮狗的反向跳票对策 至少别让一群官方商单在广大玩家解锁前一天全网直播 真是给我气笑了,情怀,正面
2989,2989,2026-02-27,女主好看，情怀拉满，优化不赖，游戏好玩,推荐,13.3,36,195,女主好看 情怀拉满 优化不赖 游戏好玩,情怀,正面
2990,2990,2026-02-27,僵尸跟铁做的一样,推荐,9.7,25,184,僵尸跟铁做的一样,玩法,正面
2991,2991,2026-02-27,爽,推荐,7.0,41,50,爽,其他,正面
2992,2992,2026-02-27,"“劳逸结合”
劳：玩格蕾丝被别人吓
逸：玩里昂吓别人",推荐,5.7,3,62,劳逸结合 劳 玩格蕾丝被别人吓 逸 玩里昂吓别人,情怀,正面
2993,2993,2026-02-27,一早上了游戏都进不去，一直崩溃报错，啥都玩的了就玩不了你家的是吧？nmd预购受害者,不推荐,5.7,7,16,一早上了游戏都进不去 一直崩溃报错 啥都玩的了就玩不了你家的是吧 nmd预购受害者,优化,负面
2994,2994,2026-02-27,"还行，就是进了疗养院之后，到处都是门，需要找钥匙，有点打脑壳。站在大厅，我还以为我回到浣熊市公安局了，味道太冲。
西侧二楼那个艺术家僵尸倒是挺惊艳的，声音很棒。

但是不知道是不是我电脑的问题，玩一会儿，游戏直接闪崩，还会把电脑给干重启。这问题挺严重的，随机闪崩比随机蹦出来的跳脸杀吓人多了。。。。（电脑配置肯定够推荐配置了。）",推荐,9.1,6,15,还行 就是进了疗养院之后 到处都是门 需要找钥匙 有点打脑壳 站在大厅 我还以为我回到浣熊市公安局了 味道太冲 西侧二楼那个艺术家僵尸倒是挺惊艳的 声音很棒 但是不知道是不是我电脑的问题 玩一会儿 游戏直接闪崩 还会把电脑给干重启 这问题挺严重的 随机闪崩比随机蹦出来的跳脸杀吓人多了 电脑配置肯定够推荐配置了,优化,正面
2995,2995,2026-02-27,GOOd,推荐,8.7,16,125,GOOd,其他,正面
2996,2996,2026-02-27,卧槽比第七部还恐怖，值！,推荐,7.0,31,190,卧槽比第七部还恐怖 值,情怀,正面
2997,2997,2026-02-27,牛逼克拉斯,推荐,1.8,10,119,牛逼克拉斯,其他,正面
2998,2998,2026-02-27,系统丰富 比7 8代好玩,推荐,7.6,29,38,系统丰富 比7 8代好玩,玩法,正面
2999,2999,2026-02-27,还是不错的 就是女主这边有点太难了 非常猎奇,推荐,7.5,29,188,还是不错的 就是女主这边有点太难了 非常猎奇,玩法,正面
3000,3000,2026-02-27,好玩，但是胆小玩家真玩不了一点 吓得我动弹不了一点。,推荐,6.5,21,180,好玩 但是胆小玩家真玩不了一点 吓得我动弹不了一点,玩法,正面
3001,3001,2026-02-27,生化危机真是无脑入系列，优化、剧情、玩法、内容基本挑不出问题，同类型也没无人能敌。,推荐,4.5,35,44,生化危机真是无脑入系列 优化 剧情 玩法 内容基本挑不出问题 同类型也没无人能敌,情怀,正面
3002,3002,2026-02-27,生化危机9好玩  索尼8K电视120刷新率 DLAA 两倍帧生成 真爽 放弃路径光追 5090+9950X3D,推荐,7.8,12,171,生化危机9好玩 索尼8K电视120刷新率 DLAA 两倍帧生成 真爽 放弃路径光追 5090 9950X3D,画面,正面
3003,3003,2026-02-27,爽，非常的爽，就是保险丝断线钳那一套还是有点守旧了，可以稍微换换。总之个人就玩了生2478，9是我评价最高的一部，卡爹继续加油！,推荐,6.3,27,36,爽 非常的爽 就是保险丝断线钳那一套还是有点守旧了 可以稍微换换 总之个人就玩了生2478 9是我评价最高的一部 卡爹继续加油,玩法,正面
3004,3004,2026-02-27,你的发际线，你的下颚线，你的身材哪里像个快50岁的中年人？,推荐,4.3,20,29,你的发际线 你的下颚线 你的身材哪里像个快50岁的中年人,情怀,正面
3005,3005,2026-02-27,卡婊你是傻逼吗？2026年的游戏了还不支持16：10？,不推荐,1.8,7,116,卡婊你是傻逼吗 2026年的游戏了还不支持16 10,优化,负面
3006,3006,2026-02-27,所有足控都给我狠狠地玩！谁懂80码大汗脚带来的救赎感受？上一秒还被吓得半死，转身过去看见大脚的时候直接就湿透了...开局一小时就能体验到如此多的惊喜❤️，真的很棒呢！,推荐,4.8,23,32,所有足控都给我狠狠地玩 谁懂80码大汗脚带来的救赎感受 上一秒还被吓得半死 转身过去看见大脚的时候直接就湿透了 开局一小时就能体验到如此多的惊喜 真的很棒呢,其他,正面
3007,3007,2026-02-27,"作为一个入坑生化危机
4年的玩家，我表示很幸运
还记得刚上大一时
玩的第一部生化危机就是生化危机7，那时候根本不了解，被朋友怂恿着玩，玩着又恐怖又有意思，之后又接着陆陆续续玩了生化8，被伊森的父爱感动，然后玩了生化2，3，4，感觉是真的好玩，喜欢
马上生化9就可以开玩了，转眼我也要大四毕业了，有些感慨，也有些感动
纪念",推荐,6.5,46,155,作为一个入坑生化危机 4年的玩家 我表示很幸运 还记得刚上大一时 玩的第一部生化危机就是生化危机7 那时候根本不了解 被朋友怂恿着玩 玩着又恐怖又有意思 之后又接着陆陆续续玩了生化8 被伊森的父爱感动 然后玩了生化2 3 4 感觉是真的好玩 喜欢 马上生化9就可以开玩了 转眼我也要大四毕业了 有些感慨 也有些感动 纪念,情怀,正面
3008,3008,2026-02-27,可恶的怪,推荐,7.6,4,113,可恶的怪,玩法,正面
3009,3009,2026-02-27,这洋馆、这加工厂和传送带、这教堂＋墓地、这地铁、这废墟、这大电梯井、这敌人武器互动、这不补刀就会复活的狂暴丧尸、这开天窗才能干掉的怕光BOSS、这大蜘蛛和植物BOSS、这摩托车、这新的舔爷和zeno的模型、这多视角角色切换，快快把RE引擎的0、1、CV、5、6端上来罢，我已经等不及了😋😋😋,推荐,12.7,14,73,这洋馆 这加工厂和传送带 这教堂 墓地 这地铁 这废墟 这大电梯井 这敌人武器互动 这不补刀就会复活的狂暴丧尸 这开天窗才能干掉的怕光BOSS 这大蜘蛛和植物BOSS 这摩托车 这新的舔爷和zeno的模型 这多视角角色切换 快快把RE引擎的0 1 CV 5 6端上来罢 我已经等不及了,情怀,正面
3010,3010,2026-02-27,还不错，不过里昂打法有点像生6，可别过于动作了,推荐,12.0,36,145,还不错 不过里昂打法有点像生6 可别过于动作了,情怀,正面
3011,3011,2026-02-27,老显卡3080TI完美2K拉满流畅运行，卡表的优化真的没得说啊，不老男神李三光再次上线，先出门了等我回来一口气通关。,推荐,14.3,30,89,老显卡3080TI完美2K拉满流畅运行 卡表的优化真的没得说啊 不老男神李三光再次上线 先出门了等我回来一口气通关,优化,正面
3012,3012,2026-02-27,太好玩了，完全不输生化四，优化也可以,推荐,13.7,24,83,太好玩了 完全不输生化四 优化也可以,玩法,正面
3013,3013,2026-02-27,好玩到哭,推荐,3.1,23,182,好玩到哭,玩法,正面
3014,3014,2026-02-27,你们给的这丧尸的数值十多发子弹打不死，制作组自己玩过游戏吗？,不推荐,11.6,27,86,你们给的这丧尸的数值十多发子弹打不死 制作组自己玩过游戏吗,玩法,负面
3015,3015,2026-02-27,优化挺好，恐怖氛围也不错，里昂也很帅，格蕾丝也很可爱,推荐,8.0,39,98,优化挺好 恐怖氛围也不错 里昂也很帅 格蕾丝也很可爱,画面,正面
3016,3016,2026-02-27,"⢠⠤⠤⠤⠤⠤⠤⠤⠤⠤⠤⠤⠤⠤⠤⠤⢤⠀⠀⠀⠀⠀⠀⠀⠀⠀⠀
⢸⠀⠀⡤⠤⠤⣤⣤⣄⣀⣀⣀⣀⣀⣀⠀ ⡇⠉⠒⠤⣀⠀⠀⠀⠀
⢸⠀⠀⡇⠀⠀⠀⠀⠀Dad,⠀⠀⠀ ⢸⠀ ⡇⠀⠀⠀⠀ ⠉⠒⠤⣀⠀
⢸⠀⠀⡇is this Minecraft?⢸ ⡇⠀⠀⠀⠀⠀⠀⠀⠀⠀ ⡇
⢸⠀⠀⠙⠒⠒⠒⢢ ⢀⠖⠒⠒⠶⠾　 ⡇⠀⠀⠀⠀⠀⠀⠀ ⠀ ⡇
⢸⠀⠀⠀⠀⠀⠀⠀⠱⠎⠀⠀⡀⠀⠀⠀ ⠀ ⡇⠀⠀⠀⠀⠀⠀⠀⠀⠀⡇
⢸⠀⠀⠀⠀⠒⠒⣲⢶⣶⣞⠉⠀⠀⠀⠀ ⠀⡇⠀⠀⠀⠀⠀⠀⠀⠀⠀⡇
⢸⠀⠀⠀⠀⠀⣼⡥⢾⣘⣆⢱⡀⠀⠀⠀ ⠀⡇⠀⠀⠀⠀⠀⠀⠀⠀⠀⡇
⢸⠀⠀⠀⠀⠀⡇ •⠀ ⠀• 　⠇⠀⠀⠀ ⠀⡇⠀⠀⠀⠀⠀⠀⠀ ⠀⡇
⢸⠀⠀⠀⠀⠀⠱⠈⠢⠤⠂⠎⠀⠀⠀⠀ ⠀⡇⠀⠀⠀⠀⠀⠀⠀⠀ ⢰⠀
⢸⠀⠀⠀⠐⢤⣄⡈⢹⠉⣠⠔⠋⠀⠀ ⠀⠀⡇⠀⠀⠀⠀⠀⠀⠀ ⠀⢸⠀
⢸⠀⠀⠀⠀⠀⠀⠉⢻⠛⠁⠀⠀⠀⠀⠀⠀⠀⡇⠀⠀⠀⠀⠀⠀⠀ ⠀ ⢸⠀
⢸⠀⠀⠀⠀⠀⠀⠀⢸⡀⠀⠀⠀⠀⠀⠀⠀ ⠀⡇⠀⠀⠀⠀⠀⠀⠀⠀⠀⢸⠀
⢸⠀⠀⠀⠀⠀⠀⣠⠋⢳⡀⠀⠀⠀⠀⠀⠀⠀⡇⠀⠀⠀⠀⠀⠀⠀ ⠀ ⢸⠀
⢸⠀⠀⠀⠀⠀⡰⠃⠀⠀⠳⠀⠀⠀⠀⠀⠀⠀⡇⠀⠀⠀⠀⠀⠀⠀⠀ ⠀⢸⠀
⠀⠀⠀⠀⠀⠀⠀⠀⠀⠀⠀⠀⠀⠀⠀⠀⠀⠀⠈⠑⠢⢄⣀⠀⠀⠀⠀ ⠀⢸⠀
⠀⠀⠀⠀⠀⠀⠀⠀⠀⠀⠀⠀⠀⠀⠀⠀⠀⠀⠀⠀⠀⠀⠈⠙⠒⠤⣀ ⠀⣸⠀
⠀⠀⠀⠀⠀⠀⠀⠀⠀⠀⠀⠀⠀⠀⠀⠀⠀⠀⠀⠀⠀⠀⠀⠀⠀⠀⠀⠉⠋⠀",推荐,9.4,3,112,Dad is this Minecraft,其他,正面
3017,3017,2026-02-27,子弹不够太难受了,推荐,6.8,8,167,子弹不够太难受了,玩法,正面
3018,3018,2026-02-27,卡婊给你好评，球球给pc适配一下dualsense吧（安魂曲真是太好玩了）,推荐,7.5,32,191,卡婊给你好评 球球给pc适配一下dualsense吧 安魂曲真是太好玩了,玩法,正面
3019,3019,2026-02-27,期待明年的维罗妮卡重制，9代里昂玩的比重制4还爽,推荐,6.6,36,195,期待明年的维罗妮卡重制 9代里昂玩的比重制4还爽,情怀,正面
3020,3020,2026-02-27,多代作品完美结合，总之就是夯,推荐,8.3,36,45,多代作品完美结合 总之就是夯,情怀,正面
3021,3021,2026-02-27,我只能说 capcom 真牛逼！ 格蕾丝 我爱你！！！,推荐,8.1,28,87,我只能说 capcom 真牛逼 格蕾丝 我爱你,情怀,正面
3022,3022,2026-02-27,~,推荐,9.9,5,164,,优化,正面
3023,3023,2026-02-27,好玩,推荐,5.2,44,153,好玩,玩法,正面
3024,3024,2026-02-27,好玩,推荐,1.0,33,142,好玩,玩法,正面
3025,3025,2026-02-27,"里昂视角：我就是战神，秒天秒地秒空气
格蕾丝视角：gg，我没子弹了，这怎么打",推荐,4.9,5,114,里昂视角 我就是战神 秒天秒地秒空气 格蕾丝视角 gg 我没子弹了 这怎么打,玩法,正面
3026,3026,2026-02-27,神！！！吹爆 全系列最牛的一部！！奇行种太多了,推荐,13.1,25,34,神 吹爆 全系列最牛的一部 奇行种太多了,情怀,正面
3027,3027,2026-02-27,好评是一定给的，这款游戏各方面都是神中神，没后悔冲首发预购。这里占首发评论一个位置留个纪念，大家多多点赞支持，等玩完了更新完整评论。愿大伙游戏愉快！,推荐,3.0,4,63,好评是一定给的 这款游戏各方面都是神中神 没后悔冲首发预购 这里占首发评论一个位置留个纪念 大家多多点赞支持 等玩完了更新完整评论 愿大伙游戏愉快,情怀,正面
3028,3028,2026-02-27,神作，优化好,推荐,6.8,2,161,神作 优化好,优化,正面
3029,3029,2026-02-27,定价问题懒得喷，卡婊尿性，格蕾丝关卡难度设置🐢的过头了，子弹本来就少，伤害又低，怪打死有概率复活，小怪巡逻路线会跟着剧情进度改变，溶血剂资源也少，想跟前几代一样清图后闲庭信步基本不可能，7代伊森也是第一人称恐怖生存但人家不担心复活不担心火力，玩着都没这么🐢，一点稍微大的火力都不愿意给，扣扣嗖嗖的，里昂关卡爽了没几分钟马上又切回去，给我玩寸止，卡婊真的是强行让玩家玩着不舒服，就更不用说格蕾丝关卡最喜欢塞的暴君形怪——女孩了，刚到疗养院地下，玩的最几把郁闷小手枪打不出硬直，还不了手，灯一黑基本就马上钻出来堵你路，这地图本来就狭窄了，怪体积还大，攻击判定宽，一口就大残，绕也不好绕，被堵住就只能硬抗一口回房打药，卡普空尼玛死了真的,不推荐,8.2,23,132,定价问题懒得喷 卡婊尿性 格蕾丝关卡难度设置 的过头了 子弹本来就少 伤害又低 怪打死有概率复活 小怪巡逻路线会跟着剧情进度改变 溶血剂资源也少 想跟前几代一样清图后闲庭信步基本不可能 7代伊森也是第一人称恐怖生存但人家不担心复活不担心火力 玩着都没这么 一点稍微大的火力都不愿意给 扣扣嗖嗖的 里昂关卡爽了没几分钟马上又切回去 给我玩寸止 卡婊真的是强行让玩家玩着不舒服 就更不用说格蕾丝关卡最喜欢塞的暴君形怪 女孩了 刚到疗养院地下 玩的最几把郁闷小手枪打不出硬直 还不了手 灯一黑基本就马上钻出来堵你路 这地图本来就狭窄了 怪体积还大 攻击判定宽 一口就大残 绕也不好绕 被堵住就只能硬抗一口回房打药 卡普空尼玛死了真的,玩法,负面
3030,3030,2026-02-27,"页面显示完全适配DS,，进游戏以后却完全没有给ds做适配。到底是什么心态？",不推荐,9.7,20,79,页面显示完全适配DS 进游戏以后却完全没有给ds做适配 到底是什么心态,优化,负面
3031,3031,2026-02-27,格蕾丝线我唯唯诺诺，里昂线我重拳出击,推荐,9.3,47,106,格蕾丝线我唯唯诺诺 里昂线我重拳出击,情怀,正面
3032,3032,2026-02-27,可以没的说游戏挺好的，就是怪血有点厚还没闪避，还有那些说优化差的游戏进不去的也是牛逼了我1660都进去流畅玩，这叫个优化差？也是神了,推荐,9.2,42,201,可以没的说游戏挺好的 就是怪血有点厚还没闪避 还有那些说优化差的游戏进不去的也是牛逼了我1660都进去流畅玩 这叫个优化差 也是神了,玩法,正面
3033,3033,2026-02-27,目前前期体验很好，但到了室外还是容易掉帧，动作系统很出色，第一人称解密部分很有re7的感觉，但好像流程不长，，那佣兵模式赶紧端上来吧，别白瞎了这么好的动作系统，然后让ada客串一下佣兵最好了,推荐,2.0,19,28,目前前期体验很好 但到了室外还是容易掉帧 动作系统很出色 第一人称解密部分很有re7的感觉 但好像流程不长 那佣兵模式赶紧端上来吧 别白瞎了这么好的动作系统 然后让ada客串一下佣兵最好了,玩法,正面
3034,3034,2026-02-27,2026年度最佳游戏！！！天下第一的游戏！！！！！！,推荐,6.9,16,175,2026年度最佳游戏 天下第一的游戏,情怀,正面
3035,3035,2026-02-27,玩格蕾丝的时候我连滚带爬 但是当我里昂爹地一出场 什么丧尸鬼怪你们一起上吧,推荐,4.4,46,205,玩格蕾丝的时候我连滚带爬 但是当我里昂爹地一出场 什么丧尸鬼怪你们一起上吧,情怀,正面
3036,3036,2026-02-27,李昂也是风韵犹存,推荐,9.8,9,18,李昂也是风韵犹存,情怀,正面
3037,3037,2026-02-27,豪玩,推荐,17.9,45,54,豪玩,其他,正面
3038,3038,2026-02-27,剧情画面非常满意，生化危机系列必须冲首发！好评！！！,推荐,8.8,48,207,剧情画面非常满意 生化危机系列必须冲首发 好评,剧情,正面
3039,3039,2026-02-27,目前为止还不错！,推荐,1.9,20,29,目前为止还不错,其他,正面
3040,3040,2026-02-27,真tmd好玩,推荐,8.7,7,16,真tmd好玩,玩法,正面
3041,3041,2026-02-27,里昂帅炸了,推荐,6.7,39,48,里昂帅炸了,情怀,正面
3042,3042,2026-02-27,奔着生化来不喜欢逃生的可以退了，一半内容是逼你玩一个没完没了大呼小叫救命逃跑会平地摔的废物逃生......,不推荐,1.3,22,31,奔着生化来不喜欢逃生的可以退了 一半内容是逼你玩一个没完没了大呼小叫救命逃跑会平地摔的废物逃生,玩法,负面
3043,3043,2026-02-27,不错,推荐,6.9,12,71,不错,其他,正面
3044,3044,2026-02-27,恐怖和战斗结合最爽的一部，画面质量再次提升，优化一如既往的好（不开光追），非常适合新人入坑的一部生化危机，如果DLC有艾达王的话将是绝杀！,推荐,7.9,10,119,恐怖和战斗结合最爽的一部 画面质量再次提升 优化一如既往的好 不开光追 非常适合新人入坑的一部生化危机 如果DLC有艾达王的话将是绝杀,画面,正面
3045,3045,2026-02-27,路痴已经在格蕾丝线的疗养院晕了，完全不知道该干嘛，有点当时玩生化2的感觉,推荐,3.3,50,109,路痴已经在格蕾丝线的疗养院晕了 完全不知道该干嘛 有点当时玩生化2的感觉,玩法,正面
3046,3046,2026-02-27,玩了几个小时，目前感觉还不错,推荐,12.6,1,160,玩了几个小时 目前感觉还不错,其他,正面
3047,3047,2026-02-27,好玩,推荐,8.3,44,203,好玩,玩法,正面
3048,3048,2026-02-27,我只玩李昂不玩女人，能给我打五折吗？,推荐,7.0,29,38,我只玩李昂不玩女人 能给我打五折吗,情怀,正面
3049,3049,2026-02-27,画面满分，玩法满分，战斗满分，演出满分，依旧稳定发挥,推荐,7.4,21,80,画面满分 玩法满分 战斗满分 演出满分 依旧稳定发挥,画面,正面
3050,3050,2026-02-27,游戏到第二关后移动视角会产生画面撕裂,不推荐,6.0,27,36,游戏到第二关后移动视角会产生画面撕裂,画面,负面
3051,3051,2026-02-27,"大家好：
我是《生化危机9》里昂·S·肯尼迪的脸模。游戏已正式上线，此刻终于可以分享这个消息。
能够参与这部作品，为里昂这一经典角色注入真实的面部细节，是我的荣幸。我与卡普空团队通过面部扫描与表情捕捉技术，力求呈现角色在极端环境下的情绪张力与真实质感。
你们将在游戏中看到由我参与塑造的里昂·肯尼迪。希望大家能在这场全新冒险中，感受到我们的心血与诚意。欢迎届时体验。",推荐,5.8,40,199,大家好 我是 生化危机9 里昂 S 肯尼迪的脸模 游戏已正式上线 此刻终于可以分享这个消息 能够参与这部作品 为里昂这一经典角色注入真实的面部细节 是我的荣幸 我与卡普空团队通过面部扫描与表情捕捉技术 力求呈现角色在极端环境下的情绪张力与真实质感 你们将在游戏中看到由我参与塑造的里昂 肯尼迪 希望大家能在这场全新冒险中 感受到我们的心血与诚意 欢迎届时体验,画面,正面
3052,3052,2026-02-27,将近30年的游戏系列，一直就是这个套路，锁门，勋章自动门，抓脚。 一惊一乍！ 能换个套路不？日本没落了！ 画质5090全开确实好！ 好游戏，老套路！,推荐,4.2,22,81,将近30年的游戏系列 一直就是这个套路 锁门 勋章自动门 抓脚 一惊一乍 能换个套路不 日本没落了 画质5090全开确实好 好游戏 老套路,玩法,正面
3053,3053,2026-02-27,那个男人的安全感太强辣！！！,推荐,16.4,34,143,那个男人的安全感太强辣,情怀,正面
3054,3054,2026-02-27,太牛了，优化也好,推荐,11.0,12,171,太牛了 优化也好,优化,正面
3055,3055,2026-02-27,好玩,推荐,4.5,45,204,好玩,玩法,正面
3056,3056,2026-02-27,三个小时闪退6次，卡在格蕾丝那里过不去了，中间给的自动存档远过头了，无语。玩法还是老套，躲猫猫占的时间太多了，已经是撅起屁股就知道要拉什么了，你格蕾丝连滚带爬的我搁那蹲起嘲讽，给我整笑了，然后闪退，再次给我气笑，一整个幽默游戏。不如把你勾八的五六重制一下，起码能战斗爽，闹麻了。,不推荐,16.6,7,66,三个小时闪退6次 卡在格蕾丝那里过不去了 中间给的自动存档远过头了 无语 玩法还是老套 躲猫猫占的时间太多了 已经是撅起屁股就知道要拉什么了 你格蕾丝连滚带爬的我搁那蹲起嘲讽 给我整笑了 然后闪退 再次给我气笑 一整个幽默游戏 不如把你勾八的五六重制一下 起码能战斗爽 闹麻了,优化,负面
3057,3057,2026-02-27,神作，最好的一部生化,推荐,4.2,32,41,神作 最好的一部生化,情怀,正面
3058,3058,2026-02-27,HAO WAN,推荐,10.7,40,199,HAO WAN,玩法,正面
3059,3059,2026-02-27,三十年前那年我八岁，没啥钱，站在索尼厅看着中年老登用PS1代索尼玩老版生化2，一站就是4个小时。那时候我就暗自发誓，以后，我要用最好得设备让别人看我玩。今天，我用着5090+980X3DROG全家桶，打开生化危机9豪华版，看着4K屏幕里，里昂飘着得每一根发丝都清晰无比，我居然有一点想念当年索尼厅得那个中年老登，他，还好么？今天有跟我一样在玩么？,推荐,5.9,41,200,三十年前那年我八岁 没啥钱 站在索尼厅看着中年老登用PS1代索尼玩老版生化2 一站就是4个小时 那时候我就暗自发誓 以后 我要用最好得设备让别人看我玩 今天 我用着5090 980X3DROG全家桶 打开生化危机9豪华版 看着4K屏幕里 里昂飘着得每一根发丝都清晰无比 我居然有一点想念当年索尼厅得那个中年老登 他 还好么 今天有跟我一样在玩么,情怀,正面
3060,3060,2026-02-27,等这一天太久了,推荐,11.5,14,23,等这一天太久了,情怀,正面
3061,3061,2026-02-27,好玩爱玩！通宵玩！,推荐,11.3,7,116,好玩爱玩 通宵玩,玩法,正面
3062,3062,2026-02-27,伟大，无须多言。,推荐,8.7,32,191,伟大 无须多言,情怀,正面
3063,3063,2026-02-27,"非常好玩
",推荐,16.1,25,134,非常好玩,玩法,正面
3064,3064,2026-02-27,用2.5k加16：10屏幕笔记本玩的真是有福了，游戏没全屏，最高只能2k，不支持16：10上下大黑边，因为和桌面分辨率不匹配，只要切到菜单地图就有几率卡顿掉帧。,不推荐,6.8,42,51,用2 5k加16 10屏幕笔记本玩的真是有福了 游戏没全屏 最高只能2k 不支持16 10上下大黑边 因为和桌面分辨率不匹配 只要切到菜单地图就有几率卡顿掉帧,画面,负面
3065,3065,2026-02-27,"8分，中规中矩的优秀作品，对于个人来讲，有点失望，有诚意没新意。
玩法操作上来说的很流畅优秀，但实际上很传统，就跟2/4结合升级版一样。
剧情是绝对的硬伤，感觉尬尬的，反派也不立体。
对于30周年的作品开始真的不算惊艳，没有什么突破，对于整个生化危机主线，保护伞公司和病毒的理解上也无大进展。",推荐,0.7,5,14,8分 中规中矩的优秀作品 对于个人来讲 有点失望 有诚意没新意 玩法操作上来说的很流畅优秀 但实际上很传统 就跟2 4结合升级版一样 剧情是绝对的硬伤 感觉尬尬的 反派也不立体 对于30周年的作品开始真的不算惊艳 没有什么突破 对于整个生化危机主线 保护伞公司和病毒的理解上也无大进展,玩法,正面
3066,3066,2026-02-27,生物危机系列感觉越来越往大片方向发展了，质感好，画面高级，动作流畅，声音表现效果也很好，首发很值,推荐,4.8,43,152,生物危机系列感觉越来越往大片方向发展了 质感好 画面高级 动作流畅 声音表现效果也很好 首发很值,画面,正面
3067,3067,2026-02-27,有七的氛围恐怖又有四的战斗爽，两种风格过渡非常丝滑，豪玩，就是里昂戏份感觉太短了,推荐,3.4,18,177,有七的氛围恐怖又有四的战斗爽 两种风格过渡非常丝滑 豪玩 就是里昂戏份感觉太短了,玩法,正面
3068,3068,2026-02-27,玩了一会，总的来说我体验的还可以，格蕾丝的代入感也是比较强的，里昂也是爽，但是不太值这个价，建议打折再买,推荐,3.3,13,122,玩了一会 总的来说我体验的还可以 格蕾丝的代入感也是比较强的 里昂也是爽 但是不太值这个价 建议打折再买,价格,正面
3069,3069,2026-02-27,"要说真的不少。
1、枪战太拉垮了，里昂目测打空了却判定打中了，而格蕾丝贴脸能连续空枪，为什么不让生化4重置的工作人员完成枪战这一部分？
2、我玩了三个多小时，里昂操纵时间有五分钟吗，说好的一半一半呢，看着格蕾丝跌跌爬爬只会让人烦躁。
3、还有你可以搞恐怖生存，但是UI能不能进化一下，开个储物箱慢吞吞，物品栏也是，简直恶心到爆炸，居然不能拖拽合成的。并且一张破纸都能占一个格子，真吃大便想出来的吧。
4、还有上键居然是手电筒，你他妈能不能默认手电筒是开启的，这很难吗！我玩游戏习惯上键是切换手枪的，改这个习惯有多难，你们制作游戏时候考虑过吗，这是最让我生气的一点！
目前这两三个小时来看，这作撑破天就是个恐怖佳作，距离神作（生化4重置）差太远。9代的制作人也是7代的制作人吧，感觉他们根本没法撑起一个生化危机的未来，他的舒适圈决定他只会搞恐怖，其余动作、UI、资源管理、人物操作就是一坨大便。预购的豪华版，目前看来真是血亏。
个人评价，六十分，但还是可以推荐的，比如能忍受糟糕的射击手感，喜欢专注于生存恐怖的玩家，也就是7代玩家。",推荐,11.7,36,195,要说真的不少 1 枪战太拉垮了 里昂目测打空了却判定打中了 而格蕾丝贴脸能连续空枪 为什么不让生化4重置的工作人员完成枪战这一部分 2 我玩了三个多小时 里昂操纵时间有五分钟吗 说好的一半一半呢 看着格蕾丝跌跌爬爬只会让人烦躁 3 还有你可以搞恐怖生存 但是UI能不能进化一下 开个储物箱慢吞吞 物品栏也是 简直恶心到爆炸 居然不能拖拽合成的 并且一张破纸都能占一个格子 真吃大便想出来的吧 4 还有上键居然是手电筒 你他妈能不能默认手电筒是开启的 这很难吗 我玩游戏习惯上键是切换手枪的 改这个习惯有多难 你们制作游戏时候考虑过吗 这是最让我生气的一点 目前这两三个小时来看 这作撑破天就是个恐怖佳作 距离神作 生化4重置 差太远 9代的制作人也是7代的制作人吧 感觉他们根本没法撑起一个生化危机的未来 他的舒适圈决定他只会搞恐怖 其余动作 UI 资源管理 人物操作就是一坨大便 预购的豪华版 目前看来真是血亏 个人评价 六十分 但还是可以推荐的 比如能忍受糟糕的射击手感 喜欢专注于生存恐怖的玩家 也就是7代玩家,玩法,正面
3070,3070,2026-02-27,"优化没问题（那为啥荒野首发优化那个鬼样子？），点个赞。
玩法上，玩过重置4和7、8玩家们一定不会有什么惊喜了，但是，只要出品保持稳定，就是好游戏！
哎，玩家就是那么容易哄，这预购，值！",推荐,2.2,31,190,优化没问题 那为啥荒野首发优化那个鬼样子 点个赞 玩法上 玩过重置4和7 8玩家们一定不会有什么惊喜了 但是 只要出品保持稳定 就是好游戏 哎 玩家就是那么容易哄 这预购 值,玩法,正面
3071,3071,2026-02-27,"0点NS2已首发通宵玩了13小时，目前PC解锁继续玩，评论不涉及任何剧透。
-----------------------------------------------------------------------------------------------------------------------------
评价写开头：史中之史，必被整个生化系列钉在耻辱柱上，生六钉正面，生九钉背面。

如果一定要打个分，勉强给到8分，百分制。

游戏的武器系统、战斗设计、画面质量，甚至我认为最拉胯的剧情演出，其实都能打到8分以上，但卡表硬是能用一堆满分素材给你整出一坨来。

首先打一下官方的脸，卡表宣传的时候说分头和格蕾丝剧情分量基本相当，这是史上最离谱的宣发诈骗，比无人深空首发有过之无不及。全流程两个主角的戏份是交替进行的，只要你不是第一次用键鼠或手柄，也不是第一次玩射击游戏，一周目的节奏基本上是玩1-3小时格蕾丝，下一章接5分钟分头，再接1-3小时格蕾丝循环。如果是二周目速通，格蕾丝差不多20分钟一章，分头3分钟左右就没了。没错，分头戏份少到可怜，基本上你可以理解为格蕾丝解谜解半天，切分头打场战斗就立马切回来继续解谜。即使第二章过后分头戏份变多了，两者的比例却没有增加多少。

第二，游戏的解谜节奏太臭太长，塞满了卡普空对于解谜的变态理解。还是三十年前那一套恶趣味，终点一开始就在面前，先找钥匙，找的路上遇到开不了的门，绕了一圈发现钥匙在一个开不了的盒子里，再反方向绕一圈找密码开盒子，然后再正方向带钥匙回去开门，一条路线跑三趟开了门锁之后发现门把手丢了，换个方向继续找三趟门把手，这一套功夫下来终于开完门了，刚出门一步被boss一脚踹回来了。没有精妙的箱庭设计，没有优秀的剧情引导，就放个地图让你硬跑。我这里就直接开地图炮，这种类型的解谜就是过时了，纯浪费玩家时间。

第三，格蕾丝的性能过于垃圾了。一个能上手各种枪械的现任FB1，剧情里各种哭爹喊娘，战斗上没有任何可用的体术，常态移动速度慢到你无法想象，我几乎因为这个移动速度玩不下去，两个主角的奔跑速度还不如其他游戏里蹲走的速度，跑步状态下没有三步内的丧尸走路快。格蕾丝唯一的人物特性是做毒剂，可以说她的章节完全是计算资源分配，没有任何可操作性。老生化好歹知道做空间范围给玩家秀操作，这代的室内直接两人宽，进入攻击范围敌人百分百抓取，而敌人攻击状态下的移速超过主角两倍以上，什么前后大法不存在的，没有任何操作空间。说直白一点，格蕾丝的章节就是逼你用最极限的资源，非常恶心地跑图记住所有资源位置之后读档重打。如果你高难度下资源算错了，老老实实读一个小时前的档重打吧。

分头的章节则相反，卡表非常清楚玩家喜欢什么样的战斗，什么样的操作，什么样的人物性能。枪械多种类大硬直，有近战武器，体术高爆发动作帅，资源也非常充裕，以至于卡表只能沿用78代的帕金森手抖以及准星瞄着2秒不打才有伤害这种傻逼设定来恶心玩家。但即便如此，分头篇仍然操作非常战斗爽。唯一的缺点，就是分头登场永远只有三分钟。少到离谱的剧情让人忍不住质疑，9代是不是原本只设计了格蕾丝单人的剧情，是最后发现玩法恶心人，剧情也撑不起招牌，临时拉分头过来救场。

剧情方面防剧透不细说了，又是凭空跟上古时代人物拉关系套近乎的老桥段。明明从头到尾都是凭空划出来的架空剧情，非要和老生化扯上关系，现在的卡普空写剧本的能力真的很有问题。这么多年唯一写出来一个伊森，是靠剧情杀他全家包括他自己才能触动玩家，其他的原创角色没一个有分量的。反派永远只会凭空出现，又非要走伟光正路线刚出来就给人整死，然后下一作又只能凭空弄个boss出来，正传做得像外传。

画面和优化都是re引擎当前最佳，比生4re更流畅。

总结评价：生化9唯一生化的地方是它选了T病毒，唯一值得玩的地方是你能玩到分头。

不是不想夸，双平台预购豪华版的老粉都夸不出来，希望各位能明白这个差评的分量。",不推荐,9.1,13,72,0点NS2已首发通宵玩了13小时 目前PC解锁继续玩 评论不涉及任何剧透 评价写开头 史中之史 必被整个生化系列钉在耻辱柱上 生六钉正面 生九钉背面 如果一定要打个分 勉强给到8分 百分制 游戏的武器系统 战斗设计 画面质量 甚至我认为最拉胯的剧情演出 其实都能打到8分以上 但卡表硬是能用一堆满分素材给你整出一坨来 首先打一下官方的脸 卡表宣传的时候说分头和格蕾丝剧情分量基本相当 这是史上最离谱的宣发诈骗 比无人深空首发有过之无不及 全流程两个主角的戏份是交替进行的 只要你不是第一次用键鼠或手柄 也不是第一次玩射击游戏 一周目的节奏基本上是玩1 3小时格蕾丝 下一章接5分钟分头 再接1 3小时格蕾丝循环 如果是二周目速通 格蕾丝差不多20分钟一章 分头3分钟左右就没了 没错 分头戏份少到可怜 基本上你可以理解为格蕾丝解谜解半天 切分头打场战斗就立马切回来继续解谜 即使第二章过后分头戏份变多了 两者的比例却没有增加多少 第二 游戏的解谜节奏太臭太长 塞满了卡普空对于解谜的变态理解 还是三十年前那一套恶趣味 终点一开始就在面前 先找钥匙 找的路上遇到开不了的门 绕了一圈发现钥匙在一个开不了的盒子里 再反方向绕一圈找密码开盒子 然后再正方向带钥匙回去开门 一条路线跑三趟开了门锁之后发现门把手丢了 换个方向继续找三趟门把手 这一套功夫下来终于开完门了 刚出门一步被boss一脚踹回来了 没有精妙的箱庭设计 没有优秀的剧情引导 就放个地图让你硬跑 我这里就直接开地图炮 这种类型的解谜就是过时了 纯浪费玩家时间 第三 格蕾丝的性能过于垃圾了 一个能上手各种枪械的现任FB1 剧情里各种哭爹喊娘 战斗上没有任何可用的体术 常态移动速度慢到你无法想象 我几乎因为这个移动速度玩不下去 两个主角的奔跑速度还不如其他游戏里蹲走的速度 跑步状态下没有三步内的丧尸走路快 格蕾丝唯一的人物特性是做毒剂 可以说她的章节完全是计算资源分配 没有任何可操作性 老生化好歹知道做空间范围给玩家秀操作 这代的室内直接两人宽 进入攻击范围敌人百分百抓取 而敌人攻击状态下的移速超过主角两倍以上 什么前后大法不存在的 没有任何操作空间 说直白一点 格蕾丝的章节就是逼你用最极限的资源 非常恶心地跑图记住所有资源位置之后读档重打 如果你高难度下资源算错了 老老实实读一个小时前的档重打吧 分头的章节则相反 卡表非常清楚玩家喜欢什么样的战斗 什么样的操作 什么样的人物性能 枪械多种类大硬直 有近战武器 体术高爆发动作帅 资源也非常充裕 以至于卡表只能沿用78代的帕金森手抖以及准星瞄着2秒不打才有伤害这种傻逼设定来恶心玩家 但即便如此 分头篇仍然操作非常战斗爽 唯一的缺点 就是分头登场永远只有三分钟 少到离谱的剧情让人忍不住质疑 9代是不是原本只设计了格蕾丝单人的剧情 是最后发现玩法恶心人 剧情也撑不起招牌 临时拉分头过来救场 剧情方面防剧透不细说了 又是凭空跟上古时代人物拉关系套近乎的老桥段 明明从头到尾都是凭空划出来的架空剧情 非要和老生化扯上关系 现在的卡普空写剧本的能力真的很有问题 这么多年唯一写出来一个伊森 是靠剧情杀他全家包括他自己才能触动玩家 其他的原创角色没一个有分量的 反派永远只会凭空出现 又非要走伟光正路线刚出来就给人整死 然后下一作又只能凭空弄个boss出来 正传做得像外传 画面和优化都是re引擎当前最佳 比生4re更流畅 总结评价 生化9唯一生化的地方是它选了T病毒 唯一值得玩的地方是你能玩到分头 不是不想夸 双平台预购豪华版的老粉都夸不出来 希望各位能明白这个差评的分量,玩法,负面
3072,3072,2026-02-27,"技术力上本作使用了升级版的re引擎，在画面表现上相比前作有了很大提升。
里昂体术相当可怕且在开场就装备了“安魂曲”，子弹数量很充裕，爽度可谓相当夸张;格蕾丝线则反之，我感觉相比前作的主角伊森本作格蕾丝的角色性能甚至更弱，并且在部分场景中，黑暗的画面搭配上格蕾丝细若游丝的喘气声让本作在恐怖氛围表现力上相比与前作更上一层楼。
生存恐怖动作射击，两个愿望一次满足。
不过就是在手柄适配和优化上差点意思，早知道就多花200买ps5版了。",推荐,2.8,8,167,技术力上本作使用了升级版的re引擎 在画面表现上相比前作有了很大提升 里昂体术相当可怕且在开场就装备了 安魂曲 子弹数量很充裕 爽度可谓相当夸张 格蕾丝线则反之 我感觉相比前作的主角伊森本作格蕾丝的角色性能甚至更弱 并且在部分场景中 黑暗的画面搭配上格蕾丝细若游丝的喘气声让本作在恐怖氛围表现力上相比与前作更上一层楼 生存恐怖动作射击 两个愿望一次满足 不过就是在手柄适配和优化上差点意思 早知道就多花200买ps5版了,画面,正面
3073,3073,2026-02-27,商店标着完全适配PS5手柄，到了游戏里一点适配不做，关了STEAM输入连ps5手柄都识别不到，逆天了卡表，诈骗都来了,不推荐,9.6,44,103,商店标着完全适配PS5手柄 到了游戏里一点适配不做 关了STEAM输入连ps5手柄都识别不到 逆天了卡表 诈骗都来了,优化,负面
3074,3074,2026-02-27,谁懂疗养院僵尸电锯人柱力打完一个马上下一个接力...还自带友军伤害..真太搞了暂停笑两分钟。,推荐,10.1,28,187,谁懂疗养院僵尸电锯人柱力打完一个马上下一个接力 还自带友军伤害 真太搞了暂停笑两分钟,玩法,正面
3075,3075,2026-02-27,好玩,推荐,8.0,44,103,好玩,玩法,正面
3076,3076,2026-02-27,吓死老子了,推荐,1.1,38,197,吓死老子了,其他,正面
3077,3077,2026-02-27,体验中。,推荐,1.4,8,117,体验中,其他,正面
3078,3078,2026-02-27,里昂线纯战斗爽!!!不枉我期待这么久,推荐,8.9,43,52,里昂线纯战斗爽 不枉我期待这么久,玩法,正面
3079,3079,2026-02-27,对味了，解密加战斗爽，格蕾丝的英配我觉得真不错，把格蕾丝的胆小表现的淋漓尽致。,推荐,3.6,12,71,对味了 解密加战斗爽 格蕾丝的英配我觉得真不错 把格蕾丝的胆小表现的淋漓尽致,音效,正面
3080,3080,2026-02-27,目前的体验是绝对的神作，格蕾丝线是真的吓人，里昂线是真的爽,推荐,8.8,35,44,目前的体验是绝对的神作 格蕾丝线是真的吓人 里昂线是真的爽,剧情,正面
3081,3081,2026-02-27,质量还行，啥问题也没有，由于是工作时间，公司电脑8700+16G+5060目前没问题，女主性能实在是一言难尽，换了三光又感觉是在打L4D2，希望晚上回家AMD的电脑不会出现问题吧,推荐,10.2,41,100,质量还行 啥问题也没有 由于是工作时间 公司电脑8700 16G 5060目前没问题 女主性能实在是一言难尽 换了三光又感觉是在打L4D2 希望晚上回家AMD的电脑不会出现问题吧,优化,正面
3082,3082,2026-02-27,开光追报错就算了开DLSS也报错，卡婊老黄总得死一个,不推荐,7.8,48,157,开光追报错就算了开DLSS也报错 卡婊老黄总得死一个,优化,负面
3083,3083,2026-02-27,good good,推荐,13.2,24,83,good good,其他,正面
3084,3084,2026-02-27,真的不错不错,推荐,7.7,14,23,真的不错不错,其他,正面
3085,3085,2026-02-27,好玩,推荐,8.7,25,84,好玩,玩法,正面
3086,3086,2026-02-27,显示支持原生ds手柄 但是不开关掉steam输入 直接用不了了，打开steam输入 就没有震动和自适应扳机，实际上根本用不了 什么时候修复什么时候给好评,不推荐,4.3,31,190,显示支持原生ds手柄 但是不开关掉steam输入 直接用不了了 打开steam输入 就没有震动和自适应扳机 实际上根本用不了 什么时候修复什么时候给好评,优化,负面
3087,3087,2026-02-27,"首先，我在首次启动后无法再次启动，报错，重启电脑后依然
我的笔记本电脑是5070ti i9 13900
差评+1
第二，在里昂首次交手维克托在街道遭遇的第一个拿着钢管的僵尸无法拼刀，不理解
差评+1
pc端为什么比主机晚12多个小时发行？
差评+1
总结，除了剧情就是一坨屎",不推荐,6.6,20,79,首先 我在首次启动后无法再次启动 报错 重启电脑后依然 我的笔记本电脑是5070ti i9 13900 差评 1 第二 在里昂首次交手维克托在街道遭遇的第一个拿着钢管的僵尸无法拼刀 不理解 差评 1 pc端为什么比主机晚12多个小时发行 差评 1 总结 除了剧情就是一坨屎,优化,负面
3088,3088,2026-02-27,牛逼,推荐,9.0,16,125,牛逼,其他,正面
3089,3089,2026-02-27,"游戏的恐怖感和节奏目前来看都很好，就是这个胶片颗粒为什么没有去除的选项啊，强烈要求更新增加一个去除胶片颗粒的选项设置，非常不喜欢这个效果
The game's sense of horror and pacing are both very good so far, but why isn't there an option to remove the film grain? I strongly request an update to add a setting to remove the film grain, as I really don't like this effect.
ゲームの恐怖感やテンポは現時点ではとても良いのですが、このフィルム粒子を除去するオプションがなぜないのでしょうか。フィルム粒子を除去する設定を追加するアップデートを強く希望します。この効果は本当に好きではありません",推荐,3.7,26,185,游戏的恐怖感和节奏目前来看都很好 就是这个胶片颗粒为什么没有去除的选项啊 强烈要求更新增加一个去除胶片颗粒的选项设置 非常不喜欢这个效果 The game s sense of horror and pacing are both very good so far but why isn t there an option to remove the film grain I strongly request an update to add a setting to remove the film grain as I really don t like this effect ゲームの恐怖感やテンポは現時点ではとても良いのですが このフィルム粒子を除去するオプションがなぜないのでしょうか フィルム粒子を除去する設定を追加するアップデートを強く希望します この効果は本当に好きではありません,画面,正面
3090,3090,2026-02-27,先给上差评再说，这优化了什么，我调上限120帧，依然跑240显示器上限数，4090的配置开个2k也没拉高什么东西，显存也只占用了三分之一左右，他居然过场cg里的音频能卡顿。还有就是鼠标灵敏度给你制作组吃了嘛，一瞄准就拖不动视角，只能靠调鼠标dpi缓解。等什么时候改正了再来撤消差评,不推荐,9.6,2,161,先给上差评再说 这优化了什么 我调上限120帧 依然跑240显示器上限数 4090的配置开个2k也没拉高什么东西 显存也只占用了三分之一左右 他居然过场cg里的音频能卡顿 还有就是鼠标灵敏度给你制作组吃了嘛 一瞄准就拖不动视角 只能靠调鼠标dpi缓解 等什么时候改正了再来撤消差评,优化,负面
3091,3091,2026-02-27,一进地图，这开不了，那开不了，道具在那拿，也不标一下，纯弱智落后设计,不推荐,12.3,13,22,一进地图 这开不了 那开不了 道具在那拿 也不标一下 纯弱智落后设计,玩法,负面
3092,3092,2026-02-27,前几个月刚玩完重制版生化危机1234，没多久就续上了。卡婊用实际行动告诉你冷饭新菜他都会炒。,推荐,6.7,46,205,前几个月刚玩完重制版生化危机1234 没多久就续上了 卡婊用实际行动告诉你冷饭新菜他都会炒,情怀,正面
3093,3093,2026-02-27,游戲劇情 玩法操作 人物塑造都一如既往的好 讓我戒電腦失敗 好玩 卡普空能不能一天出一部新作品,推荐,10.4,35,94,游戲劇情 玩法操作 人物塑造都一如既往的好 讓我戒電腦失敗 好玩 卡普空能不能一天出一部新作品,剧情,正面
3094,3094,2026-02-27,"里昂粉狂喜之作，没里昂不生华，把生化危机的魂找回来了
本作也没让人失望，恐惧、紧张、求生欲，战斗爽一个都没少。
优化也很舒服",推荐,22.7,14,173,里昂粉狂喜之作 没里昂不生华 把生化危机的魂找回来了 本作也没让人失望 恐惧 紧张 求生欲 战斗爽一个都没少 优化也很舒服,情怀,正面
3095,3095,2026-02-27,"总结一下自己的看法
1.体验感：目前体验三个小时下来只能说夯爆了，幸好当时没有看偷跑的视频，也没有关注社区的一些讨论，最好自己体验一下，每个人的看法和体验感都不一样。对新手玩家来说的话，该作的手上难度并不高。

2.目前进度：打到了客房区和病院区，操作格蕾丝在这两个区域来回解密，会有一点绕，需要拿的东西很多，地图提供的点位还是很详细的，但最好记一下图，避免绕晕，本作的怪是挺有特色的，丧尸会延续人类身前的习性，利用好这些习性，可以少浪费子弹，基本是不怎么需要开枪的。但是手枪有时候会打不出来子弹不知道是不是自己的原因，会卡手。

3.操作感：该作有第一人称和第三人称切换这点非常好，格蕾丝最好用第一人称，跑图解密以及躲怪的体验沉浸感会高很多，里昂还是用第三人称，因为老爸来咯～可以看到帅气的处决动画，里昂真是越看越帅，越老越香醇。但美中不足的地方，在设置中没有找到调节灵敏度，只能通过调节鼠标驱动增加灵敏度，不然会有点慢。

4.画质和帧数：我是4060，在进游戏的时候会让你选择画质优先还是帧数优先，我选择了画质优先，整体优化是很不错的，稳定100帧以上，中间也没有卡顿。",推荐,8.6,22,31,总结一下自己的看法 1 体验感 目前体验三个小时下来只能说夯爆了 幸好当时没有看偷跑的视频 也没有关注社区的一些讨论 最好自己体验一下 每个人的看法和体验感都不一样 对新手玩家来说的话 该作的手上难度并不高 2 目前进度 打到了客房区和病院区 操作格蕾丝在这两个区域来回解密 会有一点绕 需要拿的东西很多 地图提供的点位还是很详细的 但最好记一下图 避免绕晕 本作的怪是挺有特色的 丧尸会延续人类身前的习性 利用好这些习性 可以少浪费子弹 基本是不怎么需要开枪的 但是手枪有时候会打不出来子弹不知道是不是自己的原因 会卡手 3 操作感 该作有第一人称和第三人称切换这点非常好 格蕾丝最好用第一人称 跑图解密以及躲怪的体验沉浸感会高很多 里昂还是用第三人称 因为老爸来咯 可以看到帅气的处决动画 里昂真是越看越帅 越老越香醇 但美中不足的地方 在设置中没有找到调节灵敏度 只能通过调节鼠标驱动增加灵敏度 不然会有点慢 4 画质和帧数 我是4060 在进游戏的时候会让你选择画质优先还是帧数优先 我选择了画质优先 整体优化是很不错的 稳定100帧以上 中间也没有卡顿,玩法,正面
3096,3096,2026-02-27,依旧格子危机,推荐,6.9,4,63,依旧格子危机,玩法,正面
3097,3097,2026-02-27,目前刚游玩三小时，先给个好评，生化味依然很足，唯一缺点是前期里昂的戏份偏少，玩的不够爽,推荐,6.4,35,44,目前刚游玩三小时 先给个好评 生化味依然很足 唯一缺点是前期里昂的戏份偏少 玩的不够爽,剧情,正面
3098,3098,2026-02-27,各位在观望游戏的，这傻逼游戏首发就声音画面不同步，我配置i9 + 4080，所有画质下都有这个问题，极度影响游戏体验，各位要购买的小心。,不推荐,13.3,25,134,各位在观望游戏的 这傻逼游戏首发就声音画面不同步 我配置i9 4080 所有画质下都有这个问题 极度影响游戏体验 各位要购买的小心,音效,负面
3099,3099,2026-02-27,谁尿我裤子里了   T - T,推荐,12.7,21,30,谁尿我裤子里了 T T,其他,正面
3100,3100,2026-02-27,"游戏画面精美
卡普空自家游戏引擎，优化一如既往的好
里昂再一次出征，撑起一片天，帅的飞起
生化危机作为世界顶级IP，一直没有让人失望
希望 CAPCOM 能持续出续集，会一直支持
总之就是非常推荐！",推荐,9.0,15,24,游戏画面精美 卡普空自家游戏引擎 优化一如既往的好 里昂再一次出征 撑起一片天 帅的飞起 生化危机作为世界顶级IP 一直没有让人失望 希望 CAPCOM 能持续出续集 会一直支持 总之就是非常推荐,画面,正面
3101,3101,2026-02-27,里昂牛逼,推荐,3.2,39,148,里昂牛逼,情怀,正面
3102,3102,2026-02-27,"病毒A临床症状： 抖M体质，酷爱开局8格子求生和第一人称丧尸糊脸。
病毒B临床症状： 仓鼠症晚期，必须打钱升级买枪，空间收纳大尸。
主治医师卡表： 药方开好了。50岁中年危机版里昂。一段Grace弹尽粮绝吓到腿软，一段李三光武术电锯。小鬼才做选择题，大叔两盘冷饭混着吃",推荐,14.4,31,190,病毒A临床症状 抖M体质 酷爱开局8格子求生和第一人称丧尸糊脸 病毒B临床症状 仓鼠症晚期 必须打钱升级买枪 空间收纳大尸 主治医师卡表 药方开好了 50岁中年危机版里昂 一段Grace弹尽粮绝吓到腿软 一段李三光武术电锯 小鬼才做选择题 大叔两盘冷饭混着吃,情怀,正面
3103,3103,2026-02-27,不做ds5适配就标不支持呗，非要骗一下恶心人是什么意思,不推荐,0.1,39,148,不做ds5适配就标不支持呗 非要骗一下恶心人是什么意思,优化,负面
3104,3104,2026-02-27,优化不行 格蕾丝线就是狗屎一坨 又阴间然后拿个东西就堆怪 缝合的也是把前几代家底都搬出来了,不推荐,3.0,20,79,优化不行 格蕾丝线就是狗屎一坨 又阴间然后拿个东西就堆怪 缝合的也是把前几代家底都搬出来了,玩法,负面
3105,3105,2026-02-27,好玩,推荐,5.8,26,35,好玩,玩法,正面
3106,3106,2026-02-27,不给给ds做适配都无法进入游戏，简直幽默,不推荐,0.4,33,92,不给给ds做适配都无法进入游戏 简直幽默,优化,负面
3107,3107,2026-02-27,"1、玩到养老院了，不知是否中配的原因，女主就是个中二，而且弱的跟菜鸡似的，和当年克姐没得比。
2、游戏不支持16：10游戏，即便无边框模式上下也有黑边，这个符合中二的日厂作风，永远以自我为中心。
3、背包严重不够用，目前只能安全屋来回搬运。
4、SteamDeck应该可以运行，尚未测试。微星Claw8 AI可以稳健运行，1200P+高画质，25W可以稳70帧。
",推荐,3.6,21,80,1 玩到养老院了 不知是否中配的原因 女主就是个中二 而且弱的跟菜鸡似的 和当年克姐没得比 2 游戏不支持16 10游戏 即便无边框模式上下也有黑边 这个符合中二的日厂作风 永远以自我为中心 3 背包严重不够用 目前只能安全屋来回搬运 4 SteamDeck应该可以运行 尚未测试 微星Claw8 AI可以稳健运行 1200P 高画质 25W可以稳70帧,玩法,正面
3108,3108,2026-02-27,优化差，使用RTX5090 经常大幅度掉帧，4K质量模式X2帧生成已预留空余百分30~百分20显卡性能，锁帧150~经常规律性掉帧130，锁120也是会掉100 （这个问题无论即时演算过长还是实际游玩都会出现同样问题），无论是PT光追还是RT光追，只要开帧生成都会大幅度掉帧20，已排除CPU内存显卡问题，个人认为估计着色器渲染加载下个即时场景和D加密或显卡驱动问题（老黄本来昨晚推出针对生9新驱动，结果导致风扇故障已下架，PC正式版发售3小时还没更新），先不玩等驱动优化太难受瞬间抽帧，因没通关暂不推荐购买，官方改善问题再转评价,不推荐,8.2,33,142,优化差 使用RTX5090 经常大幅度掉帧 4K质量模式X2帧生成已预留空余百分30 百分20显卡性能 锁帧150 经常规律性掉帧130 锁120也是会掉100 这个问题无论即时演算过长还是实际游玩都会出现同样问题 无论是PT光追还是RT光追 只要开帧生成都会大幅度掉帧20 已排除CPU内存显卡问题 个人认为估计着色器渲染加载下个即时场景和D加密或显卡驱动问题 老黄本来昨晚推出针对生9新驱动 结果导致风扇故障已下架 PC正式版发售3小时还没更新 先不玩等驱动优化太难受瞬间抽帧 因没通关暂不推荐购买 官方改善问题再转评价,优化,负面
3109,3109,2026-02-27,从原版2代关注到现在，这系列是真玩腻了，这一作是让我玩的最烦躁的生化，每玩一会吐槽的点就占据了大脑根本沉浸不进去，为什么碎肉和废料能合成子弹？碎肉里面有火药吗？为什么可以捡起的草药和能破坏的罐子完美融入场景里面了？这些能互动的元素不应该做视觉区分吗？觉得新鲜的继续玩吧，我是玩够了！,不推荐,3.0,6,165,从原版2代关注到现在 这系列是真玩腻了 这一作是让我玩的最烦躁的生化 每玩一会吐槽的点就占据了大脑根本沉浸不进去 为什么碎肉和废料能合成子弹 碎肉里面有火药吗 为什么可以捡起的草药和能破坏的罐子完美融入场景里面了 这些能互动的元素不应该做视觉区分吗 觉得新鲜的继续玩吧 我是玩够了,玩法,负面
3110,3110,2026-02-27,什么东西，游戏都进不去，卡普空我草泥马的,不推荐,10.1,15,124,什么东西 游戏都进不去 卡普空我草泥马的,优化,负面
3111,3111,2026-02-27,9800X3D 5090 64G游戏目前玩了两个小时多还在探索疗养院 整体还可以 开了路径追踪4K全最高 没开帧生成还是很流畅的 NS2版和限定手柄清关中，PS5和XSX数字版等打折了再支持 有像2348那样的典藏版依然会买的！目前没看到好看的限定版 铁盒也不好看！,推荐,13.6,19,178,9800X3D 5090 64G游戏目前玩了两个小时多还在探索疗养院 整体还可以 开了路径追踪4K全最高 没开帧生成还是很流畅的 NS2版和限定手柄清关中 PS5和XSX数字版等打折了再支持 有像2348那样的典藏版依然会买的 目前没看到好看的限定版 铁盒也不好看,情怀,正面
3112,3112,2026-02-27,"优化稍有问题，第一个播片完掉驱动了，不过也可能和英伟达昨晚的草台班子撤驱动有关系
暂时看来流程和交互没有什么新意，双主角就是你方唱罢我登场，但不出问题也挺好，继续讲生化危机世界观下的故事我就很满意了。
轮盘赌转了三分钟没转中绿色是今天让我最气的地方。",推荐,10.6,20,129,优化稍有问题 第一个播片完掉驱动了 不过也可能和英伟达昨晚的草台班子撤驱动有关系 暂时看来流程和交互没有什么新意 双主角就是你方唱罢我登场 但不出问题也挺好 继续讲生化危机世界观下的故事我就很满意了 轮盘赌转了三分钟没转中绿色是今天让我最气的地方,玩法,正面
3113,3113,2026-02-27,豪玩,推荐,9.0,3,112,豪玩,其他,正面
3114,3114,2026-02-27,"优点： 画质和优化还行，里昂各种处决动作相当帅气。喜欢恐怖解谜的玩家应该会喜欢前面的格蕾丝流程。                                                                                                                                                                         
缺点： 里昂第三人称视角非常差，动作僵硬无比，远不如生4re。枪械击中反馈类似生23re，不像生4re（个人更喜欢 
           4re的打击感）。斧子卡肉感和弹反手感很怪，不是4re的刀子的手感，有点像龙之信条2。
            缺点部分的手感问题仅供参考，个人还是太喜欢生4re了。",推荐,1.9,12,21,优点 画质和优化还行 里昂各种处决动作相当帅气 喜欢恐怖解谜的玩家应该会喜欢前面的格蕾丝流程 缺点 里昂第三人称视角非常差 动作僵硬无比 远不如生4re 枪械击中反馈类似生23re 不像生4re 个人更喜欢 4re的打击感 斧子卡肉感和弹反手感很怪 不是4re的刀子的手感 有点像龙之信条2 缺点部分的手感问题仅供参考 个人还是太喜欢生4re了,画面,正面
3115,3115,2026-02-27,"把生化9的武器快捷环改成生化4重制版的，1到6，手指头按不过来，希望改进一下
如果游戏里内置修改器，我想手残党愿意付费，只在单机情况下，这样避免很多问题",推荐,11.1,10,69,把生化9的武器快捷环改成生化4重制版的 1到6 手指头按不过来 希望改进一下 如果游戏里内置修改器 我想手残党愿意付费 只在单机情况下 这样避免很多问题,玩法,正面
3116,3116,2026-02-27,好恐怖，好好玩。,推荐,3.4,3,112,好恐怖 好好玩,玩法,正面
3117,3117,2026-02-27,Very good,推荐,5.2,14,23,Very good,其他,正面
3118,3118,2026-02-27,有人问为什么这作没王阿姨？不好意思，今年2026年，王阿姨51岁，已经退休了。,推荐,2.0,17,76,有人问为什么这作没王阿姨 不好意思 今年2026年 王阿姨51岁 已经退休了,情怀,正面
3119,3119,2026-02-27,对着里昂冲了9发,推荐,12.4,17,126,对着里昂冲了9发,情怀,正面
3120,3120,2026-02-27,老头里昂和年轻格蕾丝血洗疗养院（还在解密没出去,推荐,9.6,9,68,老头里昂和年轻格蕾丝血洗疗养院 还在解密没出去,剧情,正面
3121,3121,2026-02-27,把大厅优化一下,推荐,15.4,12,171,把大厅优化一下,优化,正面
3122,3122,2026-02-27,儿子，快把你纸尿裤借爸爸穿一穿！,推荐,12.9,41,50,儿子 快把你纸尿裤借爸爸穿一穿,其他,正面
3123,3123,2026-02-27, 2个主角分别代表了恐怖氛围和动作爽感的板块，里昂开着保时捷是真的帅啊，格蕾丝就有点der了 走路打出溜滑,推荐,7.0,2,11,2个主角分别代表了恐怖氛围和动作爽感的板块 里昂开着保时捷是真的帅啊 格蕾丝就有点der了 走路打出溜滑,玩法,正面
3124,3124,2026-02-27,一直闪退我万你吗臭比,不推荐,0.4,40,149,一直闪退我万你吗臭比,优化,负面
3125,3125,2026-02-27,目前还不错,推荐,16.4,19,78,目前还不错,其他,正面
3126,3126,2026-02-27,允许玩家自由切换视角是正确的 目前只体验了疗养院 格蕾丝开局的怪用第一人称玩的话压迫感还是有的 取保险丝也是你卡普空叔叔的老套路了 天花板掏个洞生怕你不知道拿完重要道具会刷怪 目前看来比较符合我的预期但没有特别惊艳 人物跑起来挺笨重的拐弯如同航母掉头 丧尸也是手心有磁铁 摸到电锯自动吸附 碰到丧尸多的地方直接玩成电锯争夺战。。 这个ip也这么多年了 有里昂卖情怀也够吃的了 这一部更像是re7 8和重制re4的结合 后续我肯定会继续体验 目前看来算是及格的作品 先给个好评 后面如果拉了我直接操死卡婊老冯 预购花了我四百块 真几把贵啊卡婊,推荐,4.8,25,84,允许玩家自由切换视角是正确的 目前只体验了疗养院 格蕾丝开局的怪用第一人称玩的话压迫感还是有的 取保险丝也是你卡普空叔叔的老套路了 天花板掏个洞生怕你不知道拿完重要道具会刷怪 目前看来比较符合我的预期但没有特别惊艳 人物跑起来挺笨重的拐弯如同航母掉头 丧尸也是手心有磁铁 摸到电锯自动吸附 碰到丧尸多的地方直接玩成电锯争夺战 这个ip也这么多年了 有里昂卖情怀也够吃的了 这一部更像是re7 8和重制re4的结合 后续我肯定会继续体验 目前看来算是及格的作品 先给个好评 后面如果拉了我直接操死卡婊老冯 预购花了我四百块 真几把贵啊卡婊,玩法,正面
3127,3127,2026-02-27,很好的游戏。情怀体验很好,推荐,0.1,40,49,很好的游戏 情怀体验很好,情怀,正面
3128,3128,2026-02-27,"通关了，但是卡婊搞宣传欺诈，说完全支持DS手柄，结果不用STEAM输入就用不了，先挂个差评
什么时候改好什么时候好评，操你妈卡婊",不推荐,14.5,28,87,通关了 但是卡婊搞宣传欺诈 说完全支持DS手柄 结果不用STEAM输入就用不了 先挂个差评 什么时候改好什么时候好评 操你妈卡婊,优化,负面
3129,3129,2026-02-27,开始的时候第一人称真刺激，有点生化8人偶那段的恐怖氛围,推荐,9.1,30,39,开始的时候第一人称真刺激 有点生化8人偶那段的恐怖氛围,玩法,正面
3130,3130,2026-02-27,看到差评区的国区傻狗真多,推荐,5.0,6,15,看到差评区的国区傻狗真多,其他,正面
3131,3131,2026-02-27,依旧神作，你永远可以相信冷饭王的饭是真的好吃,推荐,11.3,28,37,依旧神作 你永远可以相信冷饭王的饭是真的好吃,情怀,正面
3132,3132,2026-02-27,必须差评，5080显卡，竟然只有720P和1080P的选项给我,不推荐,8.0,49,208,必须差评 5080显卡 竟然只有720P和1080P的选项给我,优化,负面
3133,3133,2026-02-27,非常好呀 今年最佳了,推荐,7.7,12,71,非常好呀 今年最佳了,情怀,正面
3134,3134,2026-02-27,经典，对味，里昂还是太权威了,推荐,9.6,2,61,经典 对味 里昂还是太权威了,情怀,正面
3135,3135,2026-02-27,当里昂出现的那一刻，这都是值得的!!,推荐,8.2,36,195,当里昂出现的那一刻 这都是值得的,情怀,正面
3136,3136,2026-02-27,里昂简直帅麻了,推荐,15.6,23,82,里昂简直帅麻了,情怀,正面
3137,3137,2026-02-27,So far so good,推荐,1.8,4,13,So far so good,其他,正面
3138,3138,2026-02-27,好玩,推荐,8.4,27,136,好玩,玩法,正面
3139,3139,2026-02-27,三光同志要值好退休前最后一班岗,推荐,6.1,43,202,三光同志要值好退休前最后一班岗,情怀,正面
3140,3140,2026-02-27,女主线好吓人啊呜呜呜,推荐,3.4,37,196,女主线好吓人啊呜呜呜,剧情,正面
3141,3141,2026-02-27,不愧是大厂做的游戏，画面场景细节和音效表现一流，优化也不错，也终于回归我最喜欢的恐怖场景了。re9我等你等的好辛苦啊，维罗妮卡重制又多久端上来呢,推荐,6.8,12,71,不愧是大厂做的游戏 画面场景细节和音效表现一流 优化也不错 也终于回归我最喜欢的恐怖场景了 re9我等你等的好辛苦啊 维罗妮卡重制又多久端上来呢,画面,正面
3142,3142,2026-02-27,不知道为啥开了路径光追，有点模糊，光栅好像没做好一样，不过游戏没的说,推荐,10.7,22,131,不知道为啥开了路径光追 有点模糊 光栅好像没做好一样 不过游戏没的说,画面,正面
3143,3143,2026-02-27,好玩爱玩,推荐,8.0,47,106,好玩爱玩,玩法,正面
3144,3144,2026-02-27,卡普空我格蕾丝的子弹呢？我感觉我已经够省着用了O.o,推荐,4.9,2,11,卡普空我格蕾丝的子弹呢 我感觉我已经够省着用了O o,玩法,正面
3145,3145,2026-02-27,玩是好玩，但要玩游戏就必须强迫升级系统才能进游戏，WIN10H22低一个版本都不行，另外游戏内优化很烂，时不时掉帧画面卡成PPT。,不推荐,8.2,6,115,玩是好玩 但要玩游戏就必须强迫升级系统才能进游戏 WIN10H22低一个版本都不行 另外游戏内优化很烂 时不时掉帧画面卡成PPT,优化,负面
3146,3146,2026-02-27,老生化的味很正，我显示器拿去修了用2060s老笔记本依旧爽玩,推荐,4.7,12,71,老生化的味很正 我显示器拿去修了用2060s老笔记本依旧爽玩,情怀,正面
3147,3147,2026-02-27,连索尼第一方自己都一视同仁给PC做ds手柄适配，你生化从八代开始连续阉割三部作品太过分了吧？还有这个路径追踪，50系由于vram产能问题super取消了以后，新卡里面你说4k除了5090还有谁能开得起？是不是有一点太过分了。而且明显是类似2077 dlc那种路径特化的画面，开不开路径画面质感差一大截。我自己是983+5090，但是我确实看不惯这种行为。,不推荐,1.4,50,59,连索尼第一方自己都一视同仁给PC做ds手柄适配 你生化从八代开始连续阉割三部作品太过分了吧 还有这个路径追踪 50系由于vram产能问题super取消了以后 新卡里面你说4k除了5090还有谁能开得起 是不是有一点太过分了 而且明显是类似2077 dlc那种路径特化的画面 开不开路径画面质感差一大截 我自己是983 5090 但是我确实看不惯这种行为,画面,负面
3148,3148,2026-02-27,"手感稀烂
昨天看谷歌的直播剧情也稀烂",不推荐,3.1,45,54,手感稀烂 昨天看谷歌的直播剧情也稀烂,玩法,负面
3149,3149,2026-02-27,建议在三光战斗的时候放一首freebird。,推荐,1.8,23,182,建议在三光战斗的时候放一首freebird,情怀,正面
3150,3150,2026-02-27,"等了整整一个寒假，你非要春节假期结束发行，等大家开学和返工了再发行游戏，让人家春节这段时间没有游戏可玩。

另外，主机玩家2月27日零点就解锁，但PC玩家要27日下午1点解锁？你卡普空觉得PC玩家低人一等？13小时别人主机都通关了。
",推荐,9.0,20,129,等了整整一个寒假 你非要春节假期结束发行 等大家开学和返工了再发行游戏 让人家春节这段时间没有游戏可玩 另外 主机玩家2月27日零点就解锁 但PC玩家要27日下午1点解锁 你卡普空觉得PC玩家低人一等 13小时别人主机都通关了,价格,正面
3151,3151,2026-02-27,capcom我就操死你的马，我ds手柄适配呢，我自适应扳机呢，阿弥诺斯，一得阁拉米，三天之内修不好让你飞起来,不推荐,8.0,50,59,capcom我就操死你的马 我ds手柄适配呢 我自适应扳机呢 阿弥诺斯 一得阁拉米 三天之内修不好让你飞起来,优化,负面
3152,3152,2026-02-27,好玩，大场面多，够血腥，只是下次使用我的面容作里昂的脸模要给我事先说明一下,推荐,16.6,23,32,好玩 大场面多 够血腥 只是下次使用我的面容作里昂的脸模要给我事先说明一下,画面,正面
3153,3153,2026-02-27,优化比荒野好,推荐,15.6,15,124,优化比荒野好,优化,正面
3154,3154,2026-02-27,等什么？入手！,推荐,9.2,17,26,等什么 入手,情怀,正面
3155,3155,2026-02-27,老汉回归,推荐,3.9,29,88,老汉回归,情怀,正面
3156,3156,2026-02-27,等什么时候PC能完全适配DS手柄之后再考虑是不是给好评吧,不推荐,2.0,34,43,等什么时候PC能完全适配DS手柄之后再考虑是不是给好评吧,优化,负面
3157,3157,2026-02-27,"2k全高dlss性能模型m路径追踪无帧生成，开局户外雨天70-80帧，室内100-120帧
感觉优化跟现在的2077是一个级别的",推荐,7.1,38,197,2k全高dlss性能模型m路径追踪无帧生成 开局户外雨天70 80帧 室内100 120帧 感觉优化跟现在的2077是一个级别的,画面,正面
3158,3158,2026-02-27,[h1]我宣布这就是2026年TGA年度最佳游戏[/h1],推荐,10.4,15,74,h1 我宣布这就是2026年TGA年度最佳游戏 h1,情怀,正面
3159,3159,2026-02-27,女主跟人机一样恶心，让人恶心,不推荐,10.7,43,102,女主跟人机一样恶心 让人恶心,其他,负面
3160,3160,2026-02-27,超预期！不愧是大厂游戏 我这种中下电脑都玩得非常流畅，优化做得很好！虽然说是win11才能玩，但win10依然可以玩，剧情方面格蕾丝继承了恐怖元素 LEON继承了动作元素 两者兼有，非常棒。就是格蕾丝跑的实在是太慢了，我好急啊,推荐,2.7,5,114,超预期 不愧是大厂游戏 我这种中下电脑都玩得非常流畅 优化做得很好 虽然说是win11才能玩 但win10依然可以玩 剧情方面格蕾丝继承了恐怖元素 LEON继承了动作元素 两者兼有 非常棒 就是格蕾丝跑的实在是太慢了 我好急啊,优化,正面
3161,3161,2026-02-27,好玩，就是ds手柄诈骗有点恶心,不推荐,7.0,3,112,好玩 就是ds手柄诈骗有点恶心,玩法,负面
3162,3162,2026-02-27,头一次有游戏能把我steam卡崩溃的,不推荐,6.5,34,43,头一次有游戏能把我steam卡崩溃的,优化,负面
3163,3163,2026-02-27,"战斗爽＋东躲西藏的解密，劳逸结合这块。
必须给到夯",推荐,2.8,44,103,战斗爽 东躲西藏的解密 劳逸结合这块 必须给到夯,玩法,正面
3164,3164,2026-02-27,出乎意料的优化的还不错 比刺客信条影优化的好多了,推荐,2.2,12,171,出乎意料的优化的还不错 比刺客信条影优化的好多了,优化,正面
3165,3165,2026-02-27,"玩惯了生化6玩9代有点抽象，开个传统模式，虽然没死，但是打的各种丑陋。这代斧头可以磨刀（幻视怪猎doge），感觉打的好可以纯近战流。
目前发现一些小问题，中文配音CG有比较严重的音画不同步现象。
不过话说回来了，小逼崽汁丧尸，别等俺熟悉了操作，熟悉操作好，薄纱你们！！！毕竟那个男人又回来了！！！
冲着生7-8来的，可以无脑入，格蕾丝线还是原来的配方，原来的味道，如果冲着重制4或者老版4-6的粉丝，就要慎重入坑了，三光线本质并不多，而且跟格蕾丝共享大多数怪物刷新。
也踏马没人告诉我格蕾丝如果杀太多，三光会无怪可杀啊！能想象到我特么玩着战神，拿着重火力却只能打打杂鱼的痛苦嘛？姑且给个好评，如果重制5或者6不赶紧端出来，真的卡婊我会诅咒你一辈子的！！！",推荐,6.7,1,60,玩惯了生化6玩9代有点抽象 开个传统模式 虽然没死 但是打的各种丑陋 这代斧头可以磨刀 幻视怪猎doge 感觉打的好可以纯近战流 目前发现一些小问题 中文配音CG有比较严重的音画不同步现象 不过话说回来了 小逼崽汁丧尸 别等俺熟悉了操作 熟悉操作好 薄纱你们 毕竟那个男人又回来了 冲着生7 8来的 可以无脑入 格蕾丝线还是原来的配方 原来的味道 如果冲着重制4或者老版4 6的粉丝 就要慎重入坑了 三光线本质并不多 而且跟格蕾丝共享大多数怪物刷新 也踏马没人告诉我格蕾丝如果杀太多 三光会无怪可杀啊 能想象到我特么玩着战神 拿着重火力却只能打打杂鱼的痛苦嘛 姑且给个好评 如果重制5或者6不赶紧端出来 真的卡婊我会诅咒你一辈子的,音效,正面
3166,3166,2026-02-27,"本来还担心新作优化差，但RE引擎果然还是做到了，优化不赖，3060笔记本照样60帧流畅游戏。担心配置不够的可以放心玩了

想玩之前得知道，两个主角对应了两代生化危机的体验，格蕾丝是生化2那种偏解密、恐怖、资源管理的，三光就是生4这种偏动作战斗的，两个体验都很棒，目前只打了前1.5H，体验非常好，除非像生3一样短不可能玩砸了。348花的挺值的",推荐,13.3,4,113,本来还担心新作优化差 但RE引擎果然还是做到了 优化不赖 3060笔记本照样60帧流畅游戏 担心配置不够的可以放心玩了 想玩之前得知道 两个主角对应了两代生化危机的体验 格蕾丝是生化2那种偏解密 恐怖 资源管理的 三光就是生4这种偏动作战斗的 两个体验都很棒 目前只打了前1 5H 体验非常好 除非像生3一样短不可能玩砸了 348花的挺值的,优化,正面
3167,3167,2026-02-27,们王阿姨呢，们王阿姨呢，们王阿姨呢，们王阿姨呢，们王阿姨呢，们王阿姨呢。,推荐,1.1,14,73,们王阿姨呢 们王阿姨呢 们王阿姨呢 们王阿姨呢 们王阿姨呢 们王阿姨呢,情怀,正面
3168,3168,2026-02-27,无拍照模式？,推荐,6.6,45,104,无拍照模式,玩法,正面
3169,3169,2026-02-27,md，写着ds手柄完全适配，结果一点反应都没有。纯纯诈骗是吧，卡婊,不推荐,10.6,20,179,md 写着ds手柄完全适配 结果一点反应都没有 纯纯诈骗是吧 卡婊,优化,负面
3170,3170,2026-02-27,牛逼,推荐,6.8,5,114,牛逼,其他,正面
3171,3171,2026-02-27,开路劲光追和不开   画质差的有点多     画面画质很强 3080顶不住了  是时候该换显卡了,推荐,4.6,42,151,开路劲光追和不开 画质差的有点多 画面画质很强 3080顶不住了 是时候该换显卡了,画面,正面
3172,3172,2026-02-27,"7和8的动作代码，跑步会急停，不如234舒服。玩法接近2。
我的机子是4060，7945HX，优化不敢恭维，虽然流畅运行，但为了稳120帧，只能低画质，不过卡普空的游戏什么画质都一样（笑）

格蕾丝真好看",推荐,6.9,28,87,7和8的动作代码 跑步会急停 不如234舒服 玩法接近2 我的机子是4060 7945HX 优化不敢恭维 虽然流畅运行 但为了稳120帧 只能低画质 不过卡普空的游戏什么画质都一样 笑 格蕾丝真好看,玩法,正面
3173,3173,2026-02-27,目前玩到了疗养院整体玩下来还是挺有那味儿的，恐怖氛围做得很到位，全程压迫感拉满。画面和音效都很顶，怪物设计也够吓人。喜欢生化的玩家值得一玩。,推荐,6.2,14,23,目前玩到了疗养院整体玩下来还是挺有那味儿的 恐怖氛围做得很到位 全程压迫感拉满 画面和音效都很顶 怪物设计也够吓人 喜欢生化的玩家值得一玩,音效,正面
3174,3174,2026-02-27,好玩，优化很好，5090拉满光追帧数也不低有个100多,推荐,2.0,40,199,好玩 优化很好 5090拉满光追帧数也不低有个100多,优化,正面
3175,3175,2026-02-27,很难想象做了生化8跟重制版生化4这两个神作之后的大作生化9居然是套皮生化2，BRO你看我很想再玩一次生化2吗,不推荐,9.3,50,159,很难想象做了生化8跟重制版生化4这两个神作之后的大作生化9居然是套皮生化2 BRO你看我很想再玩一次生化2吗,情怀,负面
3176,3176,2026-02-27,比起游戏里的突脸我更怕报错突脸,不推荐,3.6,20,29,比起游戏里的突脸我更怕报错突脸,优化,负面
3177,3177,2026-02-27,这一作有望超过生化2成为系列最强作,推荐,12.6,7,66,这一作有望超过生化2成为系列最强作,情怀,正面
3178,3178,2026-02-27,好就是好。,推荐,11.4,48,207,好就是好,其他,正面
3179,3179,2026-02-27,什么鸡巴玩意，音画不同步,不推荐,11.3,49,108,什么鸡巴玩意 音画不同步,音效,负面
3180,3180,2026-02-27,好玩，爱玩。只是里昂看上去也疲惫了许多……,推荐,4.4,28,87,好玩 爱玩 只是里昂看上去也疲惫了许多,情怀,正面
3181,3181,2026-02-27,"《生化危机9：安魂曲》——系列集大成的终极形态
终于在Steam上体验了心心念念的《生化危机9：安魂曲》，必须给卡普空献上满分的膝盖！这不仅是对系列三十周年的完美献礼，更堪称生存恐怖游戏的又一里程碑。
本作聪明地回归了经典的双主角双线叙事。操控新人FBI格蕾丝时，那种弹药匮乏、背包局促的窒息感扑面而来，小心翼翼的潜行与资源管理重现了最原汁原味的“生存恐怖”精髓；而切换到里昂，熟悉的战术飞踢与强力火力瞬间拉满，酣畅淋漓的战斗与暴力处决让人肾上腺素飙升。一守一攻，一弱一强，这种极致的反差不仅让节奏张弛有度，更赋予了游戏独特的魅力。
更令人惊叹的是RE引擎下的细节表现。格蕾丝因恐惧而颤抖的动作、丧尸保留生前习惯的诡异行为，都让恐怖氛围层层递进。而里昂段落中敌人AI的互殴、电锯乱舞的暴力美学，又将爽快感推向了极致。双线世界状态的互通更是神来之笔，你的每一个选择都会在另一条线中留下真实的痕迹，拼凑完整故事的成就感无与伦比。
无论是向经典洋馆致敬的箱庭探索，还是感人至深的救赎故事，都让人感受到制作组满满的诚意。这不仅仅是一款游戏，更是一场融合了恐惧、动作与情怀的顶级视听盛宴。毫无疑问，这是《生化危机》系列的巅峰之作，也是我今年玩到的最完美的游戏！",推荐,1.7,31,90,生化危机9 安魂曲 系列集大成的终极形态 终于在Steam上体验了心心念念的 生化危机9 安魂曲 必须给卡普空献上满分的膝盖 这不仅是对系列三十周年的完美献礼 更堪称生存恐怖游戏的又一里程碑 本作聪明地回归了经典的双主角双线叙事 操控新人FBI格蕾丝时 那种弹药匮乏 背包局促的窒息感扑面而来 小心翼翼的潜行与资源管理重现了最原汁原味的 生存恐怖 精髓 而切换到里昂 熟悉的战术飞踢与强力火力瞬间拉满 酣畅淋漓的战斗与暴力处决让人肾上腺素飙升 一守一攻 一弱一强 这种极致的反差不仅让节奏张弛有度 更赋予了游戏独特的魅力 更令人惊叹的是RE引擎下的细节表现 格蕾丝因恐惧而颤抖的动作 丧尸保留生前习惯的诡异行为 都让恐怖氛围层层递进 而里昂段落中敌人AI的互殴 电锯乱舞的暴力美学 又将爽快感推向了极致 双线世界状态的互通更是神来之笔 你的每一个选择都会在另一条线中留下真实的痕迹 拼凑完整故事的成就感无与伦比 无论是向经典洋馆致敬的箱庭探索 还是感人至深的救赎故事 都让人感受到制作组满满的诚意 这不仅仅是一款游戏 更是一场融合了恐惧 动作与情怀的顶级视听盛宴 毫无疑问 这是 生化危机 系列的巅峰之作 也是我今年玩到的最完美的游戏,剧情,正面
3182,3182,2026-02-27,优化正常，手感还行，先给你个好评以观后效。,推荐,0.6,22,131,优化正常 手感还行 先给你个好评以观后效,优化,正面
3183,3183,2026-02-27,"目前两个半小时有一半是没忍住读档回去重打里昂线，战斗爽！

[spoiler] 掉地上的电锯一定要等关了再去捡 [/spoiler]
[spoiler] 如果电锯留在怪身上记得离远点，小心他抱着你二人幸终 [/spoiler]",推荐,6.0,2,11,目前两个半小时有一半是没忍住读档回去重打里昂线 战斗爽 spoiler 掉地上的电锯一定要等关了再去捡 spoiler spoiler 如果电锯留在怪身上记得离远点 小心他抱着你二人幸终 spoiler,玩法,正面
3184,3184,2026-02-27,很好玩啊，恐怖和爽快风格融合的很好，这才是我心目中真正的生化危机！！！,推荐,2.5,6,115,很好玩啊 恐怖和爽快风格融合的很好 这才是我心目中真正的生化危机,玩法,正面
3185,3185,2026-02-27,"你的意思是我9700X+5070Ti两个半小时游戏时长，闪退2次黑屏1次？
打好评仅仅因为有里昂",推荐,13.1,26,185,你的意思是我9700X 5070Ti两个半小时游戏时长 闪退2次黑屏1次 打好评仅仅因为有里昂,优化,正面
3186,3186,2026-02-27,md，一直吧唧闪退，4060也不至于吧，卡普空是不是不想干了,不推荐,2.2,45,104,md 一直吧唧闪退 4060也不至于吧 卡普空是不是不想干了,优化,负面
3187,3187,2026-02-27,被小黑屋的【暴君】大怪物吓着了 等风灵月影和mod出来再玩,推荐,1.3,9,168,被小黑屋的 暴君 大怪物吓着了 等风灵月影和mod出来再玩,玩法,正面
3188,3188,2026-02-27,smcpcwcsndm,不推荐,4.7,4,113,smcpcwcsndm,其他,负面
3189,3189,2026-02-27,"有没有和我一样开局近犯罪现场游戏内亮度特别高的，开手电筒都没用的那种？而且主角格蕾丝脸上亮的跟抹了漂白粉一样，像个丧尸？
byd卡钩真的能耐了，劳资win11，n卡最新驱动了，这种极度影响游戏体验的bug都有？还特么是上线就出bug，显得我预购豪华版跟个小丑一样，你是真特么会赚钱啊。",不推荐,1.5,29,188,有没有和我一样开局近犯罪现场游戏内亮度特别高的 开手电筒都没用的那种 而且主角格蕾丝脸上亮的跟抹了漂白粉一样 像个丧尸 byd卡钩真的能耐了 劳资win11 n卡最新驱动了 这种极度影响游戏体验的bug都有 还特么是上线就出bug 显得我预购豪华版跟个小丑一样 你是真特么会赚钱啊,画面,负面
3190,3190,2026-02-27,好游戏 无需多言,推荐,2.9,22,81,好游戏 无需多言,情怀,正面
3191,3191,2026-02-27,仍然是生化危机经典的正统续作，超级好玩。,推荐,6.3,37,46,仍然是生化危机经典的正统续作 超级好玩,情怀,正面
3192,3192,2026-02-27,好玩 爱玩,推荐,5.1,11,70,好玩 爱玩,玩法,正面
3193,3193,2026-02-27,"为什么PC不能调鼠标灵敏度？？？？？？？？？
RE4重置做的这么好，RE9⑨又开始了？？？？",不推荐,9.1,36,195,为什么PC不能调鼠标灵敏度 RE4重置做的这么好 RE9⑨又开始了,玩法,负面
3194,3194,2026-02-27,没跳出之前的框架，但是玩法和画面表现上的小修改，让他终于像个2026年的游戏了。之前的生化总有一种祖宗之法不可变的复古感。,推荐,2.6,32,41,没跳出之前的框架 但是玩法和画面表现上的小修改 让他终于像个2026年的游戏了 之前的生化总有一种祖宗之法不可变的复古感,画面,正面
3195,3195,2026-02-27,说好的支持原生ps5手柄在哪呢？你妹的我DSE手柄只能启用STEAM输入！没有陀螺仪自适应触觉反馈！！！！！凑不要脸地,不推荐,1.1,26,85,说好的支持原生ps5手柄在哪呢 你妹的我DSE手柄只能启用STEAM输入 没有陀螺仪自适应触觉反馈 凑不要脸地,优化,负面
3196,3196,2026-02-27,格蕾丝部分还是太吓人了，但是里昂部分绝对爽,推荐,1.5,29,38,格蕾丝部分还是太吓人了 但是里昂部分绝对爽,剧情,正面
3197,3197,2026-02-27,花钱买报错,推荐,2.1,43,52,花钱买报错,优化,正面
3198,3198,2026-02-27,你永远可以相信卡普空的优化（仅限线性小场景游戏）,推荐,3.5,45,154,你永远可以相信卡普空的优化 仅限线性小场景游戏,优化,正面
3199,3199,2026-02-27,不给ps手柄做适配还写着支持dualsense手柄，你挂羊头卖狗肉真是不要脸,不推荐,7.1,11,120,不给ps手柄做适配还写着支持dualsense手柄 你挂羊头卖狗肉真是不要脸,其他,负面
3200,3200,2026-02-27,既给生化系列的亡灵安魂，也给我安魂了（,推荐,2.3,9,118,既给生化系列的亡灵安魂 也给我安魂了,情怀,正面
3201,3201,2026-02-27,死冯Capcom 下载完成就弹出一堆报错,不推荐,4.5,12,21,死冯Capcom 下载完成就弹出一堆报错,优化,负面
3202,3202,2026-02-27,好玩就对了,推荐,6.3,49,158,好玩就对了,玩法,正面
3203,3203,2026-02-27,"为RE4而来的要大失所望了，还以为卡婊做完RE4能把RE9做得动作一点，结果比78都差，人物手感笨重，不能改视角速度，跑步慢，撞墙磕头，背包危机，入不敷出，还有无敌投技的小僵尸，就是个套皮RE2
评价为屎，不推荐喜欢re4的买",不推荐,14.8,8,167,为RE4而来的要大失所望了 还以为卡婊做完RE4能把RE9做得动作一点 结果比78都差 人物手感笨重 不能改视角速度 跑步慢 撞墙磕头 背包危机 入不敷出 还有无敌投技的小僵尸 就是个套皮RE2 评价为屎 不推荐喜欢re4的买,玩法,负面
3204,3204,2026-02-27,好,推荐,3.2,47,206,好,其他,正面
3205,3205,2026-02-27,里昂老了也风韵犹存啊。感觉比前几部更吓人一点 看到有人发美术设定集上里昂带了戒指 那我只能说 LA99！,推荐,11.4,8,67,里昂老了也风韵犹存啊 感觉比前几部更吓人一点 看到有人发美术设定集上里昂带了戒指 那我只能说 LA99,情怀,正面
3206,3206,2026-02-27,恐怖氛围拉满了，确实挺沉浸的，就是帧数实在是太低了，开了帧生成延迟还挺大的,推荐,4.5,41,100,恐怖氛围拉满了 确实挺沉浸的 就是帧数实在是太低了 开了帧生成延迟还挺大的,优化,正面
3207,3207,2026-02-27,"亲测有效的一个游戏进不去 打开报错的解决办法  打开steam所在文件夹 将其中的 hid.dll文件删掉 然后重启steam就能正常进入了 
再补一个我进游戏后遇见又解决的问题 开始游戏的时候人物都浮空着走 很多建筑和物品都不加载 这个时候你要打开游戏所在文件夹 找到re9.exe这个文件 右键属性点开兼容性一栏 把以兼容模式运行这个游戏打勾 再把下面的禁用全屏优化打上勾 问题就解决了 但是我最开始解决时动画特别卡 也不知道什么情况 过了一段时间动画才流畅 而且加载动画很慢  动画的中远处特别模糊 只有近处才比较清晰 还有个问题 灵敏度调整藏得很深 在视角最右边有个方框里面有个往右上角的箭头 点开就能调整了 找半天找不到 这玩意挺能藏啊 真是庙小妖风大池浅王八多 游戏还没体验多少 问题体验了一大堆",不推荐,6.4,25,184,亲测有效的一个游戏进不去 打开报错的解决办法 打开steam所在文件夹 将其中的 hid dll文件删掉 然后重启steam就能正常进入了 再补一个我进游戏后遇见又解决的问题 开始游戏的时候人物都浮空着走 很多建筑和物品都不加载 这个时候你要打开游戏所在文件夹 找到re9 exe这个文件 右键属性点开兼容性一栏 把以兼容模式运行这个游戏打勾 再把下面的禁用全屏优化打上勾 问题就解决了 但是我最开始解决时动画特别卡 也不知道什么情况 过了一段时间动画才流畅 而且加载动画很慢 动画的中远处特别模糊 只有近处才比较清晰 还有个问题 灵敏度调整藏得很深 在视角最右边有个方框里面有个往右上角的箭头 点开就能调整了 找半天找不到 这玩意挺能藏啊 真是庙小妖风大池浅王八多 游戏还没体验多少 问题体验了一大堆,优化,负面
3208,3208,2026-02-27,目前体验下来 格蕾丝生化7 lion生化4重制版 比生化0-3更成熟的双主角探索推进剧情  讲好了这个故事,推荐,13.5,34,93,目前体验下来 格蕾丝生化7 lion生化4重制版 比生化0 3更成熟的双主角探索推进剧情 讲好了这个故事,剧情,正面
3209,3209,2026-02-27,键鼠瞄准没有灵敏度设置是什么意思？你们卡普空公司上下全是手柄玩家没人玩键鼠？不开辅助瞄准拉不动枪开了这瞄准又不瞄头，机动也是粘滞跑不开的经常被摸一下/咬肩掉血的，让人怀念生化3重置的紧急闪避。虽说是里昂上了岁数+综合征但也不能把身体性能调成这样吧？这疗养院开头的电锯判定更是脑残，他妈电锯都捅僵尸身体里了不会死他还能直接自己拔出来继续挥舞的，电锯还经常掉地上转圈扭动不让你捡且有伤害判定影响走位但是僵尸随便捡，这一段至少堆了8个僵尸，几乎大部分他们的目标都是优先去捡电锯，不管你用斧头砍还是射都阻止不了，且当他们真的捡起电锯时，不会再像四一样有自动招架和空格提醒（本人是标准难度），你也不能像四代重制版的体术一样踢倒一片，经常是给你来个单体处决，斧头砍的伤害更是TM感人，跟挥舞的速度那是完全不匹配，限制刀通是这么限制的吗？总体目前质量和打磨程度感觉真的只能及格分，崩溃问题目前还没出过，最后原来焦木大街上第一个变异的女丧尸是你们卡婊的马被我一斧头砍爆头了,不推荐,1.9,25,134,键鼠瞄准没有灵敏度设置是什么意思 你们卡普空公司上下全是手柄玩家没人玩键鼠 不开辅助瞄准拉不动枪开了这瞄准又不瞄头 机动也是粘滞跑不开的经常被摸一下 咬肩掉血的 让人怀念生化3重置的紧急闪避 虽说是里昂上了岁数 综合征但也不能把身体性能调成这样吧 这疗养院开头的电锯判定更是脑残 他妈电锯都捅僵尸身体里了不会死他还能直接自己拔出来继续挥舞的 电锯还经常掉地上转圈扭动不让你捡且有伤害判定影响走位但是僵尸随便捡 这一段至少堆了8个僵尸 几乎大部分他们的目标都是优先去捡电锯 不管你用斧头砍还是射都阻止不了 且当他们真的捡起电锯时 不会再像四一样有自动招架和空格提醒 本人是标准难度 你也不能像四代重制版的体术一样踢倒一片 经常是给你来个单体处决 斧头砍的伤害更是TM感人 跟挥舞的速度那是完全不匹配 限制刀通是这么限制的吗 总体目前质量和打磨程度感觉真的只能及格分 崩溃问题目前还没出过 最后原来焦木大街上第一个变异的女丧尸是你们卡婊的马被我一斧头砍爆头了,玩法,负面
3210,3210,2026-02-27,根本进不去，首发就这，偷跑都管不住，首发优化在哪里，三百多块买了空气,不推荐,0.1,24,33,根本进不去 首发就这 偷跑都管不住 首发优化在哪里 三百多块买了空气,优化,负面
3211,3211,2026-02-27,好玩。生化系列又一款佳作,推荐,0.2,7,16,好玩 生化系列又一款佳作,情怀,正面
3212,3212,2026-02-27,哈哈哈，果然是最胆小的女主角,推荐,3.9,11,20,哈哈哈 果然是最胆小的女主角,剧情,正面
3213,3213,2026-02-27,不愧是顶尖大厂，画面对得起这价格,推荐,1.8,18,77,不愧是顶尖大厂 画面对得起这价格,画面,正面
3214,3214,2026-02-27,"nb
",推荐,2.6,42,201,nb,其他,正面
3215,3215,2026-02-27,"第一个预购的游戏
我要求不高但也确实没让我失望
留个好评૮(˶ᵔ ᵕ ᵔ˶)ა
",推荐,10.8,22,31,第一个预购的游戏 我要求不高但也确实没让我失望 留个好评૮ ᵔ ᵕ ᵔ ა,情怀,正面
3216,3216,2026-02-27,"玩了俩小时还行
就是这个视角转动有点太慢了
好不习惯",推荐,4.2,29,138,玩了俩小时还行 就是这个视角转动有点太慢了 好不习惯,玩法,正面
3217,3217,2026-02-27,我fov和鼠标速度设置呢 瞄准速度比我奶奶走路还慢,推荐,12.3,11,20,我fov和鼠标速度设置呢 瞄准速度比我奶奶走路还慢,玩法,正面
3218,3218,2026-02-27,"格蕾丝负责生化危机，里昂负责生化的危机
",推荐,5.7,1,160,格蕾丝负责生化危机 里昂负责生化的危机,情怀,正面
3219,3219,2026-02-27,DS5手柄没做适配，另外还有好多光线bug，卡表的游戏以后是不会再预购了，当初怪物猎人荒野首发也是各种bug，卡表口碑是别想要了,不推荐,8.7,40,149,DS5手柄没做适配 另外还有好多光线bug 卡表的游戏以后是不会再预购了 当初怪物猎人荒野首发也是各种bug 卡表口碑是别想要了,优化,负面
3220,3220,2026-02-27,daddy Leon,推荐,13.6,9,18,daddy Leon,情怀,正面
3221,3221,2026-02-27,果然恐惧来源火力不足 有弹药的我重拳出击 没弹药的我唯唯诺诺,推荐,6.7,33,192,果然恐惧来源火力不足 有弹药的我重拳出击 没弹药的我唯唯诺诺,玩法,正面
3222,3222,2026-02-27,已吓尿,推荐,13.3,44,153,已吓尿,音效,正面
3223,3223,2026-02-27,我需要立刻在3D区见到格蕾丝,推荐,1.1,34,43,我需要立刻在3D区见到格蕾丝,其他,正面
3224,3224,2026-02-27,有新的好看的白毛萝莉！,推荐,2.3,31,140,有新的好看的白毛萝莉,其他,正面
3225,3225,2026-02-27,还是可以的孩子们，优化也可以，还有别看简体中文的差评，简中的差价和游戏内容没有任何关系，都是一帮臭区揪着一个点然后就否定整个游戏的，都习以为常了，现在没时间玩，等过几天玩久一点再看看，如果不行再改评价,推荐,0.2,6,115,还是可以的孩子们 优化也可以 还有别看简体中文的差评 简中的差价和游戏内容没有任何关系 都是一帮臭区揪着一个点然后就否定整个游戏的 都习以为常了 现在没时间玩 等过几天玩久一点再看看 如果不行再改评价,优化,正面
3226,3226,2026-02-27,还行,推荐,8.4,2,161,还行,其他,正面
3227,3227,2026-02-27,"👍👍👍
目前两小时惊喜（吓）不断，希望后面内容依旧精彩～
",推荐,11.4,39,148,目前两小时惊喜 吓 不断 希望后面内容依旧精彩,剧情,正面
3228,3228,2026-02-27,画面颗粒感有点重了，其他都还好。 5070ti 4k 路径光追全高 性能模式二倍补帧能有个100多帧，优化还行吧，就是画面颗粒感特别重，也没找到设置啊，有没有会的老哥教一下。,推荐,3.3,48,207,画面颗粒感有点重了 其他都还好 5070ti 4k 路径光追全高 性能模式二倍补帧能有个100多帧 优化还行吧 就是画面颗粒感特别重 也没找到设置啊 有没有会的老哥教一下,画面,正面
3229,3229,2026-02-27,没有预期高，但也可以给个好评,推荐,5.2,41,100,没有预期高 但也可以给个好评,其他,正面
3230,3230,2026-02-27,氛围做得挺好的，好玩,推荐,11.4,5,14,氛围做得挺好的 好玩,玩法,正面
3231,3231,2026-02-27,太好了 豪玩,推荐,7.5,39,48,太好了 豪玩,其他,正面
3232,3232,2026-02-27,玩了2个小时崩溃4次死机1次永远到不了下个存档点,不推荐,12.7,22,131,玩了2个小时崩溃4次死机1次永远到不了下个存档点,优化,负面
3233,3233,2026-02-27,奈斯,推荐,3.3,9,168,奈斯,其他,正面
3234,3234,2026-02-27,好玩，优化也好,推荐,2.0,19,178,好玩 优化也好,优化,正面
3235,3235,2026-02-27,三个小时崩溃了十次,不推荐,1.4,43,152,三个小时崩溃了十次,优化,负面
3236,3236,2026-02-27,我爱生化危机,推荐,8.2,50,59,我爱生化危机,情怀,正面
3237,3237,2026-02-27,里昂看湿了，男人就像酒，越老越甘醇,推荐,9.8,18,27,里昂看湿了 男人就像酒 越老越甘醇,情怀,正面
3238,3238,2026-02-27,目前体验很不错地图设计依旧优秀 解密不繁琐 :) 不大恐怖画质不错很有氛围感 也有点突脸内容。但是这女主一直怪叫是要干啥？属于是干啥都喘站着不动还时不时喘两下..害怕也不是这么害怕的吧，然后依旧是追逐战环节把自己连续绊倒个几次哈哈哈。最后这游戏方面改不了第一人称fov是怎么个事？虽然我玩着不晕 毕竟足够好玩 蛋你得有这个选项吧，而且格子危机就算了 结果不能从枪里卸子弹也不能先把物品临时扔地上不然就消失这又是什么鬼设定？？？,推荐,6.5,8,67,目前体验很不错地图设计依旧优秀 解密不繁琐 不大恐怖画质不错很有氛围感 也有点突脸内容 但是这女主一直怪叫是要干啥 属于是干啥都喘站着不动还时不时喘两下 害怕也不是这么害怕的吧 然后依旧是追逐战环节把自己连续绊倒个几次哈哈哈 最后这游戏方面改不了第一人称fov是怎么个事 虽然我玩着不晕 毕竟足够好玩 蛋你得有这个选项吧 而且格子危机就算了 结果不能从枪里卸子弹也不能先把物品临时扔地上不然就消失这又是什么鬼设定,玩法,正面
3239,3239,2026-02-27,谁能懂为了安魂曲把1-8三个月前到现在全部重新打完一遍，玩安魂曲看到里昂沧桑的脸的感觉，高潮了,推荐,4.9,1,160,谁能懂为了安魂曲把1 8三个月前到现在全部重新打完一遍 玩安魂曲看到里昂沧桑的脸的感觉 高潮了,情怀,正面
3240,3240,2026-02-27,玩不了,不推荐,9.7,21,30,玩不了,优化,负面
3241,3241,2026-02-27,俩字：好玩！！！嘿嘿。,推荐,5.2,33,42,俩字 好玩 嘿嘿,玩法,正面
3242,3242,2026-02-27,我很想给好评 但是 为什么pc的ds5适配阉割了 商店页面不是标注了ds适配吗,不推荐,3.7,32,141,我很想给好评 但是 为什么pc的ds5适配阉割了 商店页面不是标注了ds适配吗,优化,负面
3243,3243,2026-02-27,模型加载缺失的解决办法，去启动文件把win7兼容性给它勾上。,推荐,10.4,41,100,模型加载缺失的解决办法 去启动文件把win7兼容性给它勾上,其他,正面
3244,3244,2026-02-27,nb,推荐,3.4,25,184,nb,其他,正面
3245,3245,2026-02-27,不给ds手柄做适配，真够拉的，现在的新游戏大部分都做了，就你他妈的不做,不推荐,2.9,42,201,不给ds手柄做适配 真够拉的 现在的新游戏大部分都做了 就你他妈的不做,优化,负面
3246,3246,2026-02-27,生化9给我第一感觉不错， 只是前期进入酒店第一人称的氛围感就拉满，期待后续剧情发展，忍住没看相关解说视频啥的，第一次玩生9得慢慢沉浸在游戏里。先不说了，继续玩,推荐,1.0,23,132,生化9给我第一感觉不错 只是前期进入酒店第一人称的氛围感就拉满 期待后续剧情发展 忍住没看相关解说视频啥的 第一次玩生9得慢慢沉浸在游戏里 先不说了 继续玩,画面,正面
3247,3247,2026-02-27,就凭重返浣熊市也要给个好评，梦和传奇开始的地方,推荐,2.8,29,138,就凭重返浣熊市也要给个好评 梦和传奇开始的地方,情怀,正面
3248,3248,2026-02-27,"好玩，就是创新不足，

比如我远远的看到一个保险箱，我就知道里面的保险丝肯定缺了一根，我为了拿到那根保险丝需要找到螺丝刀，为了拿到螺丝刀需要先拿到钥匙，为了拿到钥匙需要先完成神奇小解密，神奇小解密完会刷怪，然后我发现跟我预想的一模一样... 

二十年了，一点新意都没有，虽然说确实很难有新东西了。但本作还是玩到了一些新东西的，尤其是里昂线，不剧透，总之就是会心一笑，全程都是笑着在玩，感觉就是 哈哈哈 还可以这样 还得是你啊。

总之是个好游戏，好玩，刺激，别看那些差评，买就完事了，你不会后悔的。",推荐,5.7,6,65,好玩 就是创新不足 比如我远远的看到一个保险箱 我就知道里面的保险丝肯定缺了一根 我为了拿到那根保险丝需要找到螺丝刀 为了拿到螺丝刀需要先拿到钥匙 为了拿到钥匙需要先完成神奇小解密 神奇小解密完会刷怪 然后我发现跟我预想的一模一样 二十年了 一点新意都没有 虽然说确实很难有新东西了 但本作还是玩到了一些新东西的 尤其是里昂线 不剧透 总之就是会心一笑 全程都是笑着在玩 感觉就是 哈哈哈 还可以这样 还得是你啊 总之是个好游戏 好玩 刺激 别看那些差评 买就完事了 你不会后悔的,玩法,正面
3249,3249,2026-02-27,看了一堆差评的  说各种进不去 我想问 自己不想想是不是自己问题吗？？？/ 我为啥 点了直接进去？？？？,推荐,8.9,5,164,看了一堆差评的 说各种进不去 我想问 自己不想想是不是自己问题吗 我为啥 点了直接进去,优化,正面
3250,3250,2026-02-27,傻逼优化,不推荐,4.3,50,209,傻逼优化,优化,负面
3251,3251,2026-02-27,怎么关闭电影胶片颗粒，真的有人喜欢这东西么，给个关闭选项啊,不推荐,18.4,2,11,怎么关闭电影胶片颗粒 真的有人喜欢这东西么 给个关闭选项啊,画面,负面
3252,3252,2026-02-27,用女主是生化危机，用里昂是生化的危机,推荐,10.5,22,31,用女主是生化危机 用里昂是生化的危机,情怀,正面
3253,3253,2026-02-27,开局女主的塑造有些过于扁平了，一惊一乍的胆小女主，太经典了吧，经典到我都不想吐槽了，就玩这 80 分钟内，女主给我的印象感觉是患有某些精神类病？？？剧情时间跨度这么长 一点成长都没有吗，N 年前，和开局居然是一个性格，一个脾气，而且因为事件导致性格更加内缩了，我承认恐怖游戏配一个胆小的一点的主角显然更好，但是这样太割裂了，完全带入不进去。这么多年来，就没回去看一眼吗？调查只是浮于表面？一点实际行动都没有吗？就连凶案现场都没回去过？？？配音倒是不错。开局剧情分 0，里昂那边 感觉出场就是为了凸显他是里昂一样，太装了 不过我喜欢，打斗战不错 开局的，可惜就那么两分钟，还有就是女主跑得也太慢了•ᴗ•💧,推荐,1.4,46,105,开局女主的塑造有些过于扁平了 一惊一乍的胆小女主 太经典了吧 经典到我都不想吐槽了 就玩这 80 分钟内 女主给我的印象感觉是患有某些精神类病 剧情时间跨度这么长 一点成长都没有吗 N 年前 和开局居然是一个性格 一个脾气 而且因为事件导致性格更加内缩了 我承认恐怖游戏配一个胆小的一点的主角显然更好 但是这样太割裂了 完全带入不进去 这么多年来 就没回去看一眼吗 调查只是浮于表面 一点实际行动都没有吗 就连凶案现场都没回去过 配音倒是不错 开局剧情分 0 里昂那边 感觉出场就是为了凸显他是里昂一样 太装了 不过我喜欢 打斗战不错 开局的 可惜就那么两分钟 还有就是女主跑得也太慢了 ᴗ,剧情,正面
3254,3254,2026-02-27,"This is the first negative review I've left on Steam in a long time. This has nothing to do with the quality of the game, as I haven't been able to play it at all. Why does a game that I pre-ordered and even bought the deluxe edition of have so many system errors at the very beginning? Regardless of whether it's due to bugs or Denuvo encryption, as a long-time Resident Evil fan, CAPCOM never disappoints in disappointing people.",不推荐,3.8,31,90,This is the first negative review I ve left on Steam in a long time This has nothing to do with the quality of the game as I haven t been able to play it at all Why does a game that I pre ordered and even bought the deluxe edition of have so many system errors at the very beginning Regardless of whether it s due to bugs or Denuvo encryption as a long time Resident Evil fan CAPCOM never disappoints in disappointing people,优化,负面
3255,3255,2026-02-27,自动保存失败什么意思啊,不推荐,0.5,17,126,自动保存失败什么意思啊,优化,负面
3256,3256,2026-02-27,ds5手柄也不给个扳机 考嫩娘的,推荐,10.2,1,10,ds5手柄也不给个扳机 考嫩娘的,其他,正面
3257,3257,2026-02-27,我是薛帕德指挥官，这是我在神堡最喜欢的商店。,推荐,10.8,12,121,我是薛帕德指挥官 这是我在神堡最喜欢的商店,情怀,正面
3258,3258,2026-02-27,先好评，不好玩我再回来改,推荐,20.1,35,144,先好评 不好玩我再回来改,其他,正面
3259,3259,2026-02-27,o( ❛ᴗ❛ )o 9分，还行,推荐,3.0,44,53,o ᴗ o 9分 还行,其他,正面
3260,3260,2026-02-27,大IP 还是有质量保证的 推荐,推荐,1.6,29,88,大IP 还是有质量保证的 推荐,情怀,正面
3261,3261,2026-02-27,生化危机气氛这方面做的真的太有感觉了,推荐,9.5,19,178,生化危机气氛这方面做的真的太有感觉了,音效,正面
3262,3262,2026-02-27,好玩好玩,推荐,4.9,10,19,好玩好玩,玩法,正面
3263,3263,2026-02-27,算是生化危机的忠实粉丝了，从生化危机6开始一直是预购的游戏，好玩爱玩,推荐,5.9,27,186,算是生化危机的忠实粉丝了 从生化危机6开始一直是预购的游戏 好玩爱玩,情怀,正面
3264,3264,2026-02-27,不是 谁家第一个boss叫 女孩 !! 吓死人,推荐,2.2,19,128,不是 谁家第一个boss叫 女孩 吓死人,剧情,正面
3265,3265,2026-02-27,生化无双！启————————动！！！！！！！,推荐,4.0,37,196,生化无双 启 动,情怀,正面
3266,3266,2026-02-27,"4090玩的画面噪点严重，人物模型和头发边缘有明显的噪点。
不支持ps5手柄特性，不能使用陀螺仪体感瞄准，太垃圾了。买的cdk，后悔了，卡普空以后你的游戏我再也不买了。",不推荐,1.2,33,192,4090玩的画面噪点严重 人物模型和头发边缘有明显的噪点 不支持ps5手柄特性 不能使用陀螺仪体感瞄准 太垃圾了 买的cdk 后悔了 卡普空以后你的游戏我再也不买了,画面,负面
3267,3267,2026-02-27,期待好久了,推荐,8.6,35,44,期待好久了,情怀,正面
3268,3268,2026-02-27,"画质顶级，格蕾丝的恐怖氛围营造的不错，里昂帅到伟大无需多言！
不过八尺夫人的那个大帽子，过长动画有时候把格蕾丝的脸都遮住了，只能等MOD去帽子了。
",推荐,5.9,36,95,画质顶级 格蕾丝的恐怖氛围营造的不错 里昂帅到伟大无需多言 不过八尺夫人的那个大帽子 过长动画有时候把格蕾丝的脸都遮住了 只能等MOD去帽子了,画面,正面
3269,3269,2026-02-27,显示支持PS5手柄，实际并不支持，还得开steam输入,不推荐,2.7,8,17,显示支持PS5手柄 实际并不支持 还得开steam输入,优化,负面
3270,3270,2026-02-27,女主我畏畏缩缩.切到李昂我直接开始体术,推荐,10.0,7,16,女主我畏畏缩缩 切到李昂我直接开始体术,玩法,正面
3271,3271,2026-02-27,ds手柄连不上，没反应,不推荐,6.7,36,45,ds手柄连不上 没反应,优化,负面
3272,3272,2026-02-27,"一直在不停的崩溃 只要加载新场景或者过场动画八成几率崩溃然后开启错误报告 
我不明白 为什么2026年开年为数不多的经典之作在PC上的表现如何之烂 烂到令人发指 几小时的游戏时间里疯狂崩溃十几次 几乎每个场景都要重玩3次 目前这游戏就是一坨史 因为连最基本的游玩稳定性都做不到",不推荐,3.6,10,69,一直在不停的崩溃 只要加载新场景或者过场动画八成几率崩溃然后开启错误报告 我不明白 为什么2026年开年为数不多的经典之作在PC上的表现如何之烂 烂到令人发指 几小时的游戏时间里疯狂崩溃十几次 几乎每个场景都要重玩3次 目前这游戏就是一坨史 因为连最基本的游玩稳定性都做不到,优化,负面
3273,3273,2026-02-27,好玩!爱玩!和女朋友一起玩,推荐,4.2,11,70,好玩 爱玩 和女朋友一起玩,情怀,正面
3274,3274,2026-02-27,4090，玩到遇到怪之前崩溃两次了。优化好了再改回来,不推荐,2.6,9,18,4090 玩到遇到怪之前崩溃两次了 优化好了再改回来,优化,负面
3275,3275,2026-02-27,好玩爱玩,推荐,6.5,25,134,好玩爱玩,玩法,正面
3276,3276,2026-02-27,没见过素材复用这么夸张的游戏，游戏里到处都充满了敷衍和省成本，玩法依旧老三样一成不变没任何创新，如果是现在我只能说348元原价别玩，不值得，等着半年后半价再入手吧，大失所望！！！,不推荐,1.4,37,96,没见过素材复用这么夸张的游戏 游戏里到处都充满了敷衍和省成本 玩法依旧老三样一成不变没任何创新 如果是现在我只能说348元原价别玩 不值得 等着半年后半价再入手吧 大失所望,价格,负面
3277,3277,2026-02-27,只玩一下 中文配音聽著也不錯,推荐,2.4,9,18,只玩一下 中文配音聽著也不錯,音效,正面
3278,3278,2026-02-27,笑死我了，开场诊所追女主那个大高个被分头过个CG干死了,推荐,5.5,40,49,笑死我了 开场诊所追女主那个大高个被分头过个CG干死了,剧情,正面
3279,3279,2026-02-27,"就喜欢搞你妈那点小巧思。
十字键上给我锁死手电筒。
我从生化7、8、RE2、3、4，再算上启示录2、抵抗等游戏，我用了这么久的十字键上，这个位置永远放的是手枪，你他妈的说锁死就锁死，你甚至不愿意给我一个自由分配位置的权利。
搞得老子切个枪就给我掏手电筒，我可去你妈的吧。

L1+R2更是人才，RE2、3、4下来，这个操作一直是快速反应动作，特别是开箱子常用。
你他妈给我来了个重攻击，你怎么不来个长按R2重攻击，把L1+R2空出来？？
手感败完了。

第三人称的万向移动还是你妈的跟屎一样，特别是格蕾丝。被追的时候走两步爬两步，然后要互动的开门按钮我死都摸不到，在按钮上爬半天，爬来爬去。
你哪怕学生化6把互动范围拉大点呢？

一周目似乎没开启更换服装的选项，你猜猜我为什么买豪华版？

不支持DS手柄，自适应班级、手柄扬声器，全部没效果。

优化我没整明白，我先不喷，运行的好好地，突然给我卡成狗，而且是同一个场景。
第一次来流畅，第二次来卡的不成样子。温度和占用看起来都正常，也不是战斗状态，也没拉怪。",不推荐,1.6,36,195,就喜欢搞你妈那点小巧思 十字键上给我锁死手电筒 我从生化7 8 RE2 3 4 再算上启示录2 抵抗等游戏 我用了这么久的十字键上 这个位置永远放的是手枪 你他妈的说锁死就锁死 你甚至不愿意给我一个自由分配位置的权利 搞得老子切个枪就给我掏手电筒 我可去你妈的吧 L1 R2更是人才 RE2 3 4下来 这个操作一直是快速反应动作 特别是开箱子常用 你他妈给我来了个重攻击 你怎么不来个长按R2重攻击 把L1 R2空出来 手感败完了 第三人称的万向移动还是你妈的跟屎一样 特别是格蕾丝 被追的时候走两步爬两步 然后要互动的开门按钮我死都摸不到 在按钮上爬半天 爬来爬去 你哪怕学生化6把互动范围拉大点呢 一周目似乎没开启更换服装的选项 你猜猜我为什么买豪华版 不支持DS手柄 自适应班级 手柄扬声器 全部没效果 优化我没整明白 我先不喷 运行的好好地 突然给我卡成狗 而且是同一个场景 第一次来流畅 第二次来卡的不成样子 温度和占用看起来都正常 也不是战斗状态 也没拉怪,玩法,负面
3280,3280,2026-02-27,浣熊市，你的活爹回来了,推荐,5.5,44,103,浣熊市 你的活爹回来了,情怀,正面
3281,3281,2026-02-27,优化很好4kdls质量拉满路径240帧！游戏也不错,推荐,3.0,13,122,优化很好4kdls质量拉满路径240帧 游戏也不错,画面,正面
3282,3282,2026-02-27,一字爽 看来要一半爽一半怂b了 God bless,推荐,6.0,18,77,一字爽 看来要一半爽一半怂b了 God bless,情怀,正面
3283,3283,2026-02-27,[h1] 处决太帅了 [/h1],推荐,4.8,5,64,h1 处决太帅了 h1,玩法,正面
3284,3284,2026-02-27,买了你进不了游戏你是hyw,不推荐,0.5,45,54,买了你进不了游戏你是hyw,优化,负面
3285,3285,2026-02-27,"错误代码：0x1000000
启动直接报错！完全无法进入游戏！",不推荐,3.0,22,81,错误代码 0x1000000 启动直接报错 完全无法进入游戏,优化,负面
3286,3286,2026-02-27,我的全屏选项呢？？？上下黑边恶心我吗？？？？,不推荐,13.7,14,73,我的全屏选项呢 上下黑边恶心我吗,画面,负面
3287,3287,2026-02-27,绝对是画面最精细真实的一代，雨夜末日氛围感十足，就是人物面部表情还是有些呆滞。第一人称/第三人称丝滑切换极度好评！FBI新人警探格蕾丝首秀，RPD老鸟里昂强势回归，生化危机系列30周年献礼值回票价了！！,推荐,2.4,11,20,绝对是画面最精细真实的一代 雨夜末日氛围感十足 就是人物面部表情还是有些呆滞 第一人称 第三人称丝滑切换极度好评 FBI新人警探格蕾丝首秀 RPD老鸟里昂强势回归 生化危机系列30周年献礼值回票价了,画面,正面
3288,3288,2026-02-27,既然不识别DS手柄，为什么要标支持？这不是欺骗玩家的行为？,不推荐,3.9,32,191,既然不识别DS手柄 为什么要标支持 这不是欺骗玩家的行为,优化,负面
3289,3289,2026-02-27,好评是不可能的，本以为你流程能跟生化4重制版靠拢，那也勉强能接受，都现代了，武器还是老古董枪，真有你的，400块买个内容不足的游戏，在大冤种，都不会预购你家游戏了，你游戏就只值100之内,不推荐,12.8,36,195,好评是不可能的 本以为你流程能跟生化4重制版靠拢 那也勉强能接受 都现代了 武器还是老古董枪 真有你的 400块买个内容不足的游戏 在大冤种 都不会预购你家游戏了 你游戏就只值100之内,玩法,负面
3290,3290,2026-02-27,本来准备像生化4一样爽玩武器，结果一上来要玩躲猫猫，溜了,不推荐,1.5,42,101,本来准备像生化4一样爽玩武器 结果一上来要玩躲猫猫 溜了,玩法,负面
3291,3291,2026-02-27,草拟妈傻逼卡普空，不是你妈的闪退就是你妈的报错，开直播100%报错，我真是草拟奶奶,不推荐,12.3,48,207,草拟妈傻逼卡普空 不是你妈的闪退就是你妈的报错 开直播100 报错 我真是草拟奶奶,优化,负面
3292,3292,2026-02-27,游戏内容上肯定是没毛病，什么时候更新对dualsense手柄的原生支持什么时候改好评,不推荐,11.9,37,196,游戏内容上肯定是没毛病 什么时候更新对dualsense手柄的原生支持什么时候改好评,优化,负面
3293,3293,2026-02-27,"还得是卡普空，里昂很帅，格莉斯很美，恐怖氛围和画质都拉满了，生化危机9打造的氛围比生化危机7更恐怖了，画质也比生化危机4重制版更精美了，十分推荐˶>ヮ<˶
生化危机9游戏里昂部分开始时，城市的混乱部分制作的非常好，感觉是为了生化危机6重制版的大场面而铺垫的，就像是在生化危机8里那样实验新机制，是为了制作更加优秀的生化危机4重制版。卡普空证明了只要冷饭炒的好也会是一部优秀的游戏作品，期待生化危机0,1,5,6的重制版(๑•̀ㅂ•́)و✧",推荐,4.7,2,111,还得是卡普空 里昂很帅 格莉斯很美 恐怖氛围和画质都拉满了 生化危机9打造的氛围比生化危机7更恐怖了 画质也比生化危机4重制版更精美了 十分推荐 ヮ 生化危机9游戏里昂部分开始时 城市的混乱部分制作的非常好 感觉是为了生化危机6重制版的大场面而铺垫的 就像是在生化危机8里那样实验新机制 是为了制作更加优秀的生化危机4重制版 卡普空证明了只要冷饭炒的好也会是一部优秀的游戏作品 期待生化危机0 1 5 6的重制版 ๑ ㅂ و,画面,正面
3294,3294,2026-02-27,卡婊操你妈逼，老子ds5震动适配呢，这么一点事都不愿意做是吧，贱种卡婊,不推荐,7.8,15,74,卡婊操你妈逼 老子ds5震动适配呢 这么一点事都不愿意做是吧 贱种卡婊,优化,负面
3295,3295,2026-02-27,"RESIDENT EVIL requiem - Crash
An unhandled exception occurred.
re9.exe!0x140000000 + 0x9e7eabe
re9,exe!0x140000000 + 0x9e7e2fd",不推荐,1.9,15,24,RESIDENT EVIL requiem Crash An unhandled exception occurred re9 exe 0x140000000 0x9e7eabe re9 exe 0x140000000 0x9e7e2fd,优化,负面
3296,3296,2026-02-27,我豪华版奖励呢？找了半天，退出重进才有，预购豪华版受害者。鼠标灵敏度小的要死还调不了，物资要啥啥没有,不推荐,8.7,39,148,我豪华版奖励呢 找了半天 退出重进才有 预购豪华版受害者 鼠标灵敏度小的要死还调不了 物资要啥啥没有,优化,负面
3297,3297,2026-02-27,生化2箱庭+生化4动作+生化7恐怖=生化9安魂曲！！！,推荐,9.8,48,57,生化2箱庭 生化4动作 生化7恐怖 生化9安魂曲,剧情,正面
3298,3298,2026-02-27,辣鸡游戏偷跑就算了 首发还报错进不去游戏,不推荐,7.0,49,108,辣鸡游戏偷跑就算了 首发还报错进不去游戏,优化,负面
3299,3299,2026-02-27,不知道为啥会掉帧到十几，重装了win10 帧数稳定没问题，然后又重装win11也没问题，改好评了,推荐,2.9,41,100,不知道为啥会掉帧到十几 重装了win10 帧数稳定没问题 然后又重装win11也没问题 改好评了,优化,正面
3300,3300,2026-02-27,开局动画就卡死 场景加载不出来 首发优化就烂的一批 已退款等破解,不推荐,1.9,43,102,开局动画就卡死 场景加载不出来 首发优化就烂的一批 已退款等破解,优化,负面
3301,3301,2026-02-27,"顶级音效，顶级画面，顶级配音，顶级优化，顶级Grace，顶级三光
垃圾ds适配",推荐,8.8,33,92,顶级音效 顶级画面 顶级配音 顶级优化 顶级Grace 顶级三光 垃圾ds适配,音效,正面
3302,3302,2026-02-27,你知道不让修改鼠标灵敏度，我键鼠瞄准敌人转个身要滑满桌面三次才能转过去吗？,不推荐,12.3,10,19,你知道不让修改鼠标灵敏度 我键鼠瞄准敌人转个身要滑满桌面三次才能转过去吗,玩法,负面
3303,3303,2026-02-27,什么玩意，进游戏地形都加载不出来全透明的，我配置不高但是也不算低吧，期待了这么久就这,不推荐,3.5,29,38,什么玩意 进游戏地形都加载不出来全透明的 我配置不高但是也不算低吧 期待了这么久就这,优化,负面
3304,3304,2026-02-27,"里昂拼死拼活干到了50多岁，终于开上了保时捷，我哭死:steamsad:
",推荐,4.8,28,87,里昂拼死拼活干到了50多岁 终于开上了保时捷 我哭死 steamsad,情怀,正面
3305,3305,2026-02-27,"Unsupported graphics card.
please read the system requirements for details.
NVIDIA GeForce RTX2070 is not supported

2070不让玩是这意思吗？",不推荐,8.2,30,89,Unsupported graphics card please read the system requirements for details NVIDIA GeForce RTX2070 is not supported 2070不让玩是这意思吗,优化,负面
3306,3306,2026-02-27,"开头的女主部分和生化8的玩偶那关有点类似，属于恐怖类型的，玩不了生化危机8的，这代也玩不了。
然后就是优化，我的配置是136kf+5090DV2   在4K画质拉满+路径光追拉满+dlss质量的情况下，在开局的行人走道那段，原生帧率稳不住60帧，时常在60以下。大部分场景稳60还是没问题的。然后画质选项里面没有关闭电影颗粒效果的开关，我个人是极其不喜欢这个颗粒效果，希望后续增加颗粒效果的开关选项。==我不知道这个游戏的优化属于好还是差，但是整体的体验下来没有明显的突然卡顿，其次就是女主作为FBI来说心理素质太差，按照时间线来说，作为FBI不至于碰到个丧尸就慌了神，后面就算是打个碍事梨替换女主的mod，我觉得也不会有任何违和感。强行用软弱来制造恐怖氛围，那一开始就应该把女主的设定改为不知名女大学生，而不是FBI。",推荐,5.2,7,16,开头的女主部分和生化8的玩偶那关有点类似 属于恐怖类型的 玩不了生化危机8的 这代也玩不了 然后就是优化 我的配置是136kf 5090DV2 在4K画质拉满 路径光追拉满 dlss质量的情况下 在开局的行人走道那段 原生帧率稳不住60帧 时常在60以下 大部分场景稳60还是没问题的 然后画质选项里面没有关闭电影颗粒效果的开关 我个人是极其不喜欢这个颗粒效果 希望后续增加颗粒效果的开关选项 我不知道这个游戏的优化属于好还是差 但是整体的体验下来没有明显的突然卡顿 其次就是女主作为FBI来说心理素质太差 按照时间线来说 作为FBI不至于碰到个丧尸就慌了神 后面就算是打个碍事梨替换女主的mod 我觉得也不会有任何违和感 强行用软弱来制造恐怖氛围 那一开始就应该把女主的设定改为不知名女大学生 而不是FBI,优化,正面
3307,3307,2026-02-27,"坏了，里昂就留了一发子弹
",推荐,6.2,26,85,坏了 里昂就留了一发子弹,剧情,正面
3308,3308,2026-02-27,为里昂来的,推荐,16.8,10,69,为里昂来的,情怀,正面
3309,3309,2026-02-27,原来是生化危机9啊，里昂部分还以为是鬼泣6呢,推荐,4.1,33,92,原来是生化危机9啊 里昂部分还以为是鬼泣6呢,玩法,正面
3310,3310,2026-02-27,"发售前全流程偷跑，进游戏不伦不类，里昂进疗养院不救护士的操作和魔法电锯的设定就把人看笑了

①地上高速旋转的电锯，美国高级特工半天里昂拿不起来，变异丧尸凑过来电锯就自动黏在丧尸手上了，好好好；
里昂电锯用完，就随手丢地上也不关闭开关，这尼玛是正常人类的操作？然后电锯又再地上旋转，发出吱吱吱的声音，仿佛在说，丧尸哥哥姐姐快来拿我砍里昂嘻嘻嘻；
就刚进游戏一个多小时遇见的这种傻逼设定，能把一个生化老玩家气笑，游戏设计师你脑子里有屎吧，生化4重置完中G病毒了？


①The whole game leaked before release, jumping in feels all over the place. The way Leon goes to the sanatorium without saving the nurse, and the setup with the magic chainsaw, had me laughing out loud.  

The chainsaw spins crazy fast on the floor, and American super-agent Leon can’t even pick it up for half a day. Then a mutant zombie walks over and the chainsaw automatically sticks to its hand—like, okay, sure.  
After Leon uses the chainsaw, he just throws it on the ground without turning it off. Is that normal human behavior? Then it spins on the floor again, squeaking, like it’s saying, 'Hey zombie bros and sisters, come get me and slash Leon .'  
I ran into this dumb setup just over an hour into the game. It’s enough to make a veteran Resident Evil player laugh in anger. Game designers, what were you thinking? Did you catch the G-virus after finishing Resident Evil 4 Remake or something?


②边玩边吐槽细节：
格蕾丝是生化系列最胆小的人物塑造，OK没问题，但看看给格蕾丝设定的蛋疼台词，作为一个成年人，一个FBI探员，一句完整的话说不清楚，一句话夹杂各种嗯、呃，说话总是磨磨唧唧、局促慌乱且毫无逻辑，人物设计的没有一点灵性和活力；

疗养院里一级腕带升二级腕带，解密设定无可厚非，可结果让玩家兜兜转转半天，就是为了把让实验尸体复活i，然后让它手腕上的二级腕带掉落？！格蕾丝，你一个FBI探员，会射击会制作简易刀具，直接用刀把控制实验室尸体的绑带割断不行吗？？？回看整段解密流程显得很繁琐、经不住推敲，像是为了解密而解密；

解锁月亮、太阳道具箱时，上面明显也印有盲文，对比前两个箱子上的盲文去解锁第三个星星道具箱不行吗，堂堂FBI探员格蕾丝这种推理比较的逻辑问题答不上来吗，就因为不识盲文，为了星星、太阳、月亮三个盲文词汇去解救艾米丽，简直脱裤子放屁多此一举，和上面同样的问题，为了解密而解密，设计的不巧妙，逻辑上有瑕疵，即便为了推进剧情必须拯救艾米丽，就不能换个其他理由吗，游戏编剧和关卡设计有很大问题。

② Complaining about details while playing:  
Grace is portrayed as the most cowardly character in the Resident Evil series—okay, fine, no problem. But just look at the painfully awkward lines they wrote for her. As an adult and an FBI agent, she can’t even finish a sentence properly. Her speech is full of ‘um’ and ‘uh,’ always hesitant, flustered, and totally illogical. The character design has zero charm or vitality.  

In the sanitarium, you upgrade the wristband from level one to level two, and I get the puzzle logic. But in the end, it makes players run around in circles just to revive a test subject and have its level-two wristband fall off?! Grace, you’re an FBI agent who can shoot and make simple knives—why not just cut the strap controlling the test subject  corpse with a knife??? Looking back, the whole puzzle process feels overly complicated and doesn’t hold up to scrutiny, like it exists just for the sake of a puzzle.  

When unlocking the Moon and Sun toolboxes, Braille is clearly printed on them. Why can’t we just compare the Braille on the first two boxes to unlock the third Star toolbox? A respectable FBI agent like Grace can’t handle this logic problem? Just because she can’t read Braille, the game forces you to rescue Emily with three random Braille words for Star, Sun, and Moon—it’s utterly pointless, like you’re pulling stuff out of nowhere. It’s the same issue as before: puzzles exist just for the sake of puzzles. The design is clunky and logically flawed. Even if saving Emily is essential for the story, couldn’t there have been a better reason? The game’s writing and level design are seriously problematic.

③游戏流程由格蕾丝、里昂交替进行，大致可以归纳为屎+巧克力：
格蕾丝解谜俩小时宛如吃屎，解谜过程老套且又臭又长（门从另一边堵住了，门需要钥匙才能打开...），跑图能把人跑吐，还要忍受格蕾丝大呼小叫；
里昂无双割草三分钟，各种体术、爽枪、弹药给足，推进一小点剧情，像喂你一块美味巧克力，然后继续换格蕾丝吃屎

这一代游戏让玩家期待值太高了，实际游戏体验令人失望


③ The game alternates between Grace and Leon, and can roughly be summed up as 'sh*t and chocolate':  
Grace puzzles for two hours feel like eating sh*t, with clichéd, long, and boring puzzle-solving, running around the maps until you feel sick, all while enduring Grace’s constant shouting;  
Leon’s sequences are like a three-minute hack-and-slash, with plenty of melee skills, satisfying gunplay, and ammunition, advancing a small bit of the story, like being given a piece of delicious chocolate, then switching back to Grace to eat sh*t.  

This installment made players expect too much, but the actual gameplay experience is disappointing.

④有谁能告诉我艾米丽在整个剧情中的作用？？？？
折腾一路最后变肉泥怪被里昂突突突？？？

④Can anyone tell me what Emily's role is throughout the whole story??? 
She goes through all that just to end up as a bloody mess being shot to bits by Leon???

⑤卡普空你如果实在没活儿了，就把生化4重制版再重置一遍吧

⑤Capcom, if you really have run out of ideas, just remake the< Resident Evil 4 remake >again.",不推荐,12.8,47,56,发售前全流程偷跑 进游戏不伦不类 里昂进疗养院不救护士的操作和魔法电锯的设定就把人看笑了 ①地上高速旋转的电锯 美国高级特工半天里昂拿不起来 变异丧尸凑过来电锯就自动黏在丧尸手上了 好好好 里昂电锯用完 就随手丢地上也不关闭开关 这尼玛是正常人类的操作 然后电锯又再地上旋转 发出吱吱吱的声音 仿佛在说 丧尸哥哥姐姐快来拿我砍里昂嘻嘻嘻 就刚进游戏一个多小时遇见的这种傻逼设定 能把一个生化老玩家气笑 游戏设计师你脑子里有屎吧 生化4重置完中G病毒了 ①The whole game leaked before release jumping in feels all over the place The way Leon goes to the sanatorium without saving the nurse and the setup with the magic chainsaw had me laughing out loud The chainsaw spins crazy fast on the floor and American super agent Leon can t even pick it up for half a day Then a mutant zombie walks over and the chainsaw automatically sticks to its hand like okay sure After Leon uses the chainsaw he just throws it on the ground without turning it off Is that normal human behavior Then it spins on the floor again squeaking like it s saying Hey zombie bros and sisters come get me and slash Leon I ran into this dumb setup just over an hour into the game It s enough to make a veteran Resident Evil player laugh in anger Game designers what were you thinking Did you catch the G virus after finishing Resident Evil 4 Remake or something ②边玩边吐槽细节 格蕾丝是生化系列最胆小的人物塑造 OK没问题 但看看给格蕾丝设定的蛋疼台词 作为一个成年人 一个FBI探员 一句完整的话说不清楚 一句话夹杂各种嗯 呃 说话总是磨磨唧唧 局促慌乱且毫无逻辑 人物设计的没有一点灵性和活力 疗养院里一级腕带升二级腕带 解密设定无可厚非 可结果让玩家兜兜转转半天 就是为了把让实验尸体复活i 然后让它手腕上的二级腕带掉落 格蕾丝 你一个FBI探员 会射击会制作简易刀具 直接用刀把控制实验室尸体的绑带割断不行吗 回看整段解密流程显得很繁琐 经不住推敲 像是为了解密而解密 解锁月亮 太阳道具箱时 上面明显也印有盲文 对比前两个箱子上的盲文去解锁第三个星星道具箱不行吗 堂堂FBI探员格蕾丝这种推理比较的逻辑问题答不上来吗 就因为不识盲文 为了星星 太阳 月亮三个盲文词汇去解救艾米丽 简直脱裤子放屁多此一举 和上面同样的问题 为了解密而解密 设计的不巧妙 逻辑上有瑕疵 即便为了推进剧情必须拯救艾米丽 就不能换个其他理由吗 游戏编剧和关卡设计有很大问题 ② Complaining about details while playing Grace is portrayed as the most cowardly character in the Resident Evil series okay fine no problem But just look at the painfully awkward lines they wrote for her As an adult and an FBI agent she can t even finish a sentence properly Her speech is full of um and uh always hesitant flustered and totally illogical The character design has zero charm or vitality In the sanitarium you upgrade the wristband from level one to level two and I get the puzzle logic But in the end it makes players run around in circles just to revive a test subject and have its level two wristband fall off Grace you re an FBI agent who can shoot and make simple knives why not just cut the strap controlling the test subject corpse with a knife Looking back the whole puzzle process feels overly complicated and doesn t hold up to scrutiny like it exists just for the sake of a puzzle When unlocking the Moon and Sun toolboxes Braille is clearly printed on them Why can t we just compare the Braille on the first two boxes to unlock the third Star toolbox A respectable FBI agent like Grace can t handle this logic problem Just because she can t read Braille the game forces you to rescue Emily with three random Braille words for Star Sun and Moon it s utterly pointless like you re pulling stuff out of nowhere It s the same issue as before puzzles exist just for the sake of puzzles The design is clunky and logically flawed Even if saving Emily is essential for the story couldn t there have been a better reason The game s writing and level design are seriously problematic ③游戏流程由格蕾丝 里昂交替进行 大致可以归纳为屎 巧克力 格蕾丝解谜俩小时宛如吃屎 解谜过程老套且又臭又长 门从另一边堵住了 门需要钥匙才能打开 跑图能把人跑吐 还要忍受格蕾丝大呼小叫 里昂无双割草三分钟 各种体术 爽枪 弹药给足 推进一小点剧情 像喂你一块美味巧克力 然后继续换格蕾丝吃屎 这一代游戏让玩家期待值太高了 实际游戏体验令人失望 ③ The game alternates between Grace and Leon and can roughly be summed up as sh t and chocolate Grace puzzles for two hours feel like eating sh t with clichéd long and boring puzzle solving running around the maps until you feel sick all while enduring Grace s constant shouting Leon s sequences are like a three minute hack and slash with plenty of melee skills satisfying gunplay and ammunition advancing a small bit of the story like being given a piece of delicious chocolate then switching back to Grace to eat sh t This installment made players expect too much but the actual gameplay experience is disappointing ④有谁能告诉我艾米丽在整个剧情中的作用 折腾一路最后变肉泥怪被里昂突突突 ④Can anyone tell me what Emily s role is throughout the whole story She goes through all that just to end up as a bloody mess being shot to bits by Leon ⑤卡普空你如果实在没活儿了 就把生化4重制版再重置一遍吧 ⑤Capcom if you really have run out of ideas just remake the Resident Evil 4 remake again,玩法,负面
3311,3311,2026-02-27,"依旧十分甚至是九分的优质生化危机
但为啥不能全屏？
刚切到里昂的时候打着打着给我把steam页面按出来了整的那丧尸哥们多吃了几口好的",推荐,2.5,11,20,依旧十分甚至是九分的优质生化危机 但为啥不能全屏 刚切到里昂的时候打着打着给我把steam页面按出来了整的那丧尸哥们多吃了几口好的,优化,正面
3312,3312,2026-02-27,玩了一会，晕的慌，难道是因为我用的手柄？依旧是没有原生ds5手柄适配，还要开steam映射，格蕾丝的黑色电影不错，就是耳坠怎么没做重力效果，腰带都做了,推荐,1.6,43,102,玩了一会 晕的慌 难道是因为我用的手柄 依旧是没有原生ds5手柄适配 还要开steam映射 格蕾丝的黑色电影不错 就是耳坠怎么没做重力效果 腰带都做了,优化,正面
3313,3313,2026-02-27,"真的精致，而且优化也到位，建模无敌各种细节做的也极好。等我玩完追评
4小时追评：格蕾丝的操作手感太差了，不过这也算是游戏的细节？毕竟是个软弱妹子，还得是里昂的手感，做了明显的差异化。整体的叙事手法和电影风格也做的非常优秀，秀模型来了，真的帅。",推荐,4.5,2,61,真的精致 而且优化也到位 建模无敌各种细节做的也极好 等我玩完追评 4小时追评 格蕾丝的操作手感太差了 不过这也算是游戏的细节 毕竟是个软弱妹子 还得是里昂的手感 做了明显的差异化 整体的叙事手法和电影风格也做的非常优秀 秀模型来了 真的帅,画面,正面
3314,3314,2026-02-27,"老去的三光也是三光
",推荐,0.1,11,120,老去的三光也是三光,情怀,正面
3315,3315,2026-02-27,我他吗的地板呢？背景全他妈白的,不推荐,6.1,11,170,我他吗的地板呢 背景全他妈白的,画面,负面
3316,3316,2026-02-27,very good,推荐,14.4,18,27,very good,其他,正面
3317,3317,2026-02-27,玩了一会，不开光追的情况下优化还行,推荐,4.1,14,73,玩了一会 不开光追的情况下优化还行,优化,正面
3318,3318,2026-02-27,给到夯！！！！,推荐,11.4,9,168,给到夯,其他,正面
3319,3319,2026-02-27,啊啊啊啊啊啊啊啊啊啊啊啊啊啊啊啊啊啊啊啊啊啊啊啊啊啊啊啊啊啊啊啊啊啊啊啊啊啊啊啊啊啊啊啊啊啊啊啊啊啊啊啊啊啊啊啊啊啊啊啊啊啊啊啊啊啊啊啊啊啊啊啊啊啊啊啊啊啊啊啊啊啊啊啊啊啊啊啊啊啊啊啊啊啊啊啊啊啊啊啊啊啊啊啊啊啊啊啊啊啊啊啊啊啊啊啊啊啊啊啊啊啊啊啊啊啊啊啊啊啊啊啊啊啊啊啊啊啊啊啊啊啊啊啊啊啊啊啊啊啊啊啊啊啊啊啊啊啊啊啊啊啊啊啊啊啊啊啊啊啊啊啊啊啊啊啊啊啊啊啊啊啊啊啊啊啊啊啊啊啊啊啊啊啊啊啊啊啊啊啊啊啊啊啊啊啊啊啊啊啊啊啊啊啊啊啊啊啊啊啊啊啊啊啊啊啊啊啊,推荐,10.1,22,81,啊啊啊啊啊啊啊啊啊啊啊啊啊啊啊啊啊啊啊啊啊啊啊啊啊啊啊啊啊啊啊啊啊啊啊啊啊啊啊啊啊啊啊啊啊啊啊啊啊啊啊啊啊啊啊啊啊啊啊啊啊啊啊啊啊啊啊啊啊啊啊啊啊啊啊啊啊啊啊啊啊啊啊啊啊啊啊啊啊啊啊啊啊啊啊啊啊啊啊啊啊啊啊啊啊啊啊啊啊啊啊啊啊啊啊啊啊啊啊啊啊啊啊啊啊啊啊啊啊啊啊啊啊啊啊啊啊啊啊啊啊啊啊啊啊啊啊啊啊啊啊啊啊啊啊啊啊啊啊啊啊啊啊啊啊啊啊啊啊啊啊啊啊啊啊啊啊啊啊啊啊啊啊啊啊啊啊啊啊啊啊啊啊啊啊啊啊啊啊啊啊啊啊啊啊啊啊啊啊啊啊啊啊啊啊啊啊啊啊啊啊啊啊啊啊啊啊啊,其他,正面
3320,3320,2026-02-27,"RESIDENT EVIL requiem - Crash
An unhandled exception occurred.
re9.exe!0x140000000 + 0x9e7eabe
re9,exe!0x140000000 + 0x9e7e2fd
游戏进不去，很不爽",不推荐,1.4,2,111,RESIDENT EVIL requiem Crash An unhandled exception occurred re9 exe 0x140000000 0x9e7eabe re9 exe 0x140000000 0x9e7e2fd 游戏进不去 很不爽,优化,负面
3321,3321,2026-02-27,游戏画面显示异常，墙面，地面都是透明的，貌似网上没见到怎么解决。,不推荐,8.2,43,52,游戏画面显示异常 墙面 地面都是透明的 貌似网上没见到怎么解决,画面,负面
3322,3322,2026-02-27,好玩，有leon的生化危机就是好的生化危机。PS：评论区电脑不行怪游戏的伪人疑似有点幽默,推荐,1.7,14,123,好玩 有leon的生化危机就是好的生化危机 PS 评论区电脑不行怪游戏的伪人疑似有点幽默,情怀,正面
3323,3323,2026-02-27,超级好玩,推荐,3.6,35,94,超级好玩,玩法,正面
3324,3324,2026-02-27,。。。,推荐,6.5,44,53,,优化,正面
3325,3325,2026-02-27,"编译器时报错  怎么解决啊？ A卡6750xt , wcnmd  CAPCOM",不推荐,3.7,31,90,编译器时报错 怎么解决啊 A卡6750xt wcnmd CAPCOM,优化,负面
3326,3326,2026-02-27,卡普空你是不认字吗，你来告诉我完全支持PlayStation控制器是什么意？？是不用steam输入就完全动不了的意思吗,不推荐,4.5,8,117,卡普空你是不认字吗 你来告诉我完全支持PlayStation控制器是什么意 是不用steam输入就完全动不了的意思吗,优化,负面
3327,3327,2026-02-27,虎躯一震 吓人 打雷吓我一跳,推荐,3.5,14,23,虎躯一震 吓人 打雷吓我一跳,音效,正面
3328,3328,2026-02-27,看啥测评 好玩,推荐,1.4,32,191,看啥测评 好玩,玩法,正面
3329,3329,2026-02-27,"完全支持的控制器-PlayStation 手柄
结果进游戏发现根本连不上，含泪使用ABXY
————————————————————————
玩法和细节还是在线的，手柄瑕不掩瑜，收回差评orz",推荐,11.1,20,29,完全支持的控制器 PlayStation 手柄 结果进游戏发现根本连不上 含泪使用ABXY 玩法和细节还是在线的 手柄瑕不掩瑜 收回差评orz,优化,正面
3330,3330,2026-02-27,好玩，打击感超爽；优化也可以，这套配置2K路径追踪X2能跑100多帧。ps:Leon真帅啊，果然男人如美酒，越老越醇！,推荐,5.3,9,118,好玩 打击感超爽 优化也可以 这套配置2K路径追踪X2能跑100多帧 ps Leon真帅啊 果然男人如美酒 越老越醇,玩法,正面
3331,3331,2026-02-27,"又是最喜欢的一集，就是定价太高   而且卡表优化这一块已经很不错了🥸

昂帅格美🤤打击感这一块，格蕾丝部分应该是特意要代入恐怖了一直喘，不然你也不想昂开无双一直杀吧

百战老兵和新人文员来的说是

还有快点把维罗妮卡重置端上来罢🤪
",推荐,7.8,50,159,又是最喜欢的一集 就是定价太高 而且卡表优化这一块已经很不错了 昂帅格美 打击感这一块 格蕾丝部分应该是特意要代入恐怖了一直喘 不然你也不想昂开无双一直杀吧 百战老兵和新人文员来的说是 还有快点把维罗妮卡重置端上来罢,价格,正面
3332,3332,2026-02-27,亮·啃你弟操着满头白发和皱纹的脸又开始说着骚话屠杀僵尸了，那边那个叫什么维克多的，识相的就赶紧过来嗦我的牛子，至于那个叫格蕾丝的小姑娘，祝你好运，开局就被大眼萌追的到处乱跑，你这家伙还没艾什莉胆子大。,推荐,10.0,9,18,亮 啃你弟操着满头白发和皱纹的脸又开始说着骚话屠杀僵尸了 那边那个叫什么维克多的 识相的就赶紧过来嗦我的牛子 至于那个叫格蕾丝的小姑娘 祝你好运 开局就被大眼萌追的到处乱跑 你这家伙还没艾什莉胆子大,情怀,正面
3333,3333,2026-02-27,质感还是代入感很强，游戏解锁内容也是延续4代重置版的机制，总体很满意！,推荐,3.7,47,56,质感还是代入感很强 游戏解锁内容也是延续4代重置版的机制 总体很满意,玩法,正面
3334,3334,2026-02-27,5070S设置有问题？少贴图基本玩不了，更新显卡驱动后游戏都进不去了,不推荐,11.1,26,135,5070S设置有问题 少贴图基本玩不了 更新显卡驱动后游戏都进不去了,优化,负面
3335,3335,2026-02-27,不错，案发现场氛围拉满了,推荐,4.0,14,73,不错 案发现场氛围拉满了,音效,正面
3336,3336,2026-02-27,"为什么不给选项关掉你那该死的胶片颗粒啊？？
改文件都不生效",不推荐,7.5,12,21,为什么不给选项关掉你那该死的胶片颗粒啊 改文件都不生效,画面,负面
3337,3337,2026-02-27,一进游戏只有人物没有背景，背景是全白的根本没有办法进行游戏。后面缝合的3代复仇女神4代武器系统6代战斗系统7代钱币换装备。整个就一缝合怪。偷跑一点不管提前试玩也没有。这就是现在的卡普空游戏素质,不推荐,10.9,35,44,一进游戏只有人物没有背景 背景是全白的根本没有办法进行游戏 后面缝合的3代复仇女神4代武器系统6代战斗系统7代钱币换装备 整个就一缝合怪 偷跑一点不管提前试玩也没有 这就是现在的卡普空游戏素质,画面,负面
3338,3338,2026-02-27,我要里昂 我要杀杀杀😡,推荐,12.4,22,181,我要里昂 我要杀杀杀,情怀,正面
3339,3339,2026-02-27,我ds没进的时候说适配咋游戏一开又不适配了？？？,推荐,9.8,27,136,我ds没进的时候说适配咋游戏一开又不适配了,优化,正面
3340,3340,2026-02-27,"Ryzen AI Max 395的电脑进游戏就崩溃。
另外游戏设置不是不同设备分开的，会在AMD设备上强行使用DLSS，导致游戏帧率暴降。",不推荐,0.7,15,174,Ryzen AI Max 395的电脑进游戏就崩溃 另外游戏设置不是不同设备分开的 会在AMD设备上强行使用DLSS 导致游戏帧率暴降,优化,负面
3341,3341,2026-02-27,"商店页面写着完全支持PS手柄，但实际是完全不支持，根本用不了
过完开场动画调了下画面游戏更是直接崩溃
卡婊你真是他妈的野种",不推荐,9.8,43,52,商店页面写着完全支持PS手柄 但实际是完全不支持 根本用不了 过完开场动画调了下画面游戏更是直接崩溃 卡婊你真是他妈的野种,优化,负面
3342,3342,2026-02-27,神中神 非常好玩！！！！！！！！！！,推荐,11.9,40,49,神中神 非常好玩,玩法,正面
3343,3343,2026-02-27,好,推荐,0.2,30,189,好,其他,正面
3344,3344,2026-02-27,化身战神血洗精神病院。战斗爽！体术爽！玩里昂也爽！！！,推荐,8.0,7,66,化身战神血洗精神病院 战斗爽 体术爽 玩里昂也爽,玩法,正面
3345,3345,2026-02-27,RE引擎有说法的，我这5080lap居然能4k最高画质加路径追踪（dlss和帧生成）， 就是怎么没有全屏啊，无边框玩着难受。,推荐,4.3,28,87,RE引擎有说法的 我这5080lap居然能4k最高画质加路径追踪 dlss和帧生成 就是怎么没有全屏啊 无边框玩着难受,画面,正面
3346,3346,2026-02-27,没有看任何媒体先行预告就开始进行游戏，老实说这次生化进行了新的尝试，双主角分别带入不同的视角进行游戏还是蛮有意思的，虽然游戏只进行了开场的一部分，但是人物建模和画质依旧要给一个好评，而且刚开始也蛮吸引人的，李昂闪亮登场又爆发生化危机（笑），这次女主角手无缚鸡之力的感觉极大程度上增加了游戏的恐怖感,推荐,10.2,32,41,没有看任何媒体先行预告就开始进行游戏 老实说这次生化进行了新的尝试 双主角分别带入不同的视角进行游戏还是蛮有意思的 虽然游戏只进行了开场的一部分 但是人物建模和画质依旧要给一个好评 而且刚开始也蛮吸引人的 李昂闪亮登场又爆发生化危机 笑 这次女主角手无缚鸡之力的感觉极大程度上增加了游戏的恐怖感,剧情,正面
3347,3347,2026-02-27,这种级别的优化 荒野可以吃上吗？,推荐,0.7,34,193,这种级别的优化 荒野可以吃上吗,优化,正面
3348,3348,2026-02-27,生化我的最爱,推荐,17.1,3,12,生化我的最爱,情怀,正面
3349,3349,2026-02-27,1650都进不去游戏 还得买个3060,不推荐,0.1,34,93,1650都进不去游戏 还得买个3060,优化,负面
3350,3350,2026-02-27,"生化4重制做的好是卡表站在巨人的肩膀上，这回没有那个“巨人”了
不管是怪猎还是生化，赶紧把组里那些傻子开发大换血了吧
（另：不支持独立全屏和16：10你是认真的，那可太“革命之作”了）",不推荐,6.3,37,146,生化4重制做的好是卡表站在巨人的肩膀上 这回没有那个 巨人 了 不管是怪猎还是生化 赶紧把组里那些傻子开发大换血了吧 另 不支持独立全屏和16 10你是认真的 那可太 革命之作 了,优化,负面
3351,3351,2026-02-27,不错的游戏，格蕾丝视角的恐怖氛围足，里昂视角战斗也很爽！,推荐,3.8,43,52,不错的游戏 格蕾丝视角的恐怖氛围足 里昂视角战斗也很爽,玩法,正面
3352,3352,2026-02-27,"Nice Game. The optimization is really good, the graphics are all set to maximum, and the frame rate is over 120 fps. And the horror atmosphere and the combat atmosphere are quite excellent.",推荐,2.2,41,150,Nice Game The optimization is really good the graphics are all set to maximum and the frame rate is over 120 fps And the horror atmosphere and the combat atmosphere are quite excellent,画面,正面
3353,3353,2026-02-27,nice,推荐,4.4,44,153,nice,其他,正面
3354,3354,2026-02-27,浣熊市最严厉的父亲回来了,推荐,12.5,41,100,浣熊市最严厉的父亲回来了,情怀,正面
3355,3355,2026-02-27,不支持PS5手柄。还不支持DLSS4.5，生化4都能开，第一次见APP里不能开DLSS模型的游戏。真的是2026年的游戏吗,不推荐,11.9,49,58,不支持PS5手柄 还不支持DLSS4 5 生化4都能开 第一次见APP里不能开DLSS模型的游戏 真的是2026年的游戏吗,优化,负面
3356,3356,2026-02-27,正宗,推荐,8.8,23,132,正宗,其他,正面
3357,3357,2026-02-27,《安魂曲》可以说是系列“缝合”集大成之作，Grace线有着RE2和RE7的玩法，侧重生存恐怖。Leon则有着RE4和RE6的玩法，侧重战斗体验。只能说卡普空还是太怂正传作品一直靠吃老本不敢拓宽游戏玩法，当然粉丝还是很爱吃这套的。（这代的几个地图像是卡普空为重制的RE1、RE5和6做素材，期待重制版）,推荐,10.3,39,48,安魂曲 可以说是系列 缝合 集大成之作 Grace线有着RE2和RE7的玩法 侧重生存恐怖 Leon则有着RE4和RE6的玩法 侧重战斗体验 只能说卡普空还是太怂正传作品一直靠吃老本不敢拓宽游戏玩法 当然粉丝还是很爱吃这套的 这代的几个地图像是卡普空为重制的RE1 RE5和6做素材 期待重制版,玩法,正面
3358,3358,2026-02-27,小女孩都变异了还不让里昂杀了她？最后还抱着变成一摊肿瘤的小女孩哭？这太恶心了。还有这b女主胆子小的可怜。除了这些其他都蛮好的,推荐,10.9,40,149,小女孩都变异了还不让里昂杀了她 最后还抱着变成一摊肿瘤的小女孩哭 这太恶心了 还有这b女主胆子小的可怜 除了这些其他都蛮好的,剧情,正面
3359,3359,2026-02-27,"里昂：我顶不住了你来上号
                                    [二维码]：但丁
                                   手机验证：但丁",推荐,14.4,50,59,里昂 我顶不住了你来上号 二维码 但丁 手机验证 但丁,情怀,正面
3360,3360,2026-02-27,砍的很爽,推荐,6.6,14,123,砍的很爽,玩法,正面
3361,3361,2026-02-27,画面太亮怎么解决？尤其是过场动画特别亮，设置好像也没问题,推荐,9.4,41,150,画面太亮怎么解决 尤其是过场动画特别亮 设置好像也没问题,画面,正面
3362,3362,2026-02-27,虽然还没玩，但直接给五星好评，表达我对生化系列的热爱,推荐,12.1,48,107,虽然还没玩 但直接给五星好评 表达我对生化系列的热爱,情怀,正面
3363,3363,2026-02-27,中文配音依托,推荐,1.2,1,10,中文配音依托,音效,正面
3364,3364,2026-02-27,依旧把ds5做适配砍了，而且bug太多了每进一个新地点光源就不知道咋失效，发灰，发白，卡婊赶紧解决,推荐,4.8,19,128,依旧把ds5做适配砍了 而且bug太多了每进一个新地点光源就不知道咋失效 发灰 发白 卡婊赶紧解决,优化,正面
3365,3365,2026-02-27,进不去游戏，直接弹出一大串，好像是说我4060显卡不兼容还是咋回事，搞不懂，真无语,不推荐,0.3,32,191,进不去游戏 直接弹出一大串 好像是说我4060显卡不兼容还是咋回事 搞不懂 真无语,优化,负面
3366,3366,2026-02-27,商店界面写了支持ps5手柄，但是支持方式是steam输入，hd震动，陀螺仪和自适应扳机全都没有，不愧是卡普空，在让人失望这方面永远不会让人失望,不推荐,11.6,32,191,商店界面写了支持ps5手柄 但是支持方式是steam输入 hd震动 陀螺仪和自适应扳机全都没有 不愧是卡普空 在让人失望这方面永远不会让人失望,优化,负面
3367,3367,2026-02-27,怎么ds5手柄没适配😡😡😡,不推荐,0.9,2,61,怎么ds5手柄没适配,玩法,负面
3368,3368,2026-02-27,快点把小维re拿上来卡表我劝你识相,推荐,8.6,8,67,快点把小维re拿上来卡表我劝你识相,情怀,正面
3369,3369,2026-02-27,"开局就太恐怖了吧 果断放弃第一人称
女主真美 这种性格（稚嫩懦弱？）和长相 这几年可太少见了 
掉落的鹿头 忽然的暴雷 吓得心脏疼 但氛围和画面真的很棒",推荐,3.6,46,55,开局就太恐怖了吧 果断放弃第一人称 女主真美 这种性格 稚嫩懦弱 和长相 这几年可太少见了 掉落的鹿头 忽然的暴雷 吓得心脏疼 但氛围和画面真的很棒,画面,正面
3370,3370,2026-02-27,"[h1] RESIDENT EVIL requiem - Crash [/h1]
An unhandled exception occurred.

re9.exe!0x140000000 + 0x9e7eabe
re9.exe!0x140000000 + 0x9e7e2fd

崩十几次了，第一次设置刚调完还没保存就崩了，第二次重新调完设置刚开新游戏就崩了，第三四次刚看一半过场动画就崩了，第五次刚操作一分钟崩了，第N次加载存档崩了，后面最长的一次以管理员模式玩了10分钟崩溃了。

Operating System: Windows 11 Pro 64-bit (10.0, Build 26200)
Language:中文(简体)(Regional Setting:中文(简体))
System Manufacturer: Micro-Star International Co.,Ltd.
System Model: Stealth 17Studio A13VI
BIOS: E17P2IMS.114
Processor: 13th Gen Intel(R) Core(TM) i9-13900H (20 CPUs),~2.6GHz
Memory:65536MB RAM
Page file:15029MB used,115737MB available
DirectX Version:DirectX 12
GPU: NVIDIA GeForce RTX 4090 Laptop GPU
GPU Driver: 591.86",不推荐,2.9,18,27,h1 RESIDENT EVIL requiem Crash h1 An unhandled exception occurred re9 exe 0x140000000 0x9e7eabe re9 exe 0x140000000 0x9e7e2fd 崩十几次了 第一次设置刚调完还没保存就崩了 第二次重新调完设置刚开新游戏就崩了 第三四次刚看一半过场动画就崩了 第五次刚操作一分钟崩了 第N次加载存档崩了 后面最长的一次以管理员模式玩了10分钟崩溃了 Operating System Windows 11 Pro 64 bit 10 0 Build 26200 Language 中文 简体 Regional Setting 中文 简体 System Manufacturer Micro Star International Co Ltd System Model Stealth 17Studio A13VI BIOS E17P2IMS 114 Processor 13th Gen Intel R Core TM i9 13900H 20 CPUs 2 6GHz Memory 65536MB RAM Page file 15029MB used 115737MB available DirectX Version DirectX 12 GPU NVIDIA GeForce RTX 4090 Laptop GPU GPU Driver 591 86,优化,负面
3371,3371,2026-02-27,感觉不错，玩格蕾丝部分很像我玩生化2的时候，但玩里昂又很像玩生化4,推荐,1.1,15,124,感觉不错 玩格蕾丝部分很像我玩生化2的时候 但玩里昂又很像玩生化4,情怀,正面
3372,3372,2026-02-27,"准备退款，什么时候优化做好再买回来。进游戏还没玩多久就开始报错闪退玩不了一点
然后就是女主表现，姐你是正儿八经FBI进现场掏个证件支支吾吾搞毛啊。。。又不是老4代碍事梨这种千金。强行为了营造恐怖氛围和紧张感这么搞就没意思了，不如直接把长大后的重置懂事梨搬出来当女主
要么就把6代那个模式继续用，开局可以选里昂或者FBI女线进入游戏就是了。封面女主酷酷的，游戏里面体术不行就算了也不至于这么弱鸡",不推荐,0.2,50,159,准备退款 什么时候优化做好再买回来 进游戏还没玩多久就开始报错闪退玩不了一点 然后就是女主表现 姐你是正儿八经FBI进现场掏个证件支支吾吾搞毛啊 又不是老4代碍事梨这种千金 强行为了营造恐怖氛围和紧张感这么搞就没意思了 不如直接把长大后的重置懂事梨搬出来当女主 要么就把6代那个模式继续用 开局可以选里昂或者FBI女线进入游戏就是了 封面女主酷酷的 游戏里面体术不行就算了也不至于这么弱鸡,优化,负面
3373,3373,2026-02-27,"从键盘到鼠标，是你一直陪伴着我
从浣熊市到整个生化危机（除了那只菌菇怪），是你几乎一直贯穿着整部生化危机
无论是那个女人还是从碍事到董事的梨，只有你能做到形影不离
20多年来，故事带来了变化，你的形态也不拘一格
每次回忆到你，都能带来期待和放心
你的出现，总是伴随着期待
你的消失，也会勾起那丝不舍


是啊，就是你，绿色药草",推荐,15.3,9,168,从键盘到鼠标 是你一直陪伴着我 从浣熊市到整个生化危机 除了那只菌菇怪 是你几乎一直贯穿着整部生化危机 无论是那个女人还是从碍事到董事的梨 只有你能做到形影不离 20多年来 故事带来了变化 你的形态也不拘一格 每次回忆到你 都能带来期待和放心 你的出现 总是伴随着期待 你的消失 也会勾起那丝不舍 是啊 就是你 绿色药草,情怀,正面
3374,3374,2026-02-27,"大爱生化系列!依旧浓厚氛围，很带感的画面!
(不要开光追，不开光追帧数就不会太低)
生化危机安魂曲×
生化危机死魂曲√
哥们，怎么这设定一股SIREN味啊？（",推荐,2.4,49,158,大爱生化系列 依旧浓厚氛围 很带感的画面 不要开光追 不开光追帧数就不会太低 生化危机安魂曲 生化危机死魂曲 哥们 怎么这设定一股SIREN味啊,画面,正面
3375,3375,2026-02-27,豪！,推荐,9.2,2,111,豪,其他,正面
3376,3376,2026-02-27,好玩爱玩！,推荐,5.8,14,73,好玩爱玩,玩法,正面
3377,3377,2026-02-27,我急了，我真的急了。看到维克多调戏里昂我已急哭，我只能像个无能的丈夫看着维克多的大手蹂躏里昂。卡婊，你赢了。,不推荐,7.8,41,50,我急了 我真的急了 看到维克多调戏里昂我已急哭 我只能像个无能的丈夫看着维克多的大手蹂躏里昂 卡婊 你赢了,剧情,负面
3378,3378,2026-02-27,牛逼,推荐,0.2,5,64,牛逼,其他,正面
3379,3379,2026-02-27,垃圾游戏显示完美支持ps5手柄进去就不好使启动steam输入可以用但是按键显示还是abxy,不推荐,2.3,35,94,垃圾游戏显示完美支持ps5手柄进去就不好使启动steam输入可以用但是按键显示还是abxy,优化,负面
3380,3380,2026-02-27,我花了348游戏进不去，你日厂不是很会做优化的吗？妈的你们是傻逼吗？以为人人都有PS5是吗?你和科乐美一个坑里吃屎去吧,不推荐,5.6,17,76,我花了348游戏进不去 你日厂不是很会做优化的吗 妈的你们是傻逼吗 以为人人都有PS5是吗 你和科乐美一个坑里吃屎去吧,优化,负面
3381,3381,2026-02-27,真给我玩眩晕了，明明玩4重制版好好的。。。,推荐,2.3,49,58,真给我玩眩晕了 明明玩4重制版好好的,优化,正面
3382,3382,2026-02-27,傻逼卡普空我草泥马的，老子预购了豪华版结果游戏死活打不开，一直卡顿崩溃玩你麻痹，你他妈的游戏没做好就拿出来卖，♥♥♥♥,不推荐,5.2,50,109,傻逼卡普空我草泥马的 老子预购了豪华版结果游戏死活打不开 一直卡顿崩溃玩你麻痹 你他妈的游戏没做好就拿出来卖,优化,负面
3383,3383,2026-02-27,"写的完全支持ps5手柄 关掉steam控制输入后无法操作 恶性bug 严重影响游玩体验 capcom能不能上点心 
但是除此之外游玩体验一切良好 5090基本能全开+路径追踪+x2fg+dlss质量稳定140帧 室外场景除外 ，整体玩的挺舒服 除了没有ps5手柄的自适应扳机+体感震动 只有傻振",推荐,8.6,5,64,写的完全支持ps5手柄 关掉steam控制输入后无法操作 恶性bug 严重影响游玩体验 capcom能不能上点心 但是除此之外游玩体验一切良好 5090基本能全开 路径追踪 x2fg dlss质量稳定140帧 室外场景除外 整体玩的挺舒服 除了没有ps5手柄的自适应扳机 体感震动 只有傻振,优化,正面
3384,3384,2026-02-27,好玩,推荐,2.2,36,45,好玩,玩法,正面
3385,3385,2026-02-27,1,推荐,8.6,48,57,1,其他,正面
3386,3386,2026-02-27,傻逼卡普空，神人优化，根本进不去，傻逼游戏,不推荐,0.2,10,69,傻逼卡普空 神人优化 根本进不去 傻逼游戏,优化,负面
3387,3387,2026-02-27,"不支持16：10显示器，2K屏幕锁死只能开1080P
卡普空NMSL",不推荐,10.1,39,148,不支持16 10显示器 2K屏幕锁死只能开1080P 卡普空NMSL,优化,负面
3388,3388,2026-02-27,重新改评论了，游戏可以的，就是能不能把手柄适配加上,推荐,13.1,27,186,重新改评论了 游戏可以的 就是能不能把手柄适配加上,玩法,正面
3389,3389,2026-02-27,垃圾，崩溃了，赶紧退款吧,不推荐,11.7,18,27,垃圾 崩溃了 赶紧退款吧,优化,负面
3390,3390,2026-02-27,不赖，又是首发不支持ds5，那商店页面的完全支持是几个意思？主机先玩，OK，是时区不同。偷跑，OK，是代理的问题。适配不做，直接把卡普空的商业头脑展示得淋漓尽致，反正不影响销量，省就省了。,不推荐,4.0,13,172,不赖 又是首发不支持ds5 那商店页面的完全支持是几个意思 主机先玩 OK 是时区不同 偷跑 OK 是代理的问题 适配不做 直接把卡普空的商业头脑展示得淋漓尽致 反正不影响销量 省就省了,优化,负面
3391,3391,2026-02-27,"画面很好看
里昂///开枪游戏就崩溃死机了。。。
重启后amd驱动都给我干没了
快点优化啊!!!!!!!!!!!!!!!!!!!",不推荐,2.1,21,30,画面很好看 里昂 开枪游戏就崩溃死机了 重启后amd驱动都给我干没了 快点优化啊,优化,负面
3392,3392,2026-02-27,"牛逼兄弟，PC预购了连游戏都进不去还浪费一个小时
re9.exe + 0x9E7EABE
re9.exe + 0x9E7E2FD

",不推荐,6.7,25,134,牛逼兄弟 PC预购了连游戏都进不去还浪费一个小时 re9 exe 0x9E7EABE re9 exe 0x9E7E2FD,优化,负面
3393,3393,2026-02-27,运行就崩溃  玩NM啊,不推荐,2.5,42,201,运行就崩溃 玩NM啊,优化,负面
3394,3394,2026-02-27,ps手柄适根本没适配你还有脸写完全支持，这尼玛不就是骗你爹吗？开局街道画面文字贴图如同720p非常模糊，游戏室内优化不错。开局真的阴间，贴脸和恶心确实是卡普空吓人最低俗最有效的方式。,不推荐,8.6,43,102,ps手柄适根本没适配你还有脸写完全支持 这尼玛不就是骗你爹吗 开局街道画面文字贴图如同720p非常模糊 游戏室内优化不错 开局真的阴间 贴脸和恶心确实是卡普空吓人最低俗最有效的方式,画面,负面
3395,3395,2026-02-27,这运镜太顶级了！猛猛杀！,推荐,4.5,39,48,这运镜太顶级了 猛猛杀,画面,正面
3396,3396,2026-02-27,依旧看不起pc，依旧没适配ds5手柄,不推荐,0.7,3,112,依旧看不起pc 依旧没适配ds5手柄,优化,负面
3397,3397,2026-02-27,那一天 三光想起了自己的大号叫但丁 整个浣熊市都在庆祝新王登基,推荐,18.6,31,90,那一天 三光想起了自己的大号叫但丁 整个浣熊市都在庆祝新王登基,情怀,正面
3398,3398,2026-02-27,優化還行吧，開局還給我嚇到了，特別是jc尸變那段,推荐,8.9,25,134,優化還行吧 開局還給我嚇到了 特別是jc尸變那段,音效,正面
3399,3399,2026-02-27,你说的对但是我柜子动了,推荐,3.7,18,177,你说的对但是我柜子动了,其他,正面
3400,3400,2026-02-27,"等待这一代生化，仿佛在等一场重返童年的梦……
我还没好好体验这一作，可仅仅是得知它即将问世，便让我心中多了一份沉甸甸的期盼。生活日渐沉重，工作裹挟压力，责任层层堆叠。无论情愿与否，我们都在被迫长大。各种期许、挫折，还有无数个痛苦或者快乐的日夜。可当这样一款游戏官宣降临，刹那间，心底那束久违的光，又重新亮了起来。
《生化危机》是我童年的一部分。深夜未眠，房间幽暗，恐惧与兴奋交织，整个人沉浸在另一个世界里，浑然忘己。那时的我，从不去想未来，不忧心事业与责任，只是纯粹地沉浸、玩耍。
《安魂曲》对我而言，从不是一款普通的新作。它更像是一个契机，让我能暂且坐下，隔绝成人世界的喧嚣，重新做回那个无忧无虑的孩子——唯一的牵挂，只是下一个转角会遇见什么。
当人生充满未知时，有所期待，这本身就是一种强大的力量。它提醒着我，无论生活多么繁杂，总有纯粹沉浸的瞬间在等你。那些压力消散的时刻，不必思考工作与责任，只沉醉于氛围、紧张、配乐，还有黑暗中异动来临前的寂静。
《安魂曲》于我，是一场注定需要的逃离。不是逃避生活，而是为自己充电。是找回最初爱上游戏的理由，是再次体会那份好奇、恐惧与心动。",推荐,0.8,45,104,等待这一代生化 仿佛在等一场重返童年的梦 我还没好好体验这一作 可仅仅是得知它即将问世 便让我心中多了一份沉甸甸的期盼 生活日渐沉重 工作裹挟压力 责任层层堆叠 无论情愿与否 我们都在被迫长大 各种期许 挫折 还有无数个痛苦或者快乐的日夜 可当这样一款游戏官宣降临 刹那间 心底那束久违的光 又重新亮了起来 生化危机 是我童年的一部分 深夜未眠 房间幽暗 恐惧与兴奋交织 整个人沉浸在另一个世界里 浑然忘己 那时的我 从不去想未来 不忧心事业与责任 只是纯粹地沉浸 玩耍 安魂曲 对我而言 从不是一款普通的新作 它更像是一个契机 让我能暂且坐下 隔绝成人世界的喧嚣 重新做回那个无忧无虑的孩子 唯一的牵挂 只是下一个转角会遇见什么 当人生充满未知时 有所期待 这本身就是一种强大的力量 它提醒着我 无论生活多么繁杂 总有纯粹沉浸的瞬间在等你 那些压力消散的时刻 不必思考工作与责任 只沉醉于氛围 紧张 配乐 还有黑暗中异动来临前的寂静 安魂曲 于我 是一场注定需要的逃离 不是逃避生活 而是为自己充电 是找回最初爱上游戏的理由 是再次体会那份好奇 恐惧与心动,情怀,正面
3401,3401,2026-02-27,开游戏就报错，半个小时就进了一次游戏，刚看到fbi文件就崩了,推荐,0.6,23,32,开游戏就报错 半个小时就进了一次游戏 刚看到fbi文件就崩了,优化,正面
3402,3402,2026-02-27,在未经本人授权的情况下非法使用我的脸部模型作为游戏中的主要人物 里昂S肯尼迪,推荐,4.2,25,34,在未经本人授权的情况下非法使用我的脸部模型作为游戏中的主要人物 里昂S肯尼迪,其他,正面
3403,3403,2026-02-27,牛逼,推荐,8.9,8,67,牛逼,其他,正面
3404,3404,2026-02-27,"非常好的优化
这使我 4K 全高 路径追踪 稳定60帧以上",推荐,1.1,19,178,非常好的优化 这使我 4K 全高 路径追踪 稳定60帧以上,优化,正面
3405,3405,2026-02-27,一口气完了十个小时，生化4重制版和生化2重制版的结合，格蕾丝的关卡紧张刺激，里昂的关卡战斗爽,推荐,10.4,40,149,一口气完了十个小时 生化4重制版和生化2重制版的结合 格蕾丝的关卡紧张刺激 里昂的关卡战斗爽,玩法,正面
3406,3406,2026-02-27,牛逼,推荐,9.0,17,176,牛逼,其他,正面
3407,3407,2026-02-27,好玩，里昂帅的一比,推荐,3.5,43,202,好玩 里昂帅的一比,情怀,正面
3408,3408,2026-02-27,终于等到你,推荐,11.4,8,117,终于等到你,情怀,正面
3409,3409,2026-02-27,在花了一个小时终于进入游戏之后，我只能说原汁原味，节奏把握的很好，和生化7节奏一脉相承，马上就跑出精神病院了。顺带一提我出于好奇，打那个红头哥22枪头不死还被瞬间秒杀了（普通难度）。气笑了hhh,推荐,6.2,42,101,在花了一个小时终于进入游戏之后 我只能说原汁原味 节奏把握的很好 和生化7节奏一脉相承 马上就跑出精神病院了 顺带一提我出于好奇 打那个红头哥22枪头不死还被瞬间秒杀了 普通难度 气笑了hhh,玩法,正面
3410,3410,2026-02-27,"An unhandled exception occurred.
re9.exe!0x140000000 + 0x9e7eabe
re9,exe!0x140000000 + 0x9e7e2fd
垃圾卡婊，进不去",不推荐,14.6,2,11,An unhandled exception occurred re9 exe 0x140000000 0x9e7eabe re9 exe 0x140000000 0x9e7e2fd 垃圾卡婊 进不去,优化,负面
3411,3411,2026-02-27,为什么进不去阿CCCCCCCCCCCCCCCCCCCCCC,不推荐,0.4,3,112,为什么进不去阿CCCCCCCCCCCCCCCCCCCCCC,优化,负面
3412,3412,2026-02-27,我是卡奴,推荐,1.9,24,83,我是卡奴,其他,正面
3413,3413,2026-02-27,"如果说18岁的里昂很水灵，那50岁的里昂就是三倍的水灵，里昂劳工我来了🥰🥰😍😍🥳😘❤️❤️😻🥰😍😘😇😇🥹🥹🤣😘🤩

更新一下对格蕾丝的看法,
1.英文配音真的很不错,很生动展现了格蕾丝初次面对丧尸时的惊慌失措(fbi让文职来调查真的呆胶布吗???)这应该是生化史上最胆小的女主了吧?(也是普通人的反应，伊森还是太超纲了)
2.格蕾丝的微表情也好多，害怕到结巴的样子，真的特别可爱！！！！！！！喜欢这种笨蛋美女！！
3.另外，我觉得其中的一个成就翻译得特别好，“虎母无犬女”

卡普空同时照顾了喜欢2和喜欢4的玩家，将里昂的突突突和格蕾丝的恐怖氛围完美结合，很不错的尝试！

格蕾丝在疗养院的线咋这么吓人，以为玩了这么多部已经免疫了，结果打脸.......在我看来大于等于生化危机2在警察局里的恐怖氛围了，我得缓缓再玩",推荐,5.0,10,69,如果说18岁的里昂很水灵 那50岁的里昂就是三倍的水灵 里昂劳工我来了 更新一下对格蕾丝的看法 1 英文配音真的很不错 很生动展现了格蕾丝初次面对丧尸时的惊慌失措 fbi让文职来调查真的呆胶布吗 这应该是生化史上最胆小的女主了吧 也是普通人的反应 伊森还是太超纲了 2 格蕾丝的微表情也好多 害怕到结巴的样子 真的特别可爱 喜欢这种笨蛋美女 3 另外 我觉得其中的一个成就翻译得特别好 虎母无犬女 卡普空同时照顾了喜欢2和喜欢4的玩家 将里昂的突突突和格蕾丝的恐怖氛围完美结合 很不错的尝试 格蕾丝在疗养院的线咋这么吓人 以为玩了这么多部已经免疫了 结果打脸 在我看来大于等于生化危机2在警察局里的恐怖氛围了 我得缓缓再玩,剧情,正面
3414,3414,2026-02-27,近十年最佳续作！,推荐,7.4,21,180,近十年最佳续作,情怀,正面
3415,3415,2026-02-27,刺激,推荐,3.0,41,100,刺激,其他,正面
3416,3416,2026-02-27,"主机上买了一份，ＳＴＥＡＭ上买了一份，ＰＣ纯粹测试低配显卡运行程度的，优化非常给力
我机械硬盘加１６６０ＴＩ.１６内存，Ｉ５１０代，垂直同步打开大部分场景都能６０",推荐,0.4,5,64,主机上买了一份 ＳＴＥＡＭ上买了一份 ＰＣ纯粹测试低配显卡运行程度的 优化非常给力 我机械硬盘加１６６０ＴＩ １６内存 Ｉ５１０代 垂直同步打开大部分场景都能６０,优化,正面
3417,3417,2026-02-27,先挂个差评，和龙信2一样的问题，大部分场景丢失模型,不推荐,13.4,15,174,先挂个差评 和龙信2一样的问题 大部分场景丢失模型,画面,负面
3418,3418,2026-02-27,4070显卡无法加载地图，你们敢相信？贴吧一群人无法加载出地图！,不推荐,16.2,35,194,4070显卡无法加载地图 你们敢相信 贴吧一群人无法加载出地图,优化,负面
3419,3419,2026-02-27,这个音乐在哪里看呀,推荐,8.3,35,194,这个音乐在哪里看呀,音效,正面
3420,3420,2026-02-27,必须好评[旺柴],推荐,0.8,16,25,必须好评 旺柴,情怀,正面
3421,3421,2026-02-27,上头！,推荐,8.5,37,46,上头,其他,正面
3422,3422,2026-02-27,什么意思？老是弹出乱七八糟的数字就是进不去什么玩意！买了豪华版给我看这个？真是傻逼！,不推荐,0.2,18,127,什么意思 老是弹出乱七八糟的数字就是进不去什么玩意 买了豪华版给我看这个 真是傻逼,优化,负面
3423,3423,2026-02-27,去你m的sb卡普空，又他m阉割dualsense适配，你他m不支持你写个“支持您的dualsense控制器”干嘛？要瞄准的游戏不给陀螺仪玩你m,不推荐,5.0,18,77,去你m的sb卡普空 又他m阉割dualsense适配 你他m不支持你写个 支持您的dualsense控制器 干嘛 要瞄准的游戏不给陀螺仪玩你m,其他,负面
3424,3424,2026-02-27,司马卡普空,不推荐,11.2,7,166,司马卡普空,情怀,负面
3425,3425,2026-02-27,半个小时闪退4次，卡婊你无敌了,不推荐,8.3,29,88,半个小时闪退4次 卡婊你无敌了,优化,负面
3426,3426,2026-02-27,"生化危机系列时隔多年的全新正作！
时间线终于回到了浣熊市，一切的起点，但也可能是新的开始。
生化危机人气之王里昂也即将迎来自己的结局。
但不管结局如何，这位陪伴了我们28年的老友，真的也该休息休息了。
最后祝里艾99！致我们最后的青春！


",推荐,2.2,33,42,生化危机系列时隔多年的全新正作 时间线终于回到了浣熊市 一切的起点 但也可能是新的开始 生化危机人气之王里昂也即将迎来自己的结局 但不管结局如何 这位陪伴了我们28年的老友 真的也该休息休息了 最后祝里艾99 致我们最后的青春,情怀,正面
3427,3427,2026-02-27,这开头恐怖气氛做得不错哦,推荐,8.8,48,57,这开头恐怖气氛做得不错哦,音效,正面
3428,3428,2026-02-27,"我说这视角速度怎么这么慢 在哪儿调整啊我怎么没找到 还有女性视角能不能别一惊一乍啊好烦

找到了 我靠",推荐,7.1,27,136,我说这视角速度怎么这么慢 在哪儿调整啊我怎么没找到 还有女性视角能不能别一惊一乍啊好烦 找到了 我靠,玩法,正面
3429,3429,2026-02-27,2026年了还有游戏可以无限奔溃？,不推荐,14.7,39,148,2026年了还有游戏可以无限奔溃,优化,负面
3430,3430,2026-02-27,"RESIDENT EVIL requiem - Crash
An unhandled exception occurred.
re9.exe!0x140000000 + 0x9e7eabe
re9,exe!0x140000000 + 0x9e7e2fd",不推荐,1.1,19,128,RESIDENT EVIL requiem Crash An unhandled exception occurred re9 exe 0x140000000 0x9e7eabe re9 exe 0x140000000 0x9e7e2fd,优化,负面
3431,3431,2026-02-27,"RESIDENT EVIL requiem-Crash
An unhandled exception occurred.
re9.exe!0x140000000 +0x9e7eabe
re9.exe!0x140000000 + 0x9e7e2fd 
让别人主机✌️先玩我就不说了 没想到PC开还出这种死吗闪退问题 恶心死人了",不推荐,2.0,47,156,RESIDENT EVIL requiem Crash An unhandled exception occurred re9 exe 0x140000000 0x9e7eabe re9 exe 0x140000000 0x9e7e2fd 让别人主机 先玩我就不说了 没想到PC开还出这种死吗闪退问题 恶心死人了,优化,负面
3432,3432,2026-02-27,"人不能终其一生被一物所困，里昂一生，都在扮演末世中的温柔骑士，在这部作品终于落下史诗帷幕。

回顾“生化”二字诞生至今的游戏历史，我不想过度踩一捧一，但在我心里，真正能称得上正统生化体验的，一直只有《生化危机》系列和《求生之路》。虽然我也喜欢恐怖游戏，但《生化危机7》和《生化危机8》其实并不太适合我，甚至对“生化”这个主题来说有些偏题——我和很多玩家一样，真正热爱的，还是最经典的僵尸题材。而《生化危机9》，终于把这一核心主题彻底找回来了。

如今很多3A大作的玩法已经越来越同质化，精美的画面、丰富的剧情、大开放世界，看多了也会审美疲劳。《生化危机9》并没有走这条路，反而能明显看到《生化危机4 重制版》的影子：扎实的战斗系统、全新的体术设计、极其流畅的动作与连招，开玩笑说，甚至有点但丁那味儿了。但毫无疑问，本作在4代重制的基础上全面升级，更流畅的动作、更爽快的处决与斩杀动画、更人性化的UI和体术反馈，让游戏的可玩性直接上了一个台阶。这种战斗体验，在我看来正是僵尸游戏最不可或缺的灵魂。

我尤其怀念《生化危机2 重制版》和《3 重制版》的氛围：在贴近现实的幽闭黑暗空间里，时刻要面对不知从哪出现的僵尸，那种紧张与刺激让我至今难忘。让我惊喜的是，《生化危机9》完美延续了这一设定。谁小时候没幻想过：如果真的爆发生化危机，在熟悉的房子、街道里被僵尸追逐？这些怪物不是凭空刷出来的怪东西，而是曾经的人被感染后重新站起，它们出现在合理的场所，而不是靠莫名其妙的跳出来个真菌来单纯吓人。正是这种“现实里不可能发生，却又带着强烈真实感”的荒诞感，才让恐怖体验格外刺激。

从情怀上来说，这一作直接拉满。我们熟悉的里昂，以50多岁的模样重返浣熊市，与新任女主角格蕾丝并肩作战。卡普空是真的懂人物审美，抛开这位魅力不减的老男人不说，几乎每一代生化的女主角都极具魅力，不管是长相还是性格，形象都格外饱满。

和《生化危机4 重制版》里的艾什莉不同，格蕾丝能做的事情要多得多，不再是单纯需要保护的角色。虽然她偶尔仍需要里昂的帮助，但玩家可以在一周目内就流畅切换操控两位角色，相当于把当年《生化危机2 重制版》里昂篇、克莱尔篇二周目才能体验的双线内容，一次性完整体验，爽感非常直接。

本作的武器系统也是一大亮点：除了里昂专属的特色折叠斧、系列经典的高威力武器外，还有不少新装备登场，再配合全面进化的体术系统，战斗节奏极其舒服。配合剧情里里昂那句低沉的“yeah”，恍惚间甚至有种“约翰·威克杀进浣熊市”的错觉——枪法与体术完美融合，干净利落，帅到极致。

从我开始接触生化系列，每一代我都是发售后第一时间就玩通关。随着年龄增长，看着角色在重制版里一点点老去，我心里有种说不出的感动与复杂滋味。曾经我也是二十几岁的少年，虽然经历的远没有里昂那么惨烈，但这十几年里，我也常常感到力不从心：玩竞技游戏，操作跟不上脑子；玩魂类游戏，只能靠配装撑着，再也没有当年那种亮眼的操作。而这一次玩《生化危机9》，我仿佛跟着50多岁的里昂一起，重新回到了起点。他重返困住自己半生的浣熊市，而我，也好像重新遇见了当年那个最自信、最热爱游戏的自己。

无论是想感受密度适中、压迫感十足的尸潮，还是享受枪枪爆头、干脆斩杀的快感；或是喜欢那种既恐怖又安心的氛围——第三人称视角+安全感拉满的里昂，让你既能沉浸恐怖氛围，又不会被吓到不敢推进。再加上超高画质和足够刺激的表现，如果你也是这类玩家，《生化危机9》绝对值得亲自去玩。

虽然剧情上或许存在一些争议，但单论玩法、情怀，还有那份久违的、最正宗的僵尸生存紧张感，它已经足够优秀。卡普空真的太会“炒冷饭”了，但只要僵尸饭炒得这么香，我就愿意一直吃下去。

最后，虽然游戏里没有明说里昂手上的戒指是不是婚戒，但在我心里，这位50多岁仍在前线奋战的生化老兵，早已和那位神秘又迷人的中国女子，牵绊了一生。

让我们一起期待后续的DLC吧。

对不起了，GTA6。
在我心里，《生化危机9》就是今年目前为止的年度最佳游戏。/*",推荐,1.6,2,11,人不能终其一生被一物所困 里昂一生 都在扮演末世中的温柔骑士 在这部作品终于落下史诗帷幕 回顾 生化 二字诞生至今的游戏历史 我不想过度踩一捧一 但在我心里 真正能称得上正统生化体验的 一直只有 生化危机 系列和 求生之路 虽然我也喜欢恐怖游戏 但 生化危机7 和 生化危机8 其实并不太适合我 甚至对 生化 这个主题来说有些偏题 我和很多玩家一样 真正热爱的 还是最经典的僵尸题材 而 生化危机9 终于把这一核心主题彻底找回来了 如今很多3A大作的玩法已经越来越同质化 精美的画面 丰富的剧情 大开放世界 看多了也会审美疲劳 生化危机9 并没有走这条路 反而能明显看到 生化危机4 重制版 的影子 扎实的战斗系统 全新的体术设计 极其流畅的动作与连招 开玩笑说 甚至有点但丁那味儿了 但毫无疑问 本作在4代重制的基础上全面升级 更流畅的动作 更爽快的处决与斩杀动画 更人性化的UI和体术反馈 让游戏的可玩性直接上了一个台阶 这种战斗体验 在我看来正是僵尸游戏最不可或缺的灵魂 我尤其怀念 生化危机2 重制版 和 3 重制版 的氛围 在贴近现实的幽闭黑暗空间里 时刻要面对不知从哪出现的僵尸 那种紧张与刺激让我至今难忘 让我惊喜的是 生化危机9 完美延续了这一设定 谁小时候没幻想过 如果真的爆发生化危机 在熟悉的房子 街道里被僵尸追逐 这些怪物不是凭空刷出来的怪东西 而是曾经的人被感染后重新站起 它们出现在合理的场所 而不是靠莫名其妙的跳出来个真菌来单纯吓人 正是这种 现实里不可能发生 却又带着强烈真实感 的荒诞感 才让恐怖体验格外刺激 从情怀上来说 这一作直接拉满 我们熟悉的里昂 以50多岁的模样重返浣熊市 与新任女主角格蕾丝并肩作战 卡普空是真的懂人物审美 抛开这位魅力不减的老男人不说 几乎每一代生化的女主角都极具魅力 不管是长相还是性格 形象都格外饱满 和 生化危机4 重制版 里的艾什莉不同 格蕾丝能做的事情要多得多 不再是单纯需要保护的角色 虽然她偶尔仍需要里昂的帮助 但玩家可以在一周目内就流畅切换操控两位角色 相当于把当年 生化危机2 重制版 里昂篇 克莱尔篇二周目才能体验的双线内容 一次性完整体验 爽感非常直接 本作的武器系统也是一大亮点 除了里昂专属的特色折叠斧 系列经典的高威力武器外 还有不少新装备登场 再配合全面进化的体术系统 战斗节奏极其舒服 配合剧情里里昂那句低沉的 yeah 恍惚间甚至有种 约翰 威克杀进浣熊市 的错觉 枪法与体术完美融合 干净利落 帅到极致 从我开始接触生化系列 每一代我都是发售后第一时间就玩通关 随着年龄增长 看着角色在重制版里一点点老去 我心里有种说不出的感动与复杂滋味 曾经我也是二十几岁的少年 虽然经历的远没有里昂那么惨烈 但这十几年里 我也常常感到力不从心 玩竞技游戏 操作跟不上脑子 玩魂类游戏 只能靠配装撑着 再也没有当年那种亮眼的操作 而这一次玩 生化危机9 我仿佛跟着50多岁的里昂一起 重新回到了起点 他重返困住自己半生的浣熊市 而我 也好像重新遇见了当年那个最自信 最热爱游戏的自己 无论是想感受密度适中 压迫感十足的尸潮 还是享受枪枪爆头 干脆斩杀的快感 或是喜欢那种既恐怖又安心的氛围 第三人称视角 安全感拉满的里昂 让你既能沉浸恐怖氛围 又不会被吓到不敢推进 再加上超高画质和足够刺激的表现 如果你也是这类玩家 生化危机9 绝对值得亲自去玩 虽然剧情上或许存在一些争议 但单论玩法 情怀 还有那份久违的 最正宗的僵尸生存紧张感 它已经足够优秀 卡普空真的太会 炒冷饭 了 但只要僵尸饭炒得这么香 我就愿意一直吃下去 最后 虽然游戏里没有明说里昂手上的戒指是不是婚戒 但在我心里 这位50多岁仍在前线奋战的生化老兵 早已和那位神秘又迷人的中国女子 牵绊了一生 让我们一起期待后续的DLC吧 对不起了 GTA6 在我心里 生化危机9 就是今年目前为止的年度最佳游戏,情怀,正面
3433,3433,2026-02-27,偷跑的大up主丝全家 你们那里过年呀 嘻嘻嘻,推荐,2.6,17,176,偷跑的大up主丝全家 你们那里过年呀 嘻嘻嘻,其他,正面
3434,3434,2026-02-27,"RESIDENT EVIL requiem - Crash
An unhandled exception occurred.
re9.exe!0x140000000 + 0x9e7eabe
re9,exe!0x140000000 + 0x9e7e2f",不推荐,11.1,19,28,RESIDENT EVIL requiem Crash An unhandled exception occurred re9 exe 0x140000000 0x9e7eabe re9 exe 0x140000000 0x9e7e2f,优化,负面
3435,3435,2026-02-27,司马卡婊诈骗公司，DS5和DSE支持在哪？,不推荐,0.5,1,160,司马卡婊诈骗公司 DS5和DSE支持在哪,优化,负面
3436,3436,2026-02-27,准备通宵通关,推荐,3.3,36,195,准备通宵通关,其他,正面
3437,3437,2026-02-27,"An unhandled exception occurred.
re9.exe!0x140000000+ 0x9e7eabere9.exe!0x140000000+ 0x9e7e2fd
我不想吵也不想闹，我就想问，我要怎么才能进去，更新驱动 重启电脑，更新系统，全试了一遍，进不去啊啊啊啊啊啊啊",不推荐,5.9,11,170,An unhandled exception occurred re9 exe 0x140000000 0x9e7eabere9 exe 0x140000000 0x9e7e2fd 我不想吵也不想闹 我就想问 我要怎么才能进去 更新驱动 重启电脑 更新系统 全试了一遍 进不去啊啊啊啊啊啊啊,优化,负面
3438,3438,2026-02-27,9275+5080lp，2k最高画质+路径追踪，dlss平衡2x帧生成，开场大道能稳90帧，室内120帧，第一人称稳140，这个优化真的不错了,推荐,3.0,29,38,9275 5080lp 2k最高画质 路径追踪 dlss平衡2x帧生成 开场大道能稳90帧 室内120帧 第一人称稳140 这个优化真的不错了,优化,正面
3439,3439,2026-02-27,大哥你把鼠标灵敏度藏哪了？？ 我转个头鼠标都划出去一米远，人家以为我对着显示器打太极呢！！,推荐,19.7,17,126,大哥你把鼠标灵敏度藏哪了 我转个头鼠标都划出去一米远 人家以为我对着显示器打太极呢,玩法,正面
3440,3440,2026-02-27,生化危机系列集大成之作，既兼具以里昂为主角的动作射击与以格蕾丝为主角的生存恐怖，又同时结合一三人称。回归浣熊市，斯宾塞、威斯克克隆体、舔食者、暴君、疑似汉克的指挥官等老朋友陆续登场，情怀拉满。虽然素材复用经常被诟病，但生9作为生化系列30周年推出的作品无疑是成功的，同时也是一次大胆的创新！,推荐,5.8,29,138,生化危机系列集大成之作 既兼具以里昂为主角的动作射击与以格蕾丝为主角的生存恐怖 又同时结合一三人称 回归浣熊市 斯宾塞 威斯克克隆体 舔食者 暴君 疑似汉克的指挥官等老朋友陆续登场 情怀拉满 虽然素材复用经常被诟病 但生9作为生化系列30周年推出的作品无疑是成功的 同时也是一次大胆的创新,情怀,正面
3441,3441,2026-02-27,第一次遇到进不去的游戏,不推荐,3.8,5,14,第一次遇到进不去的游戏,优化,负面
3442,3442,2026-02-27,RE引擎都他妈做这么多部游戏了，首发能出现进不去游戏的情况，操你妈卡普空,不推荐,10.8,2,61,RE引擎都他妈做这么多部游戏了 首发能出现进不去游戏的情况 操你妈卡普空,优化,负面
3443,3443,2026-02-27,懒狗卡普空不适配ds5，♥♥♥,不推荐,14.1,43,102,懒狗卡普空不适配ds5,优化,负面
3444,3444,2026-02-27,"多来点杀僵技是对的...
使用ds手柄的玩家请注意，本作在steam上显示的ds手柄完全适配为虚假宣传，无自适应扳机，震动匮乏且震感死板，建议更换ps版本",推荐,0.9,9,118,多来点杀僵技是对的 使用ds手柄的玩家请注意 本作在steam上显示的ds手柄完全适配为虚假宣传 无自适应扳机 震动匮乏且震感死板 建议更换ps版本,玩法,正面
3445,3445,2026-02-27,操你妈卡普空 首发不适配ds手柄要几把干嘛,不推荐,12.1,44,203,操你妈卡普空 首发不适配ds手柄要几把干嘛,优化,负面
3446,3446,2026-02-27,无需多言,推荐,13.2,46,55,无需多言,其他,正面
3447,3447,2026-02-27,第一人称格蕾丝这玩法真不错，女主一叫给我尿吓出来几滴,推荐,7.0,42,51,第一人称格蕾丝这玩法真不错 女主一叫给我尿吓出来几滴,玩法,正面
3448,3448,2026-02-27,不是显示原生支持DualSense 手柄吗？ 进游戏却不能用 ？   赶紧修复,不推荐,7.7,21,130,不是显示原生支持DualSense 手柄吗 进游戏却不能用 赶紧修复,优化,负面
3449,3449,2026-02-27,一点自动调整图形设置就崩溃（测试是调帧生成导致的，nv太坏了）,不推荐,10.4,19,178,一点自动调整图形设置就崩溃 测试是调帧生成导致的 nv太坏了,优化,负面
3450,3450,2026-02-27,开场动画就是各种模型丢失，气笑了,不推荐,0.1,10,69,开场动画就是各种模型丢失 气笑了,优化,负面
3451,3451,2026-02-27,格蕾丝部分太有生化7的味道了，画面也非常精细，优化不错,推荐,1.5,24,183,格蕾丝部分太有生化7的味道了 画面也非常精细 优化不错,画面,正面
3452,3452,2026-02-27,"An unhandled exception occurred.
re9.exe!0*140000000+0*9e7eabe
re9.exe!0*140000000+0*9e7e2fd",不推荐,2.5,34,93,An unhandled exception occurred re9 exe 0 140000000 0 9e7eabe re9 exe 0 140000000 0 9e7e2fd,优化,负面
3453,3453,2026-02-27,打都打不开一直报错什么鬼卡普空？？,不推荐,11.5,17,176,打都打不开一直报错什么鬼卡普空,优化,负面
3454,3454,2026-02-27,依旧没有给ds做适配 真是有点幽默了,不推荐,6.2,5,164,依旧没有给ds做适配 真是有点幽默了,优化,负面
3455,3455,2026-02-27,胆子小玩这个真的很折磨，不过真的太好玩了,推荐,6.0,2,161,胆子小玩这个真的很折磨 不过真的太好玩了,玩法,正面
3456,3456,2026-02-27,服装为什么不是短裙，退款重买非豪华，不过滤镜挺好看的,推荐,10.6,35,94,服装为什么不是短裙 退款重买非豪华 不过滤镜挺好看的,其他,正面
3457,3457,2026-02-27,"老报错啊!!   An unhandled exception occurred.
                   re9,exe!0x140000000 + 0x9e7eabe
                   re9.exe!0x140000000 + 0x9e7e2fd
                   SogouPY.ime!0x7ffa34220000 + 0x30cc90",不推荐,8.2,48,207,老报错啊 An unhandled exception occurred re9 exe 0x140000000 0x9e7eabe re9 exe 0x140000000 0x9e7e2fd SogouPY ime 0x7ffa34220000 0x30cc90,优化,负面
3458,3458,2026-02-27,尽管优化有问题，但是里昂这一脚已经值回票价了,推荐,4.2,25,34,尽管优化有问题 但是里昂这一脚已经值回票价了,情怀,正面
3459,3459,2026-02-27,第一,推荐,9.2,24,133,第一,其他,正面
3460,3460,2026-02-27,就凭主机狗偷跑一堆，游戏发售前一周结局都出来了，加上首发糟糕的优化，你还想要好评？,不推荐,1.1,44,103,就凭主机狗偷跑一堆 游戏发售前一周结局都出来了 加上首发糟糕的优化 你还想要好评,优化,负面
3461,3461,2026-02-27,好,推荐,11.5,18,77,好,其他,正面
3462,3462,2026-02-27,"原来是个莫名其妙的男人啊，不知道的还以为是1998年生化危机2以新人警察身份出场，在浣熊市遭遇丧尸危机，与女学生克莱尔搭档救出雪莉柏肯，并通过艾达王协助，击败暴君和G病毒感染体威廉柏肯，一路过关斩将终于逃出浣熊市。然后为了保护雪莉柏肯自愿和美国政府达成协议，经过地狱一般的培训成为顶尖特工，然后经历一系列任务，在2005年的生化危机4里为了调查总统女儿失踪案来到西班牙，发现其中有巨大阴谋，在艾达王以及路易斯的协助下，清除自己及总统女儿的寄生虫，并破坏阴谋救出总统女儿在政府内部名声大噪，期间在电影生化危机诅咒和恶化里多次对抗生化，并被下一任总统亚当重用，志同意合决定揭露浣熊市真相，但总统被以首席国家安全顾问西蒙斯为首的神秘家族刺杀，并诬陷自己为凶手，而老朋友艾达似乎也遭遇了问题，最终不断的逃亡和调查终于击败西蒙斯并证明一身清白。然后因为其形象在游戏界深受欢迎，2009年，任天堂力量将他列为他们第14位最喜爱的任天堂游戏英雄。在2011年的吉尼斯世界纪录玩家版中，被投票成为最佳电子游戏人物的第36位。2012年，在GamesRadar的电子游戏中“最有影响力和最无法无天”的英雄投票中，位列第11位。在《帝国杂志》的50大电子游戏人物名单中，排名第44位里昂.斯科特.肯尼迪呢。差点误会了。
",推荐,8.7,35,194,原来是个莫名其妙的男人啊 不知道的还以为是1998年生化危机2以新人警察身份出场 在浣熊市遭遇丧尸危机 与女学生克莱尔搭档救出雪莉柏肯 并通过艾达王协助 击败暴君和G病毒感染体威廉柏肯 一路过关斩将终于逃出浣熊市 然后为了保护雪莉柏肯自愿和美国政府达成协议 经过地狱一般的培训成为顶尖特工 然后经历一系列任务 在2005年的生化危机4里为了调查总统女儿失踪案来到西班牙 发现其中有巨大阴谋 在艾达王以及路易斯的协助下 清除自己及总统女儿的寄生虫 并破坏阴谋救出总统女儿在政府内部名声大噪 期间在电影生化危机诅咒和恶化里多次对抗生化 并被下一任总统亚当重用 志同意合决定揭露浣熊市真相 但总统被以首席国家安全顾问西蒙斯为首的神秘家族刺杀 并诬陷自己为凶手 而老朋友艾达似乎也遭遇了问题 最终不断的逃亡和调查终于击败西蒙斯并证明一身清白 然后因为其形象在游戏界深受欢迎 2009年 任天堂力量将他列为他们第14位最喜爱的任天堂游戏英雄 在2011年的吉尼斯世界纪录玩家版中 被投票成为最佳电子游戏人物的第36位 2012年 在GamesRadar的电子游戏中 最有影响力和最无法无天 的英雄投票中 位列第11位 在 帝国杂志 的50大电子游戏人物名单中 排名第44位里昂 斯科特 肯尼迪呢 差点误会了,剧情,正面
3463,3463,2026-02-27,"卡普空。我RNM,本来pc就上线迟，你现在又搞这一处，RNM退钱",不推荐,2.1,23,182,卡普空 我RNM 本来pc就上线迟 你现在又搞这一处 RNM退钱,价格,负面
3464,3464,2026-02-27,画面效果不错灵活可切换的视角好评,推荐,10.3,49,108,画面效果不错灵活可切换的视角好评,画面,正面
3465,3465,2026-02-27,"操你妈卡普空，首发直接这样端上来的？
—————————————————————
折腾一个小时莫名其妙的又启动成功了，打完再具体评，但还是频繁报错闪退",不推荐,8.8,24,83,操你妈卡普空 首发直接这样端上来的 折腾一个小时莫名其妙的又启动成功了 打完再具体评 但还是频繁报错闪退,优化,负面
3466,3466,2026-02-27,我人没被吓到，这女主倒是一惊一乍的给我吓着了，就这点胆子就别当FBI了，我真草了,不推荐,2.7,46,155,我人没被吓到 这女主倒是一惊一乍的给我吓着了 就这点胆子就别当FBI了 我真草了,音效,负面
3467,3467,2026-02-27,不能和格蕾丝做爱,不推荐,13.8,20,179,不能和格蕾丝做爱,其他,负面
3468,3468,2026-02-27,游戏都进不去，卡普空吃矢去吧,不推荐,9.4,38,47,游戏都进不去 卡普空吃矢去吧,优化,负面
3469,3469,2026-02-27,如果你发现开关dlss相关选项会导致卡死，请关闭你的直播/录制软件，调整完选项后再开软件（例如哔哩哔哩直播姬）。我怀疑叔叔和卡普空闹矛盾了,不推荐,6.7,31,190,如果你发现开关dlss相关选项会导致卡死 请关闭你的直播 录制软件 调整完选项后再开软件 例如哔哩哔哩直播姬 我怀疑叔叔和卡普空闹矛盾了,优化,负面
3470,3470,2026-02-27,实则是鬼泣9,推荐,2.5,44,103,实则是鬼泣9,其他,正面
3471,3471,2026-02-27,苦等了1天才能玩上，这坨我也是非要吃。,不推荐,15.9,35,144,苦等了1天才能玩上 这坨我也是非要吃,优化,负面
3472,3472,2026-02-27,卡普空的毛发、火焰效果做的是真的好，期待后面的剧情体验！,推荐,3.5,33,192,卡普空的毛发 火焰效果做的是真的好 期待后面的剧情体验,画面,正面
3473,3473,2026-02-27,这作声音系统跟动作都是一流,推荐,9.9,7,66,这作声音系统跟动作都是一流,音效,正面
3474,3474,2026-02-27,先赞一个，晚上玩玩看,推荐,1.9,36,195,先赞一个 晚上玩玩看,其他,正面
3475,3475,2026-02-27,先挂个差评，司马卡普空又阉割DS手柄PC适配，打枪的游戏没自适应扳机能玩？这tm真不能惯着,不推荐,5.9,30,39,先挂个差评 司马卡普空又阉割DS手柄PC适配 打枪的游戏没自适应扳机能玩 这tm真不能惯着,优化,负面
3476,3476,2026-02-27,"格蕾丝嗷嗷叫把我吓完了，我比她还害怕。
其实本来很害怕的，但是格蕾丝叫那么惨，我在心里就给她打打气，我就不害怕了。",推荐,8.3,36,45,格蕾丝嗷嗷叫把我吓完了 我比她还害怕 其实本来很害怕的 但是格蕾丝叫那么惨 我在心里就给她打打气 我就不害怕了,音效,正面
3477,3477,2026-02-27,添加16:10的分辨率就那么难吗？,不推荐,9.7,33,192,添加16 10的分辨率就那么难吗,优化,负面
3478,3478,2026-02-27,"怎么玩不了2k？
",不推荐,7.8,1,10,怎么玩不了2k,其他,负面
3479,3479,2026-02-27,操你妈卡普空 首发不适配ds手柄要几把干嘛,不推荐,0.4,33,142,操你妈卡普空 首发不适配ds手柄要几把干嘛,优化,负面
3480,3480,2026-02-27,卡普空nb,推荐,5.0,13,122,卡普空nb,情怀,正面
3481,3481,2026-02-27,好玩 有里昂就是好玩,推荐,7.9,16,75,好玩 有里昂就是好玩,情怀,正面
3482,3482,2026-02-27,第一次见到刚发售就进不去的游戏,不推荐,12.7,11,70,第一次见到刚发售就进不去的游戏,优化,负面
3483,3483,2026-02-27,你爹地我啊，刚进去没多久就错误报告，我玩你妈！,不推荐,2.0,4,13,你爹地我啊 刚进去没多久就错误报告 我玩你妈,优化,负面
3484,3484,2026-02-27,"欢迎来到浣熊市！
里昂

welcome to the Raccoon city
rookie",推荐,7.3,35,44,欢迎来到浣熊市 里昂 welcome to the Raccoon city rookie,情怀,正面
3485,3485,2026-02-27,"等了三个月终于等到，应该不会让我们失望吧
确实没失望，但我被抱子头突脸导致一个小时的存档灰飞这件事怎么算",推荐,13.2,47,56,等了三个月终于等到 应该不会让我们失望吧 确实没失望 但我被抱子头突脸导致一个小时的存档灰飞这件事怎么算,优化,正面
3486,3486,2026-02-27,弱智东西一直闪退,不推荐,8.8,19,78,弱智东西一直闪退,优化,负面
3487,3487,2026-02-27,三光又来了，赞,推荐,1.1,50,59,三光又来了 赞,情怀,正面
3488,3488,2026-02-27,恐怖与战斗双向进行，比生化4重制更完善的动作，好！代代有进步,推荐,3.8,11,120,恐怖与战斗双向进行 比生化4重制更完善的动作 好 代代有进步,玩法,正面
3489,3489,2026-02-27,运行崩溃，打不开,不推荐,4.4,50,59,运行崩溃 打不开,优化,负面
3490,3490,2026-02-27,"很难想象这个系列已经30年了？

日本真的是个伟大的国家，其游戏业这么多年一直屹立在世界之巅与其开放的文化所激发的出的蓬勃的创作力是分不开的，与之类似的还有台湾这个国家。 

有趣的是，不论日本还是台湾，其文化都源自于中国文化，而经过发展，现在都可以把中国文化按在地下摩擦。 

与崇尚民主自由的台湾和日本这两个国家不同，现在的中国是毒菜体制，基本上已经无法孕育出好的艺术作品（做游戏基本都靠抄魂类），这就是所谓的体制劣势。 

随着中国的经济每况愈下，中国能出好作品怕只是最中幻想了吧。 

另外：某些一边天天高强度“反日”，嘴上像是随时要把东京湾填平；
另一边 Steam / PSN / NS 商店里，手速堪比抢春运票：
“骂归骂，别耽误我买豪华版 + 季票 + 皮肤包。”
这就叫——精神上抵制，肉体上投诚，主打一个“嘴硬但钱包更诚实”。",推荐,6.3,2,111,很难想象这个系列已经30年了 日本真的是个伟大的国家 其游戏业这么多年一直屹立在世界之巅与其开放的文化所激发的出的蓬勃的创作力是分不开的 与之类似的还有台湾这个国家 有趣的是 不论日本还是台湾 其文化都源自于中国文化 而经过发展 现在都可以把中国文化按在地下摩擦 与崇尚民主自由的台湾和日本这两个国家不同 现在的中国是毒菜体制 基本上已经无法孕育出好的艺术作品 做游戏基本都靠抄魂类 这就是所谓的体制劣势 随着中国的经济每况愈下 中国能出好作品怕只是最中幻想了吧 另外 某些一边天天高强度 反日 嘴上像是随时要把东京湾填平 另一边 Steam PSN NS 商店里 手速堪比抢春运票 骂归骂 别耽误我买豪华版 季票 皮肤包 这就叫 精神上抵制 肉体上投诚 主打一个 嘴硬但钱包更诚实,其他,正面
3491,3491,2026-02-27,好玩,推荐,14.9,35,144,好玩,玩法,正面
3492,3492,2026-02-27,"An unhandled exception occurred.
re9.exe!0*140000000+0*9e7eabe
re9.exe!0*140000000+0*9e7e2fd

更新：退出steam，去steam文件夹（是steam安装的文件夹，不是游戏的文件夹）找到一个hid.dll文件删除，登录重进可以进游戏 不知道原理 卡普空依旧死冯了",不推荐,14.8,6,115,An unhandled exception occurred re9 exe 0 140000000 0 9e7eabe re9 exe 0 140000000 0 9e7e2fd 更新 退出steam 去steam文件夹 是steam安装的文件夹 不是游戏的文件夹 找到一个hid dll文件删除 登录重进可以进游戏 不知道原理 卡普空依旧死冯了,优化,负面
3493,3493,2026-02-27,垃圾游戏，过完开场动画就闪退！I9加4080S都这样，这样就发售了？,不推荐,2.9,4,163,垃圾游戏 过完开场动画就闪退 I9加4080S都这样 这样就发售了,优化,负面
3494,3494,2026-02-27,为什么不兼容win10为什么不兼容win10为什么不兼容win10为什么不兼容win10为什么不兼容win10为什么不兼容win10为什么不兼容win10为什么不兼容win10为什么不兼容win10为什么不兼容win10为什么不兼容win10为什么不兼容win10为什么不兼容win10为什么不兼容win10为什么不兼容win10为什么不兼容win10为什么不兼容win10为什么不兼容win10为什么不兼容win10为什么不兼容win10为什么不兼容win10为什么不兼容win10为什么不兼容win10为什么不兼容win10为什么不兼容win10为什么不兼容win10为什么不兼容win10为什么不兼容win10为什么不兼容win10为什么不兼容win10为什么不兼容win10为什么不兼容win10为什么不兼容win10为什么不兼容win10为什么不兼容win10为什么不兼容win10为什么不兼容win10为什么不兼容win10为什么不兼容win10为什么不兼容win10,推荐,12.3,19,78,为什么不兼容win10为什么不兼容win10为什么不兼容win10为什么不兼容win10为什么不兼容win10为什么不兼容win10为什么不兼容win10为什么不兼容win10为什么不兼容win10为什么不兼容win10为什么不兼容win10为什么不兼容win10为什么不兼容win10为什么不兼容win10为什么不兼容win10为什么不兼容win10为什么不兼容win10为什么不兼容win10为什么不兼容win10为什么不兼容win10为什么不兼容win10为什么不兼容win10为什么不兼容win10为什么不兼容win10为什么不兼容win10为什么不兼容win10为什么不兼容win10为什么不兼容win10为什么不兼容win10为什么不兼容win10为什么不兼容win10为什么不兼容win10为什么不兼容win10为什么不兼容win10为什么不兼容win10为什么不兼容win10为什么不兼容win10为什么不兼容win10为什么不兼容win10为什么不兼容win10,优化,正面
3495,3495,2026-02-27,有里昂在的生化危机，那就是好的生化危机,推荐,2.0,8,67,有里昂在的生化危机 那就是好的生化危机,情怀,正面
3496,3496,2026-02-27,老霸道了,推荐,8.5,50,109,老霸道了,其他,正面
3497,3497,2026-02-27,"RESIDENT EVIL requiem - Crash
An unhandled exception occurred.
re9.exe!0x140000000 + 0x9e7eabe
re9,exe!0x140000000 + 0x9e7e2fd
 游戏都进不去  更新了什么玩意  amd9700x 9070xt硬件",不推荐,16.1,9,168,RESIDENT EVIL requiem Crash An unhandled exception occurred re9 exe 0x140000000 0x9e7eabe re9 exe 0x140000000 0x9e7e2fd 游戏都进不去 更新了什么玩意 amd9700x 9070xt硬件,优化,负面
3498,3498,2026-02-27,"作为生化老粉，还是里昂的头号粉丝，我只想说：

里昂我爱你！！！！！！！！！！！！！！！！！！！",推荐,8.5,23,82,作为生化老粉 还是里昂的头号粉丝 我只想说 里昂我爱你,情怀,正面
3499,3499,2026-02-27,逆天 进不去,推荐,16.2,4,63,逆天 进不去,优化,正面
3500,3500,2026-02-27,[h1] 浣熊市最严厉的父亲[spoiler] 最命硬的儿子 [/spoiler]回家了 [/h1],推荐,10.4,2,61,h1 浣熊市最严厉的父亲 spoiler 最命硬的儿子 spoiler 回家了 h1,剧情,正面
3501,3501,2026-02-27,ds手柄不能用，没修好之前不会改好评,不推荐,6.1,32,91,ds手柄不能用 没修好之前不会改好评,优化,负面
3502,3502,2026-02-27,"this time,it has to be different........",推荐,5.5,31,90,this time it has to be different,其他,正面
3503,3503,2026-02-27,游戏都进不去尼玛个B的，真是恶心死我，买的CKD退都退不了，老子还是上夜班，结果游戏没玩到还浪费我这么多时间，🐶B卡普空,不推荐,2.4,22,131,游戏都进不去尼玛个B的 真是恶心死我 买的CKD退都退不了 老子还是上夜班 结果游戏没玩到还浪费我这么多时间 B卡普空,优化,负面
3504,3504,2026-02-27,11,推荐,4.9,8,167,11,其他,正面
3505,3505,2026-02-27,热乎的！,推荐,18.4,10,69,热乎的,其他,正面
3506,3506,2026-02-27,"[h1] 依据那个味道！氛围拉满~[/h1]
作为老粉，一开局就找回内味儿了，压迫感直接拉满，没有多余的引导废话，全靠自己慢慢摸索。
玩女主必须第一人称把氛围拉满，弥补一下没玩过生化78的遗憾！
画面依旧capcom古早味，但是最重要的还是氛围和玩法！
优化中规中矩吧，不知道能不能和4代和7代媲美。",推荐,3.4,11,120,h1 依据那个味道 氛围拉满 h1 作为老粉 一开局就找回内味儿了 压迫感直接拉满 没有多余的引导废话 全靠自己慢慢摸索 玩女主必须第一人称把氛围拉满 弥补一下没玩过生化78的遗憾 画面依旧capcom古早味 但是最重要的还是氛围和玩法 优化中规中矩吧 不知道能不能和4代和7代媲美,情怀,正面
3507,3507,2026-02-27,Good,推荐,12.8,24,183,Good,其他,正面
3508,3508,2026-02-27,保时捷2026年度最佳广告,推荐,3.6,5,64,保时捷2026年度最佳广告,其他,正面
3509,3509,2026-02-27,我不管   有三光就是超级好评给上,推荐,12.6,8,17,我不管 有三光就是超级好评给上,情怀,正面
3510,3510,2026-02-27,Support simplified Chinese support you,推荐,0.9,33,92,Support simplified Chinese support you,其他,正面
3511,3511,2026-02-27,B.O.W最严厉的父亲,推荐,2.8,37,146,B O W最严厉的父亲,剧情,正面
3512,3512,2026-02-27,里昂最帅,推荐,12.9,25,34,里昂最帅,情怀,正面
